ts,open,close,session
1697788800,41.827,42.057,pre
1697792400,42.065,41.95,pre
1697796000,41.963,41.953,pre
1697799600,41.963,42.05,pre
1697803200,42.05,41.81,pre
1697806800,41.809,41.694,pre
1697808600,41.89,41.883,regular
1697812200,41.876,41.216,regular
1697815800,41.22,41.2155,regular
1697819400,41.221,41.713,regular
1697823000,41.72,41.4975,regular
1697826600,41.494,41.495,regular
1697830200,41.493,41.374,regular
1697832000,41.377,41.2455,post
1697835600,41.251,41.179,post
1697839200,41.175,41.251,post
1697842800,41.25,41.2,post
1698048000,41.21,41.34,pre
1698051600,41.34,41.094,pre
1698055200,41.094,40.864,pre
1698058800,40.86,40.957,pre
1698062400,40.988,41.18,pre
1698066000,41.176,41.285,pre
1698067800,41.4,42.359,regular
1698071400,42.348,42.5655,regular
1698075000,42.566,42.828,regular
1698078600,42.827,42.791,regular
1698082200,42.786,42.8615,regular
1698085800,42.863,42.918,regular
1698089400,42.915,42.979,regular
1698091200,42.975,43.214,post
1698094800,43.2,43.135,post
1698098400,43.137,43.12,post
1698102000,43.13,43.271,post
1698134400,43.317,43.455,pre
1698138000,43.45,43.514,pre
1698141600,43.512,43.6,pre
1698145200,43.601,43.79,pre
1698148800,43.788,43.62,pre
1698152400,43.627,43.254,pre
1698154200,43.077,43.0127,regular
1698157800,43.01,43.034,regular
1698161400,43.021,42.914,regular
1698165000,42.912,43.111,regular
1698168600,43.114,43.226,regular
1698172200,43.228,43.546,regular
1698175800,43.554,43.663,regular
1698177600,43.663,43.599,post
1698181200,43.586,43.589,post
1698184800,43.615,43.65,post
1698188400,43.653,43.69,post
1698220800,43.388,43.444,pre
1698224400,43.445,43.44,pre
1698228000,43.436,43.474,pre
1698231600,43.477,43.531,pre
1698235200,43.531,43.38,pre
1698238800,43.373,43.3095,pre
1698240600,43.398,43.3465,regular
1698244200,43.352,42.909,regular
1698247800,42.899,42.5308,regular
1698251400,42.53,42.0248,regular
1698255000,42.017,41.998,regular
1698258600,41.99,41.855,regular
1698262200,41.856,41.761,regular
1698264000,41.761,41.355,post
1698267600,41.355,41.18,post
1698271200,41.21,40.99,post
1698274800,40.995,40.99,post
1698307200,40.877,41.04,pre
1698310800,41.039,41.12,pre
1698314400,41.12,41.168,pre
1698318000,41.168,40.929,pre
1698321600,40.951,41.02,pre
1698325200,41.0325,41.644,pre
1698327000,41.853,41.017,regular
1698330600,41.0255,40.413,regular
1698334200,40.4215,40.243,regular
1698337800,40.2395,40.082,regular
1698341400,40.083,40.568,regular
1698345000,40.5605,40.737,regular
1698348600,40.729,40.2745,regular
1698350400,40.265,40.2,post
1698354000,40.15,40.401,post
1698357600,40.403,40.71,post
1698361200,40.71,40.91,post
1698393600,41.0,40.894,pre
1698397200,40.89,40.966,pre
1698400800,40.98,41.061,pre
1698404400,41.055,40.857,pre
1698408000,40.857,40.912,pre
1698411600,40.911,40.985,pre
1698413400,41.13,40.716,regular
1698417000,40.719,40.9575,regular
1698420600,40.967,40.768,regular
1698424200,40.772,40.493,regular
1698427800,40.489,40.12,regular
1698431400,40.1259,40.356,regular
1698435000,40.364,40.505,regular
1698436800,40.5025,40.468,post
1698440400,40.473,40.595,post
1698444000,40.594,40.601,post
1698447600,40.617,40.56,post
1698652800,40.712,40.98,pre
1698656400,40.98,41.09,pre
1698660000,41.099,40.992,pre
1698663600,40.994,40.972,pre
1698667200,40.973,40.9445,pre
1698670800,40.94,40.827,pre
1698672600,41.087,40.953,regular
1698676200,40.942,40.734,regular
1698679800,40.74,40.7,regular
1698683400,40.6949,40.861,regular
1698687000,40.87,41.094,regular
1698690600,41.0935,41.36,regular
1698694200,41.362,41.159,regular
1698696000,41.161,41.01,post
1698699600,41.005,41.0,post
1698703200,41.01,40.9615,post
1698706800,40.973,41.0025,post
1698739200,40.6,40.816,pre
1698742800,40.799,40.813,pre
1698746400,40.82,40.929,pre
1698750000,40.929,41.05,pre
1698753600,41.05,40.8,pre
1698757200,40.8,40.5285,pre
1698759000,40.45,39.8869,regular
1698762600,39.887,40.145,regular
1698766200,40.149,40.1855,regular
1698769800,40.19,40.245,regular
1698773400,40.255,40.42,regular
1698777000,40.417,40.798,regular
1698780600,40.799,40.782,regular
1698782400,40.771,40.4948,post
1698786000,40.48,40.67,post
1698789600,40.645,40.538,post
1698793200,40.527,40.51,post
1698825600,40.639,40.51,pre
1698829200,40.491,40.46,pre
1698832800,40.45,40.458,pre
1698836400,40.458,40.489,pre
1698840000,40.49,40.557,pre
1698843600,40.571,40.67,pre
1698845400,40.884,41.6,regular
1698849000,41.6,41.812,regular
1698852600,41.808,41.714,regular
1698856200,41.713,41.657,regular
1698859800,41.649,41.6875,regular
1698863400,41.686,42.161,regular
1698867000,42.1635,42.31,regular
1698868800,42.325,42.66,post
1698872400,42.673,42.717,post
1698876000,42.701,42.735,post
1698879600,42.735,42.973,post
1698912000,43.0,43.262,pre
1698915600,43.26,43.287,pre
1698919200,43.287,43.135,pre
1698922800,43.13,43.088,pre
1698926400,43.089,43.176,pre
1698930000,43.186,43.426,pre
1698931800,43.328,43.424,regular
1698935400,43.428,43.206,regular
1698939000,43.207,43.15,regular
1698942600,43.157,43.28,regular
1698946200,43.288,43.461,regular
1698949800,43.4585,43.7026,regular
1698953400,43.699,43.511,regular
1698955200,43.512,43.495,post
1698958800,43.484,43.2,post
1698962400,43.217,43.26,post
1698966000,43.28,43.255,post
1698998400,43.3,43.339,pre
1699002000,43.311,43.265,pre
1699005600,43.28,43.344,pre
1699009200,43.344,43.38,pre
1699012800,43.388,43.555,pre
1699016400,43.574,44.047,pre
1699018200,44.02,43.974,regular
1699021800,43.969,44.4698,regular
1699025400,44.478,44.765,regular
1699029000,44.7645,44.737,regular
1699032600,44.742,45.143,regular
1699036200,45.137,45.096,regular
1699039800,45.094,45.004,regular
1699041600,45.004,45.002,post
1699045200,45.0025,45.03,post
1699048800,45.029,45.017,post
1699052400,45.02,45.08,post
1699261200,45.162,45.395,pre
1699264800,45.384,45.53,pre
1699268400,45.532,45.478,pre
1699272000,45.48,45.62,pre
1699275600,45.62,45.412,pre
1699279200,45.409,45.298,pre
1699281000,45.2845,45.5,regular
1699284600,45.501,45.655,regular
1699288200,45.658,45.3484,regular
1699291800,45.342,44.998,regular
1699295400,45.006,45.375,regular
1699299000,45.373,45.675,regular
1699302600,45.68,45.7557,regular
1699304400,45.759,45.688,post
1699308000,45.685,45.648,post
1699311600,45.648,45.608,post
1699347600,45.62,45.47,pre
1699351200,45.47,45.463,pre
1699354800,45.464,45.422,pre
1699358400,45.403,45.471,pre
1699362000,45.478,45.58,pre
1699365600,45.583,45.647,pre
1699367400,45.719,45.782,regular
1699371000,45.776,46.074,regular
1699374600,46.079,45.8675,regular
1699378200,45.8657,46.02,regular
1699381800,46.02,46.146,regular
1699385400,46.15,46.051,regular
1699389000,46.053,45.954,regular
1699390800,45.955,45.92,post
1699394400,45.923,45.916,post
1699398000,45.917,46.0155,post
1699434000,45.99,45.895,pre
1699437600,45.875,46.064,pre
1699441200,46.064,46.105,pre
1699444800,46.105,46.071,pre
1699448400,46.085,46.08,pre
1699452000,46.09,46.12,pre
1699453800,46.1,46.187,regular
1699457400,46.187,46.3755,regular
1699461000,46.3727,46.323,regular
1699464600,46.311,46.6945,regular
1699468200,46.6962,46.8076,regular
1699471800,46.806,46.6277,regular
1699475400,46.626,46.583,regular
1699477200,46.578,46.56,post
1699480800,45.955,46.575,post
1699484400,46.575,46.504,post
1699520400,46.612,46.898,pre
1699524000,46.88,46.988,pre
1699527600,46.953,46.641,pre
1699531200,46.621,46.79,pre
1699534800,46.796,47.33,pre
1699538400,47.316,47.445,pre
1699540200,47.467,47.58,regular
1699543800,47.58,47.81,regular
1699547400,47.8065,47.865,regular
1699551000,47.862,47.927,regular
1699554600,47.927,47.35,regular
1699558200,47.34,46.987,regular
1699561800,46.997,46.9555,regular
1699563600,46.953,46.9205,post
1699567200,46.927,46.808,post
1699570800,46.808,46.875,post
1699606800,46.962,46.82,pre
1699610400,46.814,46.589,pre
1699614000,46.589,46.69,pre
1699617600,46.696,46.939,pre
1699621200,46.937,47.3582,pre
1699624800,47.356,47.45,pre
1699626600,47.5,47.496,regular
1699630200,47.496,47.7985,regular
1699633800,47.7948,47.941,regular
1699637400,47.9461,48.1135,regular
1699641000,48.1135,48.2835,regular
1699644600,48.283,48.3215,regular
1699648200,48.3135,48.34,regular
1699650000,48.34,48.44,post
1699653600,48.44,48.325,post
1699657200,48.325,48.4,post
1699866000,48.162,48.22,pre
1699869600,48.226,48.409,pre
1699873200,48.414,48.54,pre
1699876800,48.53,48.65,pre
1699880400,48.65,48.694,pre
1699884000,48.693,48.397,pre
1699885800,48.32,48.891,regular
1699889400,48.889,48.89,regular
1699893000,48.89,48.812,regular
1699896600,48.8035,48.722,regular
1699900200,48.723,49.03,regular
1699903800,49.036,49.057,regular
1699907400,49.056,48.618,regular
1699909200,48.61,48.677,post
1699912800,48.679,48.655,post
1699916400,48.659,48.72,post
1699952400,48.812,48.98,pre
1699956000,48.992,49.01,pre
1699959600,49.02,48.955,pre
1699963200,48.965,48.933,pre
1699966800,48.919,48.954,pre
1699970400,48.957,49.762,pre
1699972200,49.522,49.4192,regular
1699975800,49.4175,49.596,regular
1699979400,49.602,49.489,regular
1699983000,49.4937,49.5625,regular
1699986600,49.567,49.5754,regular
1699990200,49.5783,49.7235,regular
1699993800,49.724,49.654,regular
1699995600,49.655,49.7,post
1699999200,49.7,49.791,post
1700002800,49.791,49.865,post
1700038800,50.0,49.949,pre
1700042400,49.949,49.971,pre
1700046000,49.971,49.995,pre
1700049600,49.989,50.094,pre
1700053200,50.092,50.133,pre
1700056800,50.131,49.8879,pre
1700058600,49.935,49.221,regular
1700062200,49.231,49.301,regular
1700065800,49.309,48.695,regular
1700069400,48.69,48.596,regular
1700073000,48.596,48.8762,regular
1700076600,48.883,48.7185,regular
1700080200,48.723,48.909,regular
1700082000,48.911,48.67,post
1700085600,48.6621,48.6925,post
1700089200,48.7,48.7345,post
1700125200,48.89,48.65,pre
1700128800,48.631,48.531,pre
1700132400,48.521,48.537,pre
1700136000,48.54,48.32,pre
1700139600,48.32,48.433,pre
1700143200,48.45,48.56,pre
1700145000,48.8204,48.9604,regular
1700148600,48.9595,48.716,regular
1700152200,48.721,49.1745,regular
1700155800,49.176,49.177,regular
1700159400,49.177,49.087,regular
1700163000,49.0865,49.2319,regular
1700166600,49.239,49.488,regular
1700168400,49.488,49.61,post
1700172000,49.606,49.5895,post
1700175600,49.599,49.597,post
1700211600,49.595,49.607,pre
1700215200,49.599,49.76,pre
1700218800,49.756,49.638,pre
1700222400,49.626,49.622,pre
1700226000,49.631,49.648,pre
1700229600,49.648,49.443,pre
1700231400,49.524,49.34,regular
1700235000,49.338,49.3192,regular
1700238600,49.3235,49.284,regular
1700242200,49.284,49.533,regular
1700245800,49.535,49.4812,regular
1700249400,49.477,49.4075,regular
1700253000,49.4084,49.298,regular
1700254800,49.297,49.273,post
1700258400,49.272,49.283,post
1700262000,49.283,49.303,post
1700470800,49.23,49.687,pre
1700474400,49.663,49.546,pre
1700478000,49.554,49.537,pre
1700481600,49.55,49.64,pre
1700485200,49.625,49.65,pre
1700488800,49.65,49.52,pre
1700490600,49.312,49.7667,regular
1700494200,49.777,49.696,regular
1700497800,49.7,49.8302,regular
1700501400,49.829,49.8785,regular
1700505000,49.8789,50.424,regular
1700508600,50.4214,50.3972,regular
1700512200,50.4,50.409,regular
1700514000,50.409,50.49,post
1700517600,50.4915,50.47,post
1700521200,50.463,50.502,post
1700557200,50.59,50.57,pre
1700560800,50.578,50.581,pre
1700564400,50.571,50.53,pre
1700568000,50.53,50.388,pre
1700571600,50.39,50.242,pre
1700575200,50.236,50.09,pre
1700577000,50.126,49.285,regular
1700580600,49.284,49.719,regular
1700584200,49.7165,49.652,regular
1700587800,49.6551,49.701,regular
1700591400,49.697,50.0535,regular
1700595000,50.057,50.023,regular
1700598600,50.024,49.9895,regular
1700600400,49.944,49.45,post
1700604000,49.45,49.37,post
1700607600,49.36,49.19,post
1700643600,49.002,49.46,pre
1700647200,49.456,49.597,pre
1700650800,49.599,50.479,pre
1700654400,50.473,50.366,pre
1700658000,50.366,50.17,pre
1700661600,50.17,49.918,pre
1700663400,49.669,48.219,regular
1700667000,48.229,48.249,regular
1700670600,48.25,48.868,regular
1700674200,48.8704,49.1907,regular
1700677800,49.195,49.206,regular
1700681400,49.2135,48.789,regular
1700685000,48.79,48.7065,regular
1700686800,48.703,48.58,post
1700690400,48.572,48.561,post
1700694000,48.561,48.544,post
1700816400,48.002,48.435,pre
1700820000,48.435,47.64,pre
1700823600,47.635,47.745,pre
1700827200,47.756,47.916,pre
1700830800,47.912,48.215,pre
1700834400,48.215,48.3,pre
1700836200,48.47,48.0285,regular
1700839800,48.0338,48.161,regular
1700843400,48.163,48.0,regular
1700848800,48.0,47.75,regular
1700852400,47.7485,47.77,regular
1700856000,47.775,47.775,regular
1700859600,47.775,47.776,post
1701075600,47.402,47.526,pre
1701079200,47.529,47.64,pre
1701082800,47.64,47.655,pre
1701086400,47.648,47.792,pre
1701090000,47.793,47.95,pre
1701093600,47.949,47.666,pre
1701095400,47.8,48.184,regular
1701099000,48.176,47.98,regular
1701102600,47.974,48.125,regular
1701106200,48.127,48.405,regular
1701109800,48.4,48.37,regular
1701113400,48.374,48.359,regular
1701117000,48.357,48.234,regular
1701118800,48.236,48.19,post
1701122400,48.19,48.211,post
1701126000,48.211,48.187,post
1701162000,48.232,48.159,pre
1701165600,48.183,48.213,pre
1701169200,48.213,48.292,pre
1701172800,48.29,48.301,pre
1701176400,48.302,48.233,pre
1701180000,48.23,48.25,pre
1701181800,48.236,47.707,regular
1701185400,47.7075,48.0195,regular
1701189000,48.014,48.0542,regular
1701192600,48.0503,47.687,regular
1701196200,47.695,47.614,regular
1701199800,47.617,47.614,regular
1701203400,47.609,47.827,regular
1701205200,47.815,47.767,post
1701208800,47.767,47.767,post
1701212400,47.768,47.76,post
1701248400,47.999,48.183,pre
1701252000,48.187,48.182,pre
1701255600,48.188,48.339,pre
1701259200,48.336,48.18,pre
1701262800,48.18,48.284,pre
1701266400,48.275,48.336,pre
1701268200,48.379,48.325,regular
1701271800,48.3249,47.9725,regular
1701275400,47.975,48.22,regular
1701279000,48.217,48.1945,regular
1701282600,48.1945,48.151,regular
1701286200,48.15,48.0995,regular
1701289800,48.107,48.135,regular
1701291600,48.12,48.1,post
1701295200,48.105,48.1225,post
1701298800,48.1225,48.125,post
1701334800,48.176,48.246,pre
1701338400,48.26,48.29,pre
1701342000,48.3,48.313,pre
1701345600,48.313,48.328,pre
1701349200,48.325,48.32,pre
1701352800,48.325,48.2,pre
1701354600,48.024,47.382,regular
1701358200,47.3888,46.72,regular
1701361800,46.73,46.6725,regular
1701365400,46.6735,46.489,regular
1701369000,46.489,46.584,regular
1701372600,46.584,46.575,regular
1701376200,46.5722,46.781,regular
1701378000,46.77,46.617,post
1701381600,46.6,46.615,post
1701385200,46.615,46.621,post
1701421200,47.217,46.96,pre
1701424800,46.964,46.862,pre
1701428400,46.862,46.917,pre
1701432000,46.923,46.607,pre
1701435600,46.603,46.566,pre
1701439200,46.566,46.534,pre
1701441000,46.525,46.368,regular
1701444600,46.3586,46.85,regular
1701448200,46.859,46.944,regular
1701451800,46.945,46.891,regular
1701455400,46.893,46.7995,regular
1701459000,46.8023,46.826,regular
1701462600,46.824,46.76,regular
1701464400,46.753,46.7485,post
1701468000,46.7485,46.7425,post
1701471600,46.743,46.76,post
1701680400,46.6,46.586,pre
1701684000,46.606,46.55,pre
1701687600,46.569,46.35,pre
1701691200,46.35,46.325,pre
1701694800,46.324,46.27,pre
1701698400,46.26,46.042,pre
1701700200,45.75,45.2895,regular
1701703800,45.277,45.306,regular
1701707400,45.3035,45.608,regular
1701711000,45.61,45.3539,regular
1701714600,45.348,45.264,regular
1701718200,45.265,45.2636,regular
1701721800,45.2671,45.512,regular
1701723600,45.506,45.385,post
1701727200,45.373,45.427,post
1701730800,45.435,45.36,post
1701766800,45.288,45.15,pre
1701770400,45.15,45.146,pre
1701774000,45.165,45.064,pre
1701777600,45.065,45.071,pre
1701781200,45.072,45.232,pre
1701784800,45.225,45.314,pre
1701786600,45.466,46.234,regular
1701790200,46.244,46.05,regular
1701793800,46.0525,46.1591,regular
1701797400,46.169,46.1405,regular
1701801000,46.147,46.399,regular
1701804600,46.3945,46.3285,regular
1701808200,46.329,46.568,regular
1701810000,46.577,46.628,post
1701813600,46.631,46.607,post
1701817200,46.611,46.682,post
1701853200,47.0,47.21,pre
1701856800,47.21,47.158,pre
1701860400,47.156,47.082,pre
1701864000,47.085,46.94,pre
1701867600,46.942,47.0905,pre
1701871200,47.09,47.183,pre
1701873000,47.2145,46.444,regular
1701876600,46.446,46.4073,regular
1701880200,46.4035,46.37,regular
1701883800,46.37,45.9355,regular
1701887400,45.939,45.8045,regular
1701891000,45.805,45.6721,regular
1701894600,45.671,45.5,regular
1701896400,45.501,45.393,post
1701900000,45.38,45.308,post
1701903600,45.311,45.424,post
1701939600,45.503,45.4,pre
1701943200,45.397,45.623,pre
1701946800,45.623,45.65,pre
1701950400,45.652,45.537,pre
1701954000,45.537,45.712,pre
1701957600,45.719,45.711,pre
1701959400,45.7,46.146,regular
1701963000,46.146,46.1735,regular
1701966600,46.177,46.413,regular
1701970200,46.413,46.351,regular
1701973800,46.3506,46.484,regular
1701977400,46.489,46.42,regular
1701981000,46.425,46.598,regular
1701982800,46.598,46.548,post
1701986400,46.548,46.596,post
1701990000,46.596,46.574,post
1702026000,46.502,46.94,pre
1702029600,46.949,46.918,pre
1702033200,46.918,46.728,pre
1702036800,46.713,46.699,pre
1702040400,46.696,46.566,pre
1702044000,46.576,46.476,pre
1702045800,46.595,47.5639,regular
1702049400,47.568,47.5823,regular
1702053000,47.587,47.4512,regular
1702056600,47.4505,47.572,regular
1702060200,47.572,47.676,regular
1702063800,47.679,47.5135,regular
1702067400,47.51,47.508,regular
1702069200,47.508,47.5005,post
1702072800,47.5,47.478,post
1702076400,47.477,47.497,post
1702285200,47.436,47.545,pre
1702288800,47.545,47.387,pre
1702292400,47.386,47.215,pre
1702296000,47.223,47.596,pre
1702299600,47.593,47.6365,pre
1702303200,47.6262,47.715,pre
1702305000,47.125,46.26,regular
1702308600,46.266,46.028,regular
1702312200,46.029,46.224,regular
1702315800,46.225,46.5475,regular
1702319400,46.5455,46.827,regular
1702323000,46.8255,46.5425,regular
1702326600,46.545,46.638,regular
1702328400,46.637,46.5855,post
1702332000,46.594,46.525,post
1702335600,46.525,46.4805,post
1702371600,46.619,46.762,pre
1702375200,46.788,46.823,pre
1702378800,46.818,46.817,pre
1702382400,46.816,46.799,pre
1702386000,46.796,46.821,pre
1702389600,46.783,46.3525,pre
1702391400,46.046,47.006,regular
1702395000,47.0075,47.0702,regular
1702398600,47.0705,46.888,regular
1702402200,46.8748,46.9435,regular
1702405800,46.944,47.247,regular
1702409400,47.2461,47.477,regular
1702413000,47.473,47.6584,regular
1702414800,47.657,47.68,post
1702418400,47.685,47.6185,post
1702422000,47.61,47.641,post
1702458000,47.625,47.622,pre
1702461600,47.631,47.463,pre
1702465200,47.455,47.53,pre
1702468800,47.536,47.52,pre
1702472400,47.52,47.494,pre
1702476000,47.495,47.495,pre
1702477800,47.629,48.3405,regular
1702481400,48.3405,48.275,regular
1702485000,48.2805,48.135,regular
1702488600,48.136,47.866,regular
1702492200,47.866,48.32,regular
1702495800,48.315,47.983,regular
1702499400,47.9825,48.09,regular
1702501200,48.088,48.0101,post
1702504800,48.01,48.176,post
1702508400,48.168,48.3,post
1702544400,48.598,48.412,pre
1702548000,48.423,48.506,pre
1702551600,48.509,48.439,pre
1702555200,48.441,48.5,pre
1702558800,48.501,48.36,pre
1702562400,48.361,48.412,pre
1702564200,48.475,48.134,regular
1702567800,48.135,48.2074,regular
1702571400,48.2075,48.23,regular
1702575000,48.223,47.563,regular
1702578600,47.566,48.0335,regular
1702582200,48.032,48.12,regular
1702585800,48.111,48.35,regular
1702587600,48.342,48.25,post
1702591200,48.27,48.22,post
1702594800,48.219,48.2435,post
1702630800,48.29,48.38,pre
1702634400,48.387,48.22,pre
1702638000,48.217,48.207,pre
1702641600,48.207,48.205,pre
1702645200,48.206,48.269,pre
1702648800,48.288,48.395,pre
1702650600,48.4,49.273,regular
1702654200,49.275,49.131,regular
1702657800,49.134,49.0875,regular
1702661400,49.093,49.214,regular
1702665000,49.214,48.972,regular
1702668600,48.97,48.965,regular
1702672200,48.965,48.944,regular
1702674000,48.944,48.909,post
1702677600,48.904,48.9205,post
1702681200,48.9205,48.929,post
1702890000,49.163,49.017,pre
1702893600,49.017,49.087,pre
1702897200,49.087,48.94,pre
1702900800,48.937,49.125,pre
1702904400,49.115,49.131,pre
1702908000,49.13,49.206,pre
1702909800,49.4,49.973,regular
1702913400,49.973,49.795,regular
1702917000,49.791,49.8195,regular
1702920600,49.8204,49.92,regular
1702924200,49.924,50.275,regular
1702927800,50.275,50.394,regular
1702931400,50.4,50.081,regular
1702933200,50.077,50.031,post
1702936800,50.049,50.07,post
1702940400,50.051,50.02,post
1702976400,49.902,50.225,pre
1702980000,50.225,50.191,pre
1702983600,50.186,50.2,pre
1702987200,50.16,49.569,pre
1702990800,49.57,49.424,pre
1702994400,49.414,49.338,pre
1702996200,49.424,49.55,regular
1702999800,49.554,49.1375,regular
1703003400,49.137,49.302,regular
1703007000,49.2962,49.163,regular
1703010600,49.164,49.463,regular
1703014200,49.459,49.5,regular
1703017800,49.499,49.6129,regular
1703019600,49.6075,49.544,post
1703023200,49.545,49.539,post
1703026800,49.539,49.545,post
1703062800,49.567,49.097,pre
1703066400,49.101,49.16,pre
1703070000,49.175,49.149,pre
1703073600,49.149,49.365,pre
1703077200,49.368,49.298,pre
1703080800,49.293,49.33,pre
1703082600,49.655,49.744,regular
1703086200,49.744,49.812,regular
1703089800,49.8105,49.779,regular
1703093400,49.7765,49.841,regular
1703097000,49.844,49.4784,regular
1703100600,49.485,48.363,regular
1703104200,48.372,48.11,regular
1703106000,48.111,48.351,post
1703109600,48.355,48.25,post
1703113200,48.263,48.283,post
1703149200,48.576,48.719,pre
1703152800,48.717,48.564,pre
1703156400,48.566,48.65,pre
1703160000,48.642,48.69,pre
1703163600,48.691,48.716,pre
1703167200,48.716,48.84,pre
1703169000,48.811,48.642,regular
1703172600,48.651,48.713,regular
1703176200,48.715,48.655,regular
1703179800,48.65,48.555,regular
1703183400,48.568,48.612,regular
1703187000,48.614,48.916,regular
1703190600,48.919,48.997,regular
1703192400,48.99,48.952,post
1703196000,48.955,48.9582,post
1703199600,48.954,48.951,post
1703235600,48.976,48.745,pre
1703239200,48.748,48.772,pre
1703242800,48.778,48.815,pre
1703246400,48.814,49.108,pre
1703250000,49.113,49.08,pre
1703253600,49.085,49.3002,pre
1703255400,49.195,49.214,regular
1703259000,49.216,49.045,regular
1703262600,49.042,48.957,regular
1703266200,48.953,49.028,regular
1703269800,49.026,48.5791,regular
1703273400,48.571,48.812,regular
1703277000,48.8135,48.827,regular
1703278800,48.83,48.805,post
1703282400,48.8075,48.814,post
1703286000,48.8185,48.831,post
1703581200,48.827,48.919,pre
1703584800,48.918,48.852,pre
1703588400,48.852,48.795,pre
1703592000,48.795,48.914,pre
1703595600,48.914,48.94,pre
1703599200,48.9325,48.916,pre
1703601000,48.968,49.3856,regular
1703604600,49.402,49.325,regular
1703608200,49.325,49.3506,regular
1703611800,49.3508,49.3494,regular
1703615400,49.351,49.3341,regular
1703619000,49.335,49.452,regular
1703622600,49.452,49.281,regular
1703624400,49.279,49.318,post
1703628000,49.32,49.3135,post
1703631600,49.313,49.3325,post
1703667600,49.355,49.356,pre
1703671200,49.356,49.367,pre
1703674800,49.369,49.354,pre
1703678400,49.363,49.449,pre
1703682000,49.443,49.526,pre
1703685600,49.523,49.511,pre
1703687400,49.511,49.1985,regular
1703691000,49.202,49.3623,regular
1703694600,49.361,49.403,regular
1703698200,49.409,49.426,regular
1703701800,49.427,49.413,regular
1703705400,49.418,49.3739,regular
1703709000,49.378,49.421,regular
1703710800,49.421,49.436,post
1703714400,49.438,49.433,post
1703718000,49.433,49.4395,post
1703754000,49.854,49.575,pre
1703757600,49.576,49.598,pre
1703761200,49.595,49.595,pre
1703764800,49.595,49.58,pre
1703768400,49.58,49.698,pre
1703772000,49.708,49.6435,pre
1703773800,49.643,49.603,regular
1703777400,49.604,49.659,regular
1703781000,49.665,49.723,regular
1703784600,49.725,49.762,regular
1703788200,49.7623,49.626,regular
1703791800,49.6275,49.5244,regular
1703795400,49.5245,49.52,regular
1703797200,49.52,49.595,post
1703800800,49.595,49.56,post
1703804400,49.56,49.5625,post
1703840400,49.576,49.664,pre
1703844000,49.656,49.612,pre
1703847600,49.613,49.654,pre
1703851200,49.65,49.73,pre
1703854800,49.725,49.686,pre
1703858400,49.679,49.7335,pre
1703860200,49.813,49.838,regular
1703863800,49.835,48.812,regular
1703867400,48.808,48.99,regular
1703871000,48.987,49.4228,regular
1703874600,49.425,49.7895,regular
1703878200,49.7868,49.734,regular
1703881800,49.733,49.526,regular
1703883600,49.526,49.497,post
1703887200,49.5,49.4605,post
1703890800,49.452,49.448,post
1704186000,49.522,49.5,pre
1704189600,49.517,49.381,pre
1704193200,49.381,48.847,pre
1704196800,48.836,48.996,pre
1704200400,49.003,48.982,pre
1704204000,48.982,49.253,pre
1704205800,49.125,47.667,regular
1704209400,47.671,48.116,regular
1704213000,48.1175,48.1085,regular
1704216600,48.1159,48.186,regular
1704220200,48.179,48.188,regular
1704223800,48.18,47.884,regular
1704227400,47.886,48.185,regular
1704229200,48.168,48.12,post
1704232800,48.119,48.115,post
1704236400,48.1108,47.992,post
1704272400,47.82,47.691,pre
1704276000,47.696,47.599,pre
1704279600,47.61,47.57,pre
1704283200,47.595,47.349,pre
1704286800,47.341,47.525,pre
1704290400,47.526,47.412,pre
1704292200,47.45,47.4945,regular
1704295800,47.4905,47.7515,regular
1704299400,47.7504,47.774,regular
1704303000,47.768,47.6243,regular
1704306600,47.63,47.693,regular
1704310200,47.695,47.652,regular
1704313800,47.649,47.57,regular
1704315600,47.569,47.541,post
1704319200,47.541,47.545,post
1704322800,47.55,47.621,post
1704358800,47.501,47.879,pre
1704362400,47.881,47.915,pre
1704366000,47.919,47.93,pre
1704369600,47.93,47.73,pre
1704373200,47.726,47.738,pre
1704376800,47.719,47.726,pre
1704378600,47.767,47.955,regular
1704382200,47.947,48.3057,regular
1704385800,48.303,48.269,regular
1704389400,48.2688,48.28,regular
1704393000,48.281,48.144,regular
1704396600,48.144,48.1959,regular
1704400200,48.19,47.994,regular
1704402000,47.995,47.97,post
1704405600,47.9705,47.99,post
1704409200,47.99,48.08,post
1704445200,48.14,47.87,pre
1704448800,47.874,47.756,pre
1704452400,47.76,47.805,pre
1704456000,47.803,47.96,pre
1704459600,47.958,48.07,pre
1704463200,48.069,48.2866,pre
1704465000,48.462,48.952,regular
1704468600,48.951,49.3875,regular
1704472200,49.39,49.0413,regular
1704475800,49.037,49.156,regular
1704479400,49.1513,49.2099,regular
1704483000,49.203,48.8685,regular
1704486600,48.862,49.09,regular
1704488400,49.087,49.184,post
1704492000,49.18,49.1675,post
1704495600,49.1675,49.173,post
1704704400,49.09,48.77,pre
1704708000,48.762,48.929,pre
1704711600,48.935,48.894,pre
1704715200,48.9,49.476,pre
1704718800,49.451,49.5114,pre
1704722400,49.5,49.579,pre
1704724200,49.512,51.326,regular
1704727800,51.327,51.282,regular
1704731400,51.2869,51.1863,regular
1704735000,51.187,51.512,regular
1704738600,51.513,51.74,regular
1704742200,51.7434,51.8703,regular
1704745800,51.869,52.255,regular
1704747600,52.253,52.397,post
1704751200,52.3975,52.4753,post
1704754800,52.476,52.579,post
1704790800,52.49,52.355,pre
1704794400,52.36,52.47,pre
1704798000,52.464,52.288,pre
1704801600,52.297,52.512,pre
1704805200,52.512,52.713,pre
1704808800,52.713,52.5045,pre
1704810600,52.401,52.4736,regular
1704814200,52.479,52.86,regular
1704817800,52.8524,53.4216,regular
1704821400,53.437,53.8708,regular
1704825000,53.867,53.975,regular
1704828600,53.971,53.5585,regular
1704832200,53.554,53.131,regular
1704834000,53.14,53.151,post
1704837600,53.1605,53.161,post
1704841200,53.17,53.229,post
1704877200,53.25,53.77,pre
1704880800,53.77,53.702,pre
1704884400,53.703,53.641,pre
1704888000,53.654,53.79,pre
1704891600,53.792,53.637,pre
1704895200,53.639,53.532,pre
1704897000,53.616,54.149,regular
1704900600,54.15,54.3105,regular
1704904200,54.3145,54.192,regular
1704907800,54.2,54.213,regular
1704911400,54.2125,54.212,regular
1704915000,54.2107,54.2115,regular
1704918600,54.208,54.35,regular
1704920400,54.349,54.512,post
1704924000,54.519,54.595,post
1704927600,54.595,54.54,post
1704963600,54.764,54.843,pre
1704967200,54.84,54.915,pre
1704970800,54.912,54.974,pre
1704974400,54.97,54.969,pre
1704978000,54.967,55.0555,pre
1704981600,55.075,54.873,pre
1704983400,54.999,54.5185,regular
1704987000,54.517,53.855,regular
1704990600,53.85,54.1326,regular
1704994200,54.1262,54.933,regular
1704997800,54.932,54.919,regular
1705001400,54.919,54.8766,regular
1705005000,54.875,54.83,regular
1705006800,54.823,54.839,post
1705010400,54.845,54.7,post
1705014000,54.7087,54.73,post
1705050000,54.63,54.58,pre
1705053600,54.575,54.582,pre
1705057200,54.575,54.425,pre
1705060800,54.432,54.39,pre
1705064400,54.395,54.338,pre
1705068000,54.35,54.57,pre
1705069800,54.62,54.738,regular
1705073400,54.745,54.695,regular
1705077000,54.6995,54.614,regular
1705080600,54.6143,54.6301,regular
1705084200,54.638,54.7478,regular
1705087800,54.7411,54.625,regular
1705091400,54.6345,54.708,regular
1705093200,54.7095,54.72,post
1705096800,54.713,54.71,post
1705100400,54.7,54.6825,post
1705395600,54.386,54.471,pre
1705399200,54.475,54.445,pre
1705402800,54.445,54.529,pre
1705406400,54.529,54.789,pre
1705410000,54.793,54.9175,pre
1705413600,54.916,54.925,pre
1705415400,55.1,56.055,regular
1705419000,56.064,56.5693,regular
1705422600,56.581,56.231,regular
1705426200,56.22,56.367,regular
1705429800,56.376,56.186,regular
1705433400,56.181,56.1054,regular
1705437000,56.107,56.4,regular
1705438800,56.401,56.576,post
1705442400,56.578,56.639,post
1705446000,56.643,56.57,post
1705482000,56.01,56.225,pre
1705485600,56.244,56.457,pre
1705489200,56.457,56.58,pre
1705492800,56.582,56.754,pre
1705496400,56.749,56.668,pre
1705500000,56.66,56.38,pre
1705501800,56.347,55.416,regular
1705505400,55.415,55.889,regular
1705509000,55.894,55.6355,regular
1705512600,55.6305,55.6195,regular
1705516200,55.6175,56.0436,regular
1705519800,56.0445,55.7215,regular
1705523400,55.7311,56.051,regular
1705525200,56.053,56.02,post
1705528800,56.012,55.9425,post
1705532400,55.954,55.94,post
1705568400,56.612,56.747,pre
1705572000,56.765,56.901,pre
1705575600,56.911,57.049,pre
1705579200,57.04,57.079,pre
1705582800,57.072,57.425,pre
1705586400,57.425,57.34,pre
1705588200,57.26,57.17,regular
1705591800,57.17,57.521,regular
1705595400,57.528,57.016,regular
1705599000,57.0155,56.2817,regular
1705602600,56.2822,56.968,regular
1705606200,56.976,56.944,regular
1705609800,56.95,57.0982,regular
1705611600,57.112,57.335,post
1705615200,57.344,57.325,post
1705618800,57.324,57.375,post
1705654800,58.146,58.08,pre
1705658400,58.08,58.146,pre
1705662000,58.147,58.13,pre
1705665600,58.108,58.074,pre
1705669200,58.07,58.016,pre
1705672800,58.007,57.9465,pre
1705674600,57.989,57.893,regular
1705678200,57.885,58.242,regular
1705681800,58.2419,58.885,regular
1705685400,58.8849,58.988,regular
1705689000,58.9884,58.9713,regular
1705692600,58.9715,59.146,regular
1705696200,59.14,59.5,regular
1705698000,59.497,59.507,post
1705701600,59.497,59.412,post
1705705200,59.416,59.397,post
1705914000,60.014,59.95,pre
1705917600,59.95,59.77,pre
1705921200,59.762,59.936,pre
1705924800,59.935,60.161,pre
1705928400,60.159,60.13,pre
1705932000,60.1225,60.062,pre
1705933800,59.75,59.2515,regular
1705937400,59.26,59.9395,regular
1705941000,59.9355,59.859,regular
1705944600,59.851,59.7665,regular
1705948200,59.76,59.9435,regular
1705951800,59.95,59.9845,regular
1705955400,59.9833,59.665,regular
1705957200,59.654,59.692,post
1705960800,59.685,59.587,post
1705964400,59.589,59.732,post
1706000400,59.872,59.77,pre
1706004000,59.779,59.638,pre
1706007600,59.65,59.584,pre
1706011200,59.615,59.68,pre
1706014800,59.681,59.86,pre
1706018400,59.853,59.694,pre
1706020200,59.57,59.42,regular
1706023800,59.418,59.486,regular
1706027400,59.493,59.488,regular
1706031000,59.48,59.5725,regular
1706034600,59.579,59.3776,regular
1706038200,59.322,59.71,regular
1706041800,59.714,59.871,regular
1706043600,59.859,59.8941,post
1706047200,59.911,59.9775,post
1706050800,59.9775,60.19,post
1706086800,60.683,60.455,pre
1706090400,60.469,60.54,pre
1706094000,60.54,60.471,pre
1706097600,60.47,60.499,pre
1706101200,60.499,60.44,pre
1706104800,60.44,60.342,pre
1706106600,60.304,61.9043,regular
1706110200,61.899,61.638,regular
1706113800,61.6305,62.1375,regular
1706117400,62.146,62.66,regular
1706121000,62.67,61.7885,regular
1706124600,61.79,61.227,regular
1706128200,61.2286,61.357,regular
1706130000,61.357,61.6,post
1706133600,61.6,61.575,post
1706137200,61.58,61.425,post
1706173200,61.703,62.005,pre
1706176800,62.016,62.11,pre
1706180400,62.111,62.125,pre
1706184000,62.11,62.163,pre
1706187600,62.162,62.26,pre
1706191200,62.26,62.43,pre
1706193000,62.15,62.6004,regular
1706196600,62.611,62.39,regular
1706200200,62.3905,61.925,regular
1706203800,61.926,61.5275,regular
1706207400,61.53,61.276,regular
1706211000,61.276,61.551,regular
1706214600,61.5485,61.644,regular
1706216400,61.765,61.37,post
1706220000,61.375,61.02,post
1706223600,61.006,60.629,post
1706259600,60.433,60.65,pre
1706263200,60.65,61.004,pre
1706266800,61.024,60.843,pre
1706270400,60.85,61.135,pre
1706274000,61.145,61.257,pre
1706277600,61.257,61.1602,pre
1706279400,60.96,61.3831,regular
1706283000,61.3835,61.374,regular
1706286600,61.391,61.2966,regular
1706290200,61.3035,61.1112,regular
1706293800,61.116,61.0074,regular
1706297400,61.0078,61.086,regular
1706301000,61.082,61.03,regular
1706302800,61.031,61.008,post
1706306400,60.995,61.039,post
1706310000,61.031,61.005,post
1706518800,61.464,61.557,pre
1706522400,61.559,61.611,pre
1706526000,61.624,61.59,pre
1706529600,61.589,61.458,pre
1706533200,61.45,61.436,pre
1706536800,61.446,61.414,pre
1706538600,61.232,61.7383,regular
1706542200,61.733,61.4646,regular
1706545800,61.467,61.615,regular
1706549400,61.6225,61.61,regular
1706553000,61.6082,61.9356,regular
1706556600,61.9398,62.3713,regular
1706560200,62.37,62.473,regular
1706562000,62.465,63.12,post
1706565600,63.12,63.316,post
1706569200,63.315,63.196,post
1706605200,63.2,63.066,pre
1706608800,63.05,63.099,pre
1706612400,63.097,63.02,pre
1706616000,63.005,63.2,pre
1706619600,63.197,63.063,pre
1706623200,63.05,62.802,pre
1706625000,62.9,63.272,regular
1706628600,63.28,63.079,regular
1706632200,63.0785,62.8739,regular
1706635800,62.863,62.667,regular
1706639400,62.676,62.651,regular
1706643000,62.6579,62.9296,regular
1706646600,62.935,62.753,regular
1706648400,62.774,62.275,post
1706652000,62.3,61.088,post
1706655600,61.1,61.4675,post
1706691600,61.69,61.209,pre
1706695200,61.254,61.14,pre
1706698800,61.14,61.145,pre
1706702400,61.13,61.721,pre
1706706000,61.721,61.6,pre
1706709600,61.6,61.49,pre
1706711400,61.44,61.221,regular
1706715000,61.217,61.289,regular
1706718600,61.307,61.652,regular
1706722200,61.6554,61.376,regular
1706725800,61.3822,61.5771,regular
1706729400,61.5815,61.713,regular
1706733000,61.715,61.501,regular
1706734800,61.527,61.59,post
1706738400,61.589,61.507,post
1706742000,61.51,61.651,post
1706778000,62.2,62.071,pre
1706781600,62.077,62.21,pre
1706785200,62.2,62.232,pre
1706788800,62.24,62.179,pre
1706792400,62.189,62.175,pre
1706796000,62.183,62.147,pre
1706797800,62.1,62.309,regular
1706801400,62.3094,61.9126,regular
1706805000,61.926,62.407,regular
1706808600,62.41,62.678,regular
1706812200,62.675,62.822,regular
1706815800,62.827,63.0945,regular
1706819400,63.096,63.035,regular
1706821200,63.027,63.845,post
1706824800,63.846,63.913,post
1706828400,63.926,64.038,post
1706864400,64.007,64.039,pre
1706868000,64.04,63.979,pre
1706871600,63.973,63.917,pre
1706875200,63.929,64.262,pre
1706878800,64.262,64.14,pre
1706882400,64.125,63.726,pre
1706884200,63.8,65.068,regular
1706887800,65.0758,65.3924,regular
1706891400,65.4,66.572,regular
1706895000,66.575,65.9835,regular
1706898600,65.991,66.15,regular
1706902200,66.149,66.0885,regular
1706905800,66.088,66.15,regular
1706907600,66.3,66.039,post
1706911200,66.04,66.46,post
1706914800,66.471,66.398,post
1707123600,66.666,67.033,pre
1707127200,67.044,67.62,pre
1707130800,67.608,67.84,pre
1707134400,67.821,68.503,pre
1707138000,68.5,68.21,pre
1707141600,68.21,68.295,pre
1707143400,67.7,68.1597,regular
1707147000,68.154,68.139,regular
1707150600,68.135,68.961,regular
1707154200,68.965,68.8825,regular
1707157800,68.8719,68.9505,regular
1707161400,68.9523,68.76,regular
1707165000,68.7645,69.318,regular
1707166800,69.332,69.6575,post
1707170400,69.658,69.6935,post
1707174000,69.695,69.871,post
1707210000,70.716,70.418,pre
1707213600,70.451,70.378,pre
1707217200,70.403,69.56,pre
1707220800,69.56,69.618,pre
1707224400,69.62,69.92,pre
1707228000,69.9125,70.044,pre
1707229800,69.63,67.9332,regular
1707233400,67.9315,67.9638,regular
1707237000,67.97,66.8422,regular
1707240600,66.843,66.9327,regular
1707244200,66.9445,67.531,regular
1707247800,67.5463,68.155,regular
1707251400,68.1645,68.219,regular
1707253200,68.223,67.8,post
1707256800,67.8,67.54,post
1707260400,67.565,67.452,post
1707296400,67.595,67.94,pre
1707300000,67.978,68.35,pre
1707303600,68.351,68.327,pre
1707307200,68.329,67.693,pre
1707310800,67.684,68.0525,pre
1707314400,68.065,68.257,pre
1707316200,68.319,69.278,regular
1707319800,69.2744,68.853,regular
1707323400,68.862,69.1558,regular
1707327000,69.155,69.4535,regular
1707330600,69.46,69.401,regular
1707334200,69.409,70.176,regular
1707337800,70.176,70.116,regular
1707339600,70.123,70.56,post
1707343200,70.56,70.616,post
1707346800,70.627,70.4235,post
1707382800,70.543,70.249,pre
1707386400,70.249,69.85,pre
1707390000,69.85,69.57,pre
1707393600,69.568,69.653,pre
1707397200,69.653,69.8175,pre
1707400800,69.8175,69.784,pre
1707402600,70.074,69.854,regular
1707406200,69.851,70.3683,regular
1707409800,70.3775,70.2651,regular
1707413400,70.2626,70.441,regular
1707417000,70.441,69.962,regular
1707420600,69.955,69.9,regular
1707424200,69.905,69.64,regular
1707426000,69.654,69.625,post
1707429600,69.619,69.7845,post
1707433200,69.795,69.748,post
1707469200,69.86,69.959,pre
1707472800,69.95,70.01,pre
1707476400,70.018,69.935,pre
1707480000,69.943,70.07,pre
1707483600,70.067,70.28,pre
1707487200,70.255,70.7945,pre
1707489000,70.533,71.117,regular
1707492600,71.1089,71.4345,regular
1707496200,71.448,71.6365,regular
1707499800,71.639,71.7705,regular
1707503400,71.775,71.956,regular
1707507000,71.9499,71.934,regular
1707510600,71.94,72.131,regular
1707512400,72.133,72.1885,post
1707516000,72.198,72.105,post
1707519600,72.109,72.119,post
1707728400,72.399,72.745,pre
1707732000,72.745,72.799,pre
1707735600,72.798,72.78,pre
1707739200,72.78,72.538,pre
1707742800,72.55,72.793,pre
1707746400,72.78,72.538,pre
1707748200,72.6,73.1364,regular
1707751800,73.1304,74.048,regular
1707755400,74.0508,73.5904,regular
1707759000,73.5948,72.732,regular
1707762600,72.732,72.1555,regular
1707766200,72.128,72.54,regular
1707769800,72.5402,72.292,regular
1707771600,72.248,72.01,post
1707775200,72.0195,71.95,post
1707778800,71.95,72.035,post
1707814800,71.816,72.09,pre
1707818400,72.085,71.368,pre
1707822000,71.375,71.44,pre
1707825600,71.441,71.806,pre
1707829200,71.812,72.16,pre
1707832800,72.16,70.387,pre
1707834600,70.4,72.425,regular
1707838200,72.4195,73.09,regular
1707841800,73.0898,72.36,regular
1707845400,72.3578,72.333,regular
1707849000,72.334,72.097,regular
1707852600,72.073,71.6156,regular
1707856200,71.6233,72.19,regular
1707858000,72.186,72.6,post
1707861600,72.62,72.433,post
1707865200,72.4273,72.36,post
1707901200,72.666,73.219,pre
1707904800,73.219,73.293,pre
1707908400,73.292,73.279,pre
1707912000,73.274,73.232,pre
1707915600,73.232,73.175,pre
1707919200,73.175,73.19,pre
1707921000,73.202,74.11,regular
1707924600,74.0995,72.5199,regular
1707928200,72.522,72.8667,regular
1707931800,72.883,72.892,regular
1707935400,72.899,73.0921,regular
1707939000,73.0945,73.3988,regular
1707942600,73.39,73.855,regular
1707944400,73.859,73.711,post
1707948000,73.72,73.6725,post
1707951600,73.6533,73.782,post
1707987600,74.109,73.661,pre
1707991200,73.677,73.643,pre
1707994800,73.659,73.875,pre
1707998400,73.872,73.826,pre
1708002000,73.82,73.69,pre
1708005600,73.688,73.578,pre
1708007400,73.869,73.07,regular
1708011000,73.072,73.121,regular
1708014600,73.118,73.147,regular
1708018200,73.154,73.304,regular
1708021800,73.314,73.209,regular
1708025400,73.2101,72.853,regular
1708029000,72.859,72.657,regular
1708030800,72.658,73.002,post
1708034400,73.02,72.97,post
1708038000,72.968,73.07,post
1708074000,73.116,73.769,pre
1708077600,73.771,73.92,pre
1708081200,73.924,73.888,pre
1708084800,73.907,73.759,pre
1708088400,73.755,73.99,pre
1708092000,73.979,73.95,pre
1708093800,74.1,73.236,regular
1708097400,73.236,73.84,regular
1708101000,73.867,73.904,regular
1708104600,73.911,73.2695,regular
1708108200,73.269,73.7879,regular
1708111800,73.796,73.356,regular
1708115400,73.352,72.6005,regular
1708117200,72.6005,72.565,post
1708120800,72.565,72.698,post
1708124400,72.69,72.72,post
1708419600,72.79,71.255,pre
1708423200,71.22,71.076,pre
1708426800,71.076,71.085,pre
1708430400,71.09,71.838,pre
1708434000,71.84,71.798,pre
1708437600,71.775,71.869,pre
1708439400,71.6,68.3655,regular
1708443000,68.3625,68.643,regular
1708446600,68.619,68.3,regular
1708450200,68.3057,68.2765,regular
1708453800,68.287,68.6333,regular
1708457400,68.6221,69.1856,regular
1708461000,69.193,69.457,regular
1708462800,69.474,68.345,post
1708466400,68.3475,68.21,post
1708470000,68.224,68.455,post
1708506000,68.48,68.132,pre
1708509600,68.137,68.483,pre
1708513200,68.474,68.172,pre
1708516800,68.173,68.432,pre
1708520400,68.445,68.1557,pre
1708524000,68.165,68.237,pre
1708525800,68.0,67.912,regular
1708529400,67.912,68.071,regular
1708533000,68.081,67.1303,regular
1708536600,67.125,67.011,regular
1708540200,66.9879,66.8205,regular
1708543800,66.8218,66.8695,regular
1708547400,66.885,67.495,regular
1708549200,67.485,74.301,post
1708552800,74.3,72.6,post
1708556400,72.6,73.086,post
1708592400,75.535,76.243,pre
1708596000,76.23,76.851,pre
1708599600,76.851,77.09,pre
1708603200,77.074,76.25,pre
1708606800,76.235,75.735,pre
1708610400,75.714,74.9,pre
1708612200,74.8,77.7495,regular
1708615800,77.769,77.646,regular
1708619400,77.651,77.4682,regular
1708623000,77.477,77.397,regular
1708626600,77.399,77.9035,regular
1708630200,77.9,78.173,regular
1708633800,78.1715,78.527,regular
1708635600,78.492,78.999,post
1708639200,78.972,79.485,post
1708642800,79.466,79.907,post
1708678800,80.41,79.93,pre
1708682400,79.94,80.227,pre
1708686000,80.229,79.842,pre
1708689600,79.841,79.7,pre
1708693200,79.7,80.3385,pre
1708696800,80.355,80.32,pre
1708698600,80.79,79.7,regular
1708702200,79.708,79.128,regular
1708705800,79.132,79.6079,regular
1708709400,79.649,80.061,regular
1708713000,80.0722,79.677,regular
1708716600,79.694,78.824,regular
1708720200,78.824,78.816,regular
1708722000,78.845,79.007,post
1708725600,78.992,78.91,post
1708729200,78.9385,78.65,post
1708938000,79.5,79.809,pre
1708941600,79.781,79.871,pre
1708945200,79.865,79.769,pre
1708948800,79.764,79.558,pre
1708952400,79.559,79.755,pre
1708956000,79.756,79.67,pre
1708957800,80.0,79.826,regular
1708961400,79.833,79.9541,regular
1708965000,79.9532,80.1085,regular
1708968600,80.1069,79.8621,regular
1708972200,79.863,79.511,regular
1708975800,79.5029,79.18,regular
1708979400,79.167,79.0911,regular
1708981200,79.092,78.8105,post
1708984800,78.815,78.7535,post
1708988400,78.761,78.94,post
1709024400,79.002,79.319,pre
1709028000,79.335,79.248,pre
1709031600,79.248,79.312,pre
1709035200,79.318,79.4,pre
1709038800,79.4,78.897,pre
1709042400,78.891,79.08,pre
1709044200,79.2,78.619,regular
1709047800,78.603,78.61,regular
1709051400,78.608,79.173,regular
1709055000,79.192,79.1677,regular
1709058600,79.1693,79.122,regular
1709062200,79.143,79.103,regular
1709065800,79.103,78.7,regular
1709067600,78.701,78.815,post
1709071200,78.835,78.733,post
1709074800,78.725,78.522,post
1709110800,78.336,77.08,pre
1709114400,77.096,77.652,pre
1709118000,77.652,77.787,pre
1709121600,77.78,78.12,pre
1709125200,78.116,77.788,pre
1709128800,77.8,77.775,pre
1709130600,77.62,77.336,regular
1709134200,77.3386,78.2289,regular
1709137800,78.246,78.402,regular
1709141400,78.4062,78.4155,regular
1709145000,78.423,78.19,regular
1709148600,78.167,78.215,regular
1709152200,78.2097,77.679,regular
1709154000,77.663,77.19,post
1709157600,77.1715,77.385,post
1709161200,77.384,77.33,post
1709197200,77.31,77.27,pre
1709200800,77.26,77.31,pre
1709204400,77.315,77.585,pre
1709208000,77.596,77.659,pre
1709211600,77.658,77.7925,pre
1709215200,77.7925,78.7865,pre
1709217000,79.25,79.349,regular
1709220600,79.3466,79.002,regular
1709224200,79.0,78.909,regular
1709227800,78.9108,79.364,regular
1709231400,79.377,79.328,regular
1709235000,79.319,79.313,regular
1709238600,79.3261,79.218,regular
1709240400,79.112,79.68,post
1709244000,79.689,79.568,post
1709247600,79.564,79.5805,post
1709283600,80.498,80.052,pre
1709287200,80.05,79.639,pre
1709290800,79.674,79.857,pre
1709294400,79.871,79.936,pre
1709298000,79.912,80.052,pre
1709301600,80.075,80.078,pre
1709303400,80.117,80.7755,regular
1709307000,80.774,81.964,regular
1709310600,81.975,81.7655,regular
1709314200,81.761,81.7724,regular
1709317800,81.7665,82.1315,regular
1709321400,82.15,81.998,regular
1709325000,81.9955,82.293,regular
1709326800,82.294,82.356,post
1709330400,82.388,82.41,post
1709334000,82.409,82.324,post
1709542800,83.263,83.3,pre
1709546400,83.3,83.274,pre
1709550000,83.275,83.197,pre
1709553600,83.199,83.868,pre
1709557200,83.857,84.164,pre
1709560800,84.172,84.031,pre
1709562600,84.3375,84.828,regular
1709566200,84.8136,85.2162,regular
1709569800,85.228,86.033,regular
1709573400,86.047,86.613,regular
1709577000,86.6334,87.144,regular
1709580600,87.141,86.637,regular
1709584200,86.622,85.251,regular
1709586000,85.237,85.489,post
1709589600,85.46,85.74,post
1709593200,85.74,85.909,post
1709629200,85.738,85.12,pre
1709632800,85.118,84.172,pre
1709636400,84.165,84.654,pre
1709640000,84.651,85.9,pre
1709643600,85.9,86.166,pre
1709647200,86.156,85.425,pre
1709649000,85.3,84.2,regular
1709652600,84.197,84.631,regular
1709656200,84.4676,85.3077,regular
1709659800,85.3104,84.8,regular
1709663400,84.8004,85.024,regular
1709667000,85.034,84.7402,regular
1709670600,84.7226,85.994,regular
1709672400,85.964,86.11,post
1709676000,86.11,86.235,post
1709679600,86.244,85.781,post
1709715600,86.6,86.851,pre
1709719200,86.869,86.924,pre
1709722800,86.913,87.125,pre
1709726400,87.125,87.26,pre
1709730000,87.25,87.228,pre
1709733600,87.227,87.975,pre
1709735400,87.761,88.272,regular
1709739000,88.279,88.389,regular
1709742600,88.3935,88.783,regular
1709746200,88.795,89.453,regular
1709749800,89.4584,89.291,regular
1709753400,89.3015,88.3006,regular
1709757000,88.323,88.7445,regular
1709758800,88.7,88.826,post
1709762400,88.826,88.94,post
1709766000,88.94,88.93,post
1709802000,88.8,89.65,pre
1709805600,89.651,89.969,pre
1709809200,89.959,90.249,pre
1709812800,90.25,90.325,pre
1709816400,90.312,90.275,pre
1709820000,90.275,90.276,pre
1709821800,90.158,91.5527,regular
1709825400,91.572,92.1438,regular
1709829000,92.149,91.709,regular
1709832600,91.703,91.8712,regular
1709836200,91.88,92.3703,regular
1709839800,92.393,92.205,regular
1709843400,92.2145,92.674,regular
1709845200,92.669,92.63,post
1709848800,92.625,94.011,post
1709852400,94.028,94.253,post
1709888400,95.41,95.791,pre
1709892000,95.792,95.655,pre
1709895600,95.655,95.411,pre
1709899200,95.428,95.291,pre
1709902800,95.288,94.78,pre
1709906400,94.7896,95.278,pre
1709908200,94.8,97.21,regular
1709911800,97.224,90.4978,regular
1709915400,90.5039,89.5791,regular
1709919000,89.5775,87.606,regular
1709922600,87.5863,88.141,regular
1709926200,88.176,88.0557,regular
1709929800,88.021,87.502,regular
1709931600,87.528,87.33,post
1709935200,87.333,86.101,post
1709938800,86.1494,85.7075,post
1710144000,85.15,86.637,pre
1710147600,86.6,89.45,pre
1710151200,89.41,88.474,pre
1710154800,88.45,86.68,pre
1710158400,86.688,86.8,pre
1710162000,86.728,87.094,pre
1710163800,87.6,87.076,regular
1710167400,87.106,86.718,regular
1710171000,86.718,86.911,regular
1710174600,86.94,86.7345,regular
1710178200,86.745,86.409,regular
1710181800,86.406,85.5462,regular
1710185400,85.524,85.792,regular
1710187200,85.799,85.814,post
1710190800,85.815,85.753,post
1710194400,85.774,86.65,post
1710198000,86.64,87.0,post
1710230400,87.18,87.089,pre
1710234000,87.088,87.101,pre
1710237600,87.101,87.289,pre
1710241200,87.308,86.959,pre
1710244800,86.97,87.0,pre
1710248400,87.0,87.538,pre
1710250200,88.049,88.5798,regular
1710253800,88.593,91.083,regular
1710257400,91.0686,90.4625,regular
1710261000,90.449,89.9375,regular
1710264600,89.925,90.3195,regular
1710268200,90.3197,90.5475,regular
1710271800,90.552,91.938,regular
1710273600,91.913,92.659,post
1710277200,92.651,92.65,post
1710280800,92.64,92.975,post
1710284400,92.971,93.112,post
1710316800,93.85,92.749,pre
1710320400,92.75,92.905,pre
1710324000,92.917,92.303,pre
1710327600,92.299,92.9,pre
1710331200,92.9,91.7,pre
1710334800,91.665,91.4,pre
1710336600,91.055,89.0649,regular
1710340200,89.031,88.926,regular
1710343800,88.9295,89.0315,regular
1710347400,89.033,90.332,regular
1710351000,90.331,90.3165,regular
1710354600,90.328,90.62,regular
1710358200,90.6275,90.926,regular
1710360000,90.925,90.615,post
1710363600,90.64,90.115,post
1710367200,90.08,90.38,post
1710370800,90.35,90.539,post
1710403200,90.96,90.637,pre
1710406800,90.653,90.469,pre
1710410400,90.492,90.45,pre
1710414000,90.456,89.438,pre
1710417600,89.42,89.5275,pre
1710421200,89.525,89.4315,pre
1710423000,89.577,88.6795,regular
1710426600,88.675,87.8225,regular
1710430200,87.85,87.5775,regular
1710433800,87.577,87.1967,regular
1710437400,87.1961,88.1695,regular
1710441000,88.164,87.392,regular
1710444600,87.386,88.036,regular
1710446400,88.024,87.65,post
1710450000,87.623,87.58,post
1710509400,87.0,88.4325,regular
1710513000,88.4375,89.204,regular
1710516600,89.2016,88.642,regular
1710520200,88.6505,88.824,regular
1710523800,88.823,89.11,regular
1710527400,89.1179,88.5696,regular
1710531000,88.5748,87.8365,regular
1710532800,87.81,87.85,post
1710536400,87.886,87.96,post
1710540000,87.971,88.02,post
1710543600,88.028,88.185,post
1710748800,89.551,89.648,pre
1710759600,89.681,90.334,pre
1710763200,90.31,90.278,pre
1710766800,90.28,90.33,pre
1710768600,90.371,90.7048,regular
1710772200,90.742,88.6924,regular
1710775800,88.723,88.3775,regular
1710779400,88.3775,88.173,regular
1710783000,88.1872,88.8573,regular
1710786600,88.842,88.6466,regular
1710790200,88.661,88.46,regular
1710792000,88.455,88.231,post
1710795600,88.3,87.705,post
1710799200,87.705,86.783,post
1710802800,86.8,86.9,post
1710835200,87.701,87.547,pre
1710838800,87.595,88.58,pre
1710842400,88.515,87.965,pre
1710846000,87.935,87.32,pre
1710849600,87.32,86.075,pre
1710853200,86.094,86.647,pre
1710855000,86.6,85.5394,regular
1710858600,85.5165,86.884,regular
1710862200,86.9065,88.1285,regular
1710865800,88.12,89.16,regular
1710869400,89.174,89.9005,regular
1710873000,89.9,88.536,regular
1710876600,88.5315,89.4,regular
1710878400,89.398,88.8785,post
1710882000,88.885,88.972,post
1710885600,88.972,89.14,post
1710889200,89.13,89.0225,post
1710921600,89.33,89.2,pre
1710925200,89.16,89.132,pre
1710928800,89.14,89.102,pre
1710932400,89.102,89.481,pre
1710936000,89.47,89.528,pre
1710939600,89.528,89.79,pre
1710941400,89.89,89.309,regular
1710945000,89.308,88.829,regular
1710948600,88.8332,88.525,regular
1710952200,88.52,88.447,regular
1710955800,88.43,89.7686,regular
1710959400,89.8,90.081,regular
1710963000,90.0805,90.3525,regular
1710964800,90.372,90.7972,post
1710968400,90.734,90.5925,post
1710972000,90.603,90.767,post
1710975600,90.77,91.206,post
1711008000,91.559,91.36,pre
1711011600,91.355,91.376,pre
1711015200,91.37,91.45,pre
1711018800,91.465,92.088,pre
1711022400,92.088,92.1575,pre
1711026000,92.15,92.313,pre
1711027800,92.286,91.2,regular
1711031400,91.2,91.926,regular
1711035000,91.921,92.3416,regular
1711038600,92.353,92.189,regular
1711042200,92.178,91.696,regular
1711045800,91.725,91.5484,regular
1711049400,91.559,91.381,regular
1711051200,91.375,91.1725,post
1711054800,91.17,91.2555,post
1711058400,91.2555,91.33,post
1711062000,91.3285,91.485,post
1711094400,91.558,91.933,pre
1711098000,91.924,92.029,pre
1711101600,92.002,91.872,pre
1711105200,91.881,91.373,pre
1711108800,91.36,90.97,pre
1711112400,90.975,91.154,pre
1711114200,91.163,92.814,regular
1711117800,92.85,93.6413,regular
1711121400,93.641,94.403,regular
1711125000,94.411,94.504,regular
1711128600,94.504,94.396,regular
1711132200,94.3907,93.6877,regular
1711135800,93.695,94.245,regular
1711137600,94.289,94.03,post
1711141200,94.003,94.26,post
1711144800,94.263,94.2005,post
1711148400,94.2005,94.02,post
1711353600,94.61,94.979,pre
1711357200,94.979,95.085,pre
1711360800,95.086,94.833,pre
1711364400,94.831,93.86,pre
1711368000,93.866,94.334,pre
1711371600,94.335,94.018,pre
1711373400,94.0,96.1187,regular
1711377000,96.1095,95.779,regular
1711380600,95.767,95.061,regular
1711384200,95.0645,95.699,regular
1711387800,95.7165,95.9455,regular
1711391400,95.959,95.442,regular
1711395000,95.443,95.0,regular
1711396800,95.001,95.02,post
1711400400,95.02,95.135,post
1711404000,95.144,95.135,post
1711407600,95.15,95.4,post
1711440000,95.48,95.7,pre
1711443600,95.693,95.767,pre
1711447200,95.757,95.715,pre
1711450800,95.73,95.934,pre
1711454400,95.933,95.9635,pre
1711458000,95.9635,95.847,pre
1711459800,95.848,94.2757,regular
1711463400,94.3025,94.8407,regular
1711467000,94.8474,94.3732,regular
1711470600,94.36,94.4725,regular
1711474200,94.4725,94.921,regular
1711477800,94.9208,94.04,regular
1711481400,94.047,92.573,regular
1711483200,92.561,92.9475,post
1711486800,92.935,92.702,post
1711490400,92.702,92.7,post
1711494000,92.6905,92.65,post
1711526400,92.886,93.588,pre
1711530000,93.593,93.25,pre
1711533600,93.232,93.413,pre
1711537200,93.404,93.212,pre
1711540800,93.218,92.8,pre
1711544400,92.83,93.104,pre
1711546200,93.1,89.993,regular
1711549800,90.0095,89.57,regular
1711553400,89.562,90.193,regular
1711557000,90.2,90.17,regular
1711560600,90.1705,90.2705,regular
1711564200,90.2705,89.591,regular
1711567800,89.6,90.256,regular
1711569600,90.25,90.116,post
1711573200,90.1234,90.15,post
1711576800,90.12,89.989,post
1711580400,89.98,89.89,post
1711612800,90.25,90.08,pre
1711616400,90.08,89.626,pre
1711620000,89.626,89.819,pre
1711623600,89.807,90.203,pre
1711627200,90.22,89.8765,pre
1711630800,89.88,89.996,pre
1711632600,89.978,90.5654,regular
1711636200,90.57,90.6712,regular
1711639800,90.668,90.633,regular
1711643400,90.635,90.591,regular
1711647000,90.593,90.383,regular
1711650600,90.4,90.4348,regular
1711654200,90.437,90.317,regular
1711656000,90.27,90.206,post
1711659600,90.215,90.22,post
1711663200,90.221,90.144,post
1711666800,90.132,90.105,post
1711958400,91.191,91.331,pre
1711962000,91.33,91.071,pre
1711965600,91.107,91.211,pre
1711969200,91.217,90.51,pre
1711972800,90.5,90.65,pre
1711976400,90.6064,90.27,pre
1711978200,90.367,91.3446,regular
1711981800,91.381,89.982,regular
1711985400,89.98,89.879,regular
1711989000,89.888,89.905,regular
1711992600,89.8975,90.143,regular
1711996200,90.135,89.9865,regular
1711999800,89.9865,90.372,regular
1712001600,90.324,90.1775,post
1712005200,90.185,90.159,post
1712008800,90.1545,90.085,post
1712012400,90.08,90.1475,post
1712044800,89.97,90.239,pre
1712048400,90.227,90.05,pre
1712052000,90.031,89.69,pre
1712055600,89.694,89.566,pre
1712059200,89.57,89.577,pre
1712062800,89.577,88.49,pre
1712064600,88.47,88.026,regular
1712068200,88.04,89.376,regular
1712071800,89.3782,89.122,regular
1712075400,89.111,89.647,regular
1712079000,89.6465,89.548,regular
1712082600,89.548,89.3217,regular
1712086200,89.3245,89.447,regular
1712088000,89.472,89.336,post
1712091600,89.336,89.2965,post
1712095200,89.318,89.201,post
1712098800,89.213,89.243,post
1712131200,88.731,88.7,pre
1712134800,88.7,88.58,pre
1712138400,88.578,88.5,pre
1712142000,88.5,88.994,pre
1712145600,88.998,88.845,pre
1712149200,88.845,88.5035,pre
1712151000,88.426,90.163,regular
1712154600,90.1585,90.186,regular
1712158200,90.187,89.6237,regular
1712161800,89.63,90.039,regular
1712165400,90.06,89.848,regular
1712169000,89.84,89.137,regular
1712172600,89.124,88.962,regular
1712174400,88.964,89.0,post
1712178000,89.005,88.975,post
1712181600,88.975,89.125,post
1712185200,89.125,89.49,post
1712217600,89.549,89.495,pre
1712221200,89.471,89.663,pre
1712224800,89.66,89.805,pre
1712228400,89.817,90.031,pre
1712232000,90.033,90.131,pre
1712235600,90.131,90.385,pre
1712237400,90.406,89.808,regular
1712241000,89.822,89.466,regular
1712244600,89.466,89.6595,regular
1712248200,89.658,89.4665,regular
1712251800,89.481,88.17,regular
1712255400,88.1656,86.466,regular
1712259000,86.466,85.902,regular
1712260800,85.903,85.837,post
1712264400,85.812,86.28,post
1712268000,86.29,86.245,post
1712271600,86.259,86.21,post
1712304000,86.816,86.72,pre
1712307600,86.725,86.57,pre
1712311200,86.576,86.374,pre
1712314800,86.375,86.328,pre
1712318400,86.337,86.5,pre
1712322000,86.475,86.875,pre
1712323800,86.703,86.777,regular
1712327400,86.778,87.51,regular
1712331000,87.5147,88.049,regular
1712334600,88.059,88.159,regular
1712338200,88.1645,87.6895,regular
1712341800,87.701,87.7325,regular
1712345400,87.7312,87.98,regular
1712347200,87.977,88.009,post
1712350800,88.003,87.913,post
1712354400,87.93,88.068,post
1712358000,88.059,88.0445,post
1712563200,88.0,88.106,pre
1712566800,88.106,88.058,pre
1712570400,88.055,88.25,pre
1712574000,88.25,88.373,pre
1712577600,88.344,88.777,pre
1712581200,88.7559,88.701,pre
1712583000,88.696,87.8,regular
1712586600,87.8125,87.607,regular
1712590200,87.589,86.9955,regular
1712593800,86.984,87.259,regular
1712597400,87.2461,87.224,regular
1712601000,87.2199,87.2575,regular
1712604600,87.257,87.188,regular
1712606400,87.188,87.098,post
1712610000,87.092,87.05,post
1712613600,87.0576,87.056,post
1712617200,87.074,87.0199,post
1712649600,87.055,87.269,pre
1712653200,87.285,87.1,pre
1712656800,87.1,86.627,pre
1712660400,86.67,86.97,pre
1712664000,86.97,86.978,pre
1712667600,86.9595,87.406,pre
1712669400,87.43,84.417,regular
1712673000,84.4505,83.977,regular
1712676600,83.944,84.661,regular
1712680200,84.664,84.629,regular
1712683800,84.6204,84.613,regular
1712687400,84.6153,84.952,regular
1712691000,84.94,85.364,regular
1712692800,85.364,85.108,post
1712696400,85.078,85.0,post
1712700000,85.003,85.071,post
1712703600,85.071,84.72,post
1712736000,85.152,85.057,pre
1712739600,85.061,84.932,pre
1712743200,84.932,84.263,pre
1712746800,84.271,84.899,pre
1712750400,84.899,85.364,pre
1712754000,85.101,83.926,pre
1712755800,83.902,86.562,regular
1712759400,86.5785,86.969,regular
1712763000,86.973,86.533,regular
1712766600,86.565,86.825,regular
1712770200,86.8245,86.6495,regular
1712773800,86.668,86.9072,regular
1712777400,86.927,86.984,regular
1712779200,86.999,87.1542,post
1712782800,87.161,87.25,post
1712786400,87.26,86.9993,post
1712790000,86.984,86.936,post
1712822400,87.226,87.366,pre
1712826000,87.366,86.999,pre
1712829600,87.005,86.873,pre
1712833200,86.895,86.79,pre
1712836800,86.785,86.5415,pre
1712840400,86.5,87.457,pre
1712842200,87.4,88.0425,regular
1712845800,88.039,88.7381,regular
1712849400,88.7101,89.1999,regular
1712853000,89.2,89.787,regular
1712856600,89.802,90.1902,regular
1712860200,90.197,90.181,regular
1712863800,90.163,90.616,regular
1712865600,90.587,90.55,post
1712869200,90.56,90.5,post
1712872800,90.489,90.62,post
1712876400,90.617,90.75,post
1712908800,90.78,90.72,pre
1712912400,90.721,90.145,pre
1712916000,90.152,90.134,pre
1712919600,90.121,90.2,pre
1712923200,90.21,90.3165,pre
1712926800,90.3,89.696,pre
1712928600,89.699,89.2164,regular
1712932200,89.2,89.2562,regular
1712935800,89.267,88.725,regular
1712939400,88.7365,88.565,regular
1712943000,88.549,88.306,regular
1712946600,88.2965,87.9622,regular
1712950200,87.9575,88.23,regular
1712952000,88.195,88.05,post
1712955600,88.04,87.78,post
1712959200,87.787,87.534,post
1712962800,87.544,87.51,post
1713168000,88.611,88.795,pre
1713171600,88.75,89.069,pre
1713175200,89.04,89.181,pre
1713178800,89.181,89.049,pre
1713182400,89.069,88.701,pre
1713186000,88.706,89.094,pre
1713187800,89.1285,89.9344,regular
1713191400,89.934,88.68,regular
1713195000,88.687,88.3063,regular
1713198600,88.305,86.857,regular
1713202200,86.8845,86.814,regular
1713205800,86.786,86.0258,regular
1713209400,86.034,86.001,regular
1713211200,86.003,85.74,post
1713214800,85.73,85.613,post
1713218400,85.626,85.734,post
1713222000,85.725,85.7,post
1713254400,86.0,86.117,pre
1713258000,86.144,86.055,pre
1713261600,86.06,85.043,pre
1713265200,85.061,86.28,pre
1713268800,86.279,86.347,pre
1713272400,86.336,86.5,pre
1713274200,86.49,87.082,regular
1713277800,87.0598,87.4335,regular
1713281400,87.433,86.999,regular
1713285000,86.988,87.4649,regular
1713288600,87.448,87.3325,regular
1713292200,87.315,87.8385,regular
1713295800,87.8505,87.4139,regular
1713297600,87.415,87.515,post
1713301200,87.49,87.445,post
1713304800,87.46,87.73,post
1713308400,87.725,87.99,post
1713340800,87.347,87.46,pre
1713344400,87.446,87.595,pre
1713348000,87.585,87.801,pre
1713351600,87.83,88.05,pre
1713355200,88.049,88.0975,pre
1713358800,88.08,88.3,pre
1713360600,88.3,86.692,regular
1713364200,86.667,86.176,regular
1713367800,86.197,85.138,regular
1713371400,85.1379,85.033,regular
1713375000,85.052,85.207,regular
1713378600,85.205,84.1005,regular
1713382200,84.111,84.045,regular
1713384000,84.024,84.32,post
1713387600,84.325,84.445,post
1713391200,84.442,84.513,post
1713394800,84.513,84.679,post
1713427200,85.522,85.15,pre
1713430800,85.215,84.577,pre
1713434400,84.591,84.678,pre
1713438000,84.678,85.292,pre
1713441600,85.283,85.0,pre
1713445200,85.05,84.986,pre
1713447000,84.977,84.5889,regular
1713450600,84.6172,85.471,regular
1713454200,85.49,86.0261,regular
1713457800,86.0253,84.652,regular
1713461400,84.669,84.655,regular
1713465000,84.616,84.678,regular
1713468600,84.68,84.658,regular
1713470400,84.671,84.584,post
1713474000,84.5825,84.408,post
1713477600,84.461,84.5175,post
1713481200,84.513,84.225,post
1713513600,83.427,83.7,pre
1713517200,83.7,83.778,pre
1713520800,83.782,83.925,pre
1713524400,83.891,84.4,pre
1713528000,84.39,84.78,pre
1713531600,84.781,83.135,pre
1713533400,83.15,81.9305,regular
1713537000,81.9245,81.8685,regular
1713540600,81.878,80.225,regular
1713544200,80.217,80.364,regular
1713547800,80.3544,78.188,regular
1713551400,78.137,76.944,regular
1713555000,76.959,76.215,regular
1713556800,76.223,76.65,post
1713560400,76.648,76.1,post
1713564000,76.08,76.1378,post
1713567600,76.138,75.98,post
1713772800,77.597,77.445,pre
1713776400,77.45,78.01,pre
1713780000,78.023,78.065,pre
1713783600,78.071,77.451,pre
1713787200,77.463,76.669,pre
1713790800,76.674,78.123,pre
1713792600,78.111,77.141,regular
1713796200,77.133,77.878,regular
1713799800,77.851,78.484,regular
1713803400,78.5,79.471,regular
1713807000,79.467,79.638,regular
1713810600,79.6435,79.462,regular
1713814200,79.4745,79.51,regular
1713816000,79.474,79.25,post
1713819600,79.24,79.559,post
1713823200,79.559,79.2896,post
1713826800,79.3,79.325,post
1713859200,79.848,80.289,pre
1713862800,80.278,80.774,pre
1713866400,80.77,80.681,pre
1713870000,80.72,80.6,pre
1713873600,80.618,80.51,pre
1713877200,80.54,80.805,pre
1713879000,80.795,82.3887,regular
1713882600,82.397,82.439,regular
1713886200,82.419,82.152,regular
1713889800,82.1719,81.876,regular
1713893400,81.8813,82.578,regular
1713897000,82.583,82.626,regular
1713900600,82.6255,82.4769,regular
1713902400,82.423,82.949,post
1713906000,82.97,83.448,post
1713909600,83.44,83.8,post
1713913200,83.763,83.851,post
1713945600,84.407,83.759,pre
1713949200,83.755,83.763,pre
1713952800,83.765,84.136,pre
1713956400,84.089,84.175,pre
1713960000,84.169,83.927,pre
1713963600,83.91,84.0,pre
1713965400,83.978,82.98,regular
1713969000,82.9793,81.978,regular
1713972600,81.9695,80.7095,regular
1713976200,80.719,81.474,regular
1713979800,81.465,80.0325,regular
1713983400,80.0415,79.856,regular
1713987000,79.8378,79.7,regular
1713988800,79.677,78.375,post
1713992400,78.4,78.429,post
1713996000,78.4,78.498,post
1713999600,78.402,78.355,post
1714032000,78.771,79.263,pre
1714035600,79.274,80.102,pre
1714039200,80.102,80.344,pre
1714042800,80.306,79.946,pre
1714046400,79.944,79.815,pre
1714050000,79.85,78.86,pre
1714051800,78.868,81.997,regular
1714055400,82.022,81.6538,regular
1714059000,81.6519,82.067,regular
1714062600,82.068,82.4445,regular
1714066200,82.441,82.568,regular
1714069800,82.546,82.9385,regular
1714073400,82.96,82.601,regular
1714075200,82.632,84.359,post
1714078800,84.302,84.25,post
1714082400,84.2,84.62,post
1714086000,84.6255,84.5995,post
1714118400,84.343,84.218,pre
1714122000,84.218,83.598,pre
1714125600,83.592,83.859,pre
1714129200,83.83,84.112,pre
1714132800,84.125,83.8,pre
1714136400,83.71,83.871,pre
1714138200,83.899,86.217,regular
1714141800,86.216,86.9986,regular
1714145400,86.999,87.0153,regular
1714149000,87.002,88.1477,regular
1714152600,88.154,87.574,regular
1714156200,87.5859,87.807,regular
1714159800,87.816,87.69,regular
1714161600,87.735,87.7315,post
1714165200,87.732,87.8125,post
1714168800,87.8125,87.95,post
1714172400,87.951,87.916,post
1714377600,88.446,88.277,pre
1714381200,88.29,87.456,pre
1714384800,87.467,87.25,pre
1714388400,87.262,87.88,pre
1714392000,87.888,88.008,pre
1714395600,88.02,87.647,pre
1714397400,87.595,87.3547,regular
1714401000,87.35,86.999,regular
1714404600,86.9813,87.1079,regular
1714408200,87.12,87.9045,regular
1714411800,87.9045,87.5875,regular
1714415400,87.5815,87.087,regular
1714419000,87.11,87.747,regular
1714420800,87.747,87.85,post
1714424400,87.851,87.88,post
1714428000,87.8865,87.9,post
1714431600,87.902,87.9595,post
1714464000,87.82,87.58,pre
1714467600,87.552,87.45,pre
1714471200,87.45,87.221,pre
1714474800,87.22,87.55,pre
1714478400,87.64,87.265,pre
1714482000,87.252,87.2,pre
1714483800,87.142,87.4895,regular
1714487400,87.45,87.496,regular
1714491000,87.51,87.35,regular
1714494600,87.3675,86.612,regular
1714498200,86.6,86.707,regular
1714501800,86.701,87.0368,regular
1714505400,87.0235,86.37,regular
1714507200,86.402,85.061,post
1714510800,85.05,84.219,post
1714514400,84.219,84.845,post
1714518000,84.84,85.048,post
1714550400,84.749,84.811,pre
1714554000,84.845,84.501,pre
1714557600,84.505,84.3,pre
1714561200,84.3,84.768,pre
1714564800,84.789,85.052,pre
1714568400,85.1,85.164,pre
1714570200,85.05,83.752,regular
1714573800,83.792,82.7105,regular
1714577400,82.695,82.254,regular
1714581000,82.287,82.099,regular
1714584600,82.1,83.75,regular
1714588200,83.735,85.036,regular
1714591800,85.028,83.098,regular
1714593600,83.001,82.6692,post
1714597200,82.689,83.167,post
1714600800,83.168,83.47,post
1714604400,83.472,83.881,post
1714636800,84.301,84.459,pre
1714640400,84.45,84.275,pre
1714644000,84.289,84.469,pre
1714647600,84.411,84.737,pre
1714651200,84.74,84.4394,pre
1714654800,84.4,84.395,pre
1714656600,84.48,84.2505,regular
1714660200,84.2466,84.634,regular
1714663800,84.656,84.72,regular
1714667400,84.7158,85.486,regular
1714671000,85.5,85.289,regular
1714674600,85.2982,86.0155,regular
1714678200,86.015,85.816,regular
1714680000,85.811,86.424,post
1714683600,86.424,86.365,post
1714687200,86.368,86.4655,post
1714690800,86.46,86.54,post
1714723200,86.45,86.32,pre
1714726800,86.321,86.279,pre
1714730400,86.269,86.288,pre
1714734000,86.292,86.279,pre
1714737600,86.261,86.25,pre
1714741200,86.105,87.7565,pre
1714743000,87.789,87.862,regular
1714746600,87.887,88.0246,regular
1714750200,88.05,88.541,regular
1714753800,88.5563,88.824,regular
1714757400,88.824,89.122,regular
1714761000,89.1265,88.863,regular
1714764600,88.878,88.787,regular
1714766400,88.789,88.73,post
1714770000,88.733,88.64,post
1714773600,88.64,88.68,post
1714777200,88.688,88.6175,post
1714982400,88.812,89.4,pre
1714986000,89.4,89.336,pre
1714989600,89.342,89.4,pre
1714993200,89.4,89.246,pre
1714996800,89.247,89.416,pre
1715000400,89.427,89.424,pre
1715002200,89.362,91.2384,regular
1715005800,91.237,91.714,regular
1715009400,91.7156,91.604,regular
1715013000,91.629,91.713,regular
1715016600,91.745,91.9215,regular
1715020200,91.9233,91.98,regular
1715023800,91.967,92.161,regular
1715025600,92.1515,91.95,post
1715029200,91.915,91.9615,post
1715032800,91.953,92.006,post
1715036400,92.015,91.5185,post
1715068800,91.311,91.298,pre
1715072400,91.3,91.1,pre
1715076000,91.09,90.741,pre
1715079600,90.73,91.061,pre
1715083200,91.058,91.128,pre
1715086800,91.1465,91.081,pre
1715088600,91.086,89.736,regular
1715092200,89.738,90.427,regular
1715095800,90.432,91.397,regular
1715099400,91.394,91.597,regular
1715103000,91.63,90.15,regular
1715106600,90.172,90.354,regular
1715110200,90.3595,90.535,regular
1715112000,90.5075,90.44,post
1715115600,90.4175,90.25,post
1715119200,90.2415,90.235,post
1715122800,90.242,90.42,post
1715155200,90.446,90.33,pre
1715158800,90.336,90.245,pre
1715162400,90.26,90.397,pre
1715166000,90.372,90.113,pre
1715169600,90.12,89.582,pre
1715173200,89.601,89.523,pre
1715175000,89.488,90.983,regular
1715178600,91.001,89.9645,regular
1715182200,89.9645,90.1459,regular
1715185800,90.1476,89.959,regular
1715189400,89.934,90.5145,regular
1715193000,90.519,90.361,regular
1715196600,90.375,90.317,regular
1715198400,90.412,89.95,post
1715202000,89.971,89.963,post
1715205600,89.972,89.879,post
1715209200,89.88,89.865,post
1715241600,89.795,89.955,pre
1715245200,89.95,89.802,pre
1715248800,89.802,89.965,pre
1715252400,89.975,89.822,pre
1715256000,89.825,90.295,pre
1715259600,90.29,90.54,pre
1715261400,90.537,88.36,regular
1715265000,88.317,89.5409,regular
1715268600,89.55,89.11,regular
1715272200,89.1376,89.2073,regular
1715275800,89.2319,89.008,regular
1715279400,89.018,88.6765,regular
1715283000,88.684,88.79,regular
1715284800,88.747,88.63,post
1715288400,88.637,88.8315,post
1715292000,88.844,88.882,post
1715295600,88.89,88.896,post
1715328000,89.324,89.682,pre
1715331600,89.682,90.07,pre
1715335200,90.074,89.985,pre
1715338800,89.966,89.876,pre
1715342400,89.896,90.079,pre
1715346000,90.0735,90.292,pre
1715347800,90.316,89.517,regular
1715351400,89.531,89.8899,regular
1715355000,89.895,89.771,regular
1715358600,89.7772,89.859,regular
1715362200,89.874,89.938,regular
1715365800,89.9327,89.78,regular
1715369400,89.782,89.886,regular
1715371200,89.878,89.71,post
1715374800,89.68,89.743,post
1715378400,89.743,89.7215,post
1715382000,89.722,89.72,post
1715587200,90.117,90.34,pre
1715590800,90.35,90.465,pre
1715594400,90.475,90.534,pre
1715598000,90.549,90.57,pre
1715601600,90.559,90.597,pre
1715605200,90.5785,90.45,pre
1715607000,90.47,89.6705,regular
1715610600,89.65,89.98,regular
1715614200,89.957,90.731,regular
1715617800,90.747,90.2145,regular
1715621400,90.213,90.278,regular
1715625000,90.2885,90.296,regular
1715628600,90.274,90.399,regular
1715630400,90.399,90.29,post
1715634000,90.265,90.3254,post
1715637600,90.33,90.228,post
1715641200,90.235,90.255,post
1715673600,90.274,90.3,pre
1715677200,90.265,90.094,pre
1715680800,90.05,89.98,pre
1715684400,89.981,89.98,pre
1715688000,89.98,90.169,pre
1715691600,90.141,89.54,pre
1715693400,89.599,90.69,regular
1715697000,90.7105,91.1795,regular
1715700600,91.195,90.6795,regular
1715704200,90.6822,90.863,regular
1715707800,90.865,91.3491,regular
1715711400,91.3495,91.39,regular
1715715000,91.38,91.375,regular
1715716800,91.356,91.125,post
1715720400,91.115,91.192,post
1715724000,91.1785,91.302,post
1715727600,91.286,91.28,post
1715760000,91.3,91.168,pre
1715763600,91.185,91.185,pre
1715767200,91.207,91.046,pre
1715770800,91.06,91.307,pre
1715774400,91.32,91.399,pre
1715778000,91.389,92.485,pre
1715779800,92.472,93.3852,regular
1715783400,93.391,94.051,regular
1715787000,94.0696,94.614,regular
1715790600,94.614,94.544,regular
1715794200,94.537,94.602,regular
1715797800,94.6005,94.591,regular
1715801400,94.5855,94.656,regular
1715803200,94.63,94.98,post
1715806800,94.991,95.081,post
1715810400,95.081,95.058,post
1715814000,95.05,95.199,post
1715846400,95.119,95.174,pre
1715850000,95.188,95.12,pre
1715853600,95.157,95.09,pre
1715857200,95.099,95.39,pre
1715860800,95.386,95.247,pre
1715864400,95.2395,94.955,pre
1715866200,94.903,95.233,regular
1715869800,95.257,95.453,regular
1715873400,95.45,94.957,regular
1715877000,94.968,94.447,regular
1715880600,94.4432,94.444,regular
1715884200,94.425,94.981,regular
1715887800,94.983,94.371,regular
1715889600,94.325,94.073,post
1715893200,94.091,94.03,post
1715896800,94.036,94.163,post
1715900400,94.1635,94.086,post
1715932800,94.267,93.925,pre
1715936400,93.957,94.236,pre
1715940000,94.265,93.894,pre
1715943600,93.897,94.144,pre
1715947200,94.139,94.399,pre
1715950800,94.3932,94.433,pre
1715952600,94.494,93.779,regular
1715956200,93.7712,93.663,regular
1715959800,93.6715,93.374,regular
1715963400,93.359,93.2,regular
1715967000,93.199,91.9815,regular
1715970600,91.9569,92.782,regular
1715974200,92.779,92.494,regular
1715976000,92.493,92.55,post
1715979600,92.545,92.487,post
1715983200,92.48,92.45,post
1715986800,92.455,92.575,post
1716192000,93.325,93.369,pre
1716195600,93.342,93.738,pre
1716199200,93.759,93.7,pre
1716202800,93.71,93.77,pre
1716206400,93.775,93.686,pre
1716210000,93.693,93.758,pre
1716211800,93.75,94.8215,regular
1716215400,94.822,94.5781,regular
1716219000,94.5755,94.5434,regular
1716222600,94.524,94.718,regular
1716226200,94.7125,94.8605,regular
1716229800,94.873,95.104,regular
1716233400,95.125,94.834,regular
1716235200,94.78,94.875,post
1716238800,94.872,94.8205,post
1716242400,94.821,94.9435,post
1716246000,94.9435,95.01,post
1716278400,95.385,95.192,pre
1716282000,95.182,95.047,pre
1716285600,95.04,95.223,pre
1716289200,95.223,95.392,pre
1716292800,95.399,95.1475,pre
1716296400,95.15,93.5505,pre
1716298200,93.599,94.0571,regular
1716301800,94.078,94.859,regular
1716305400,94.871,95.1572,regular
1716309000,95.156,94.856,regular
1716312600,94.865,94.791,regular
1716316200,94.809,95.0935,regular
1716319800,95.081,95.351,regular
1716321600,95.386,56.7985,post
1716325200,95.249,95.2525,post
1716328800,95.2525,95.2815,post
1716332400,95.2723,95.337,post
1716364800,95.385,95.18,pre
1716368400,95.195,94.844,pre
1716372000,94.874,94.95,pre
1716375600,94.939,95.33,pre
1716379200,95.324,95.495,pre
1716382800,95.474,95.444,pre
1716384600,95.411,94.4545,regular
1716388200,94.446,95.028,regular
1716391800,95.028,94.9817,regular
1716395400,94.971,94.891,regular
1716399000,94.882,93.413,regular
1716402600,93.415,94.211,regular
1716406200,94.194,94.87,regular
1716408000,94.95,98.769,post
1716411600,98.789,100.8535,post
1716415200,100.874,100.7715,post
1716418800,100.743,100.7,post
1716451200,100.85,101.5,pre
1716454800,101.455,101.316,pre
1716458400,101.301,101.276,pre
1716462000,101.27,101.949,pre
1716465600,101.985,101.738,pre
1716469200,101.748,102.015,pre
1716471000,102.0,104.228,regular
1716474600,104.2225,104.5945,regular
1716478200,104.6,105.157,regular
1716481800,105.1588,105.95,regular
1716485400,105.934,104.0014,regular
1716489000,104.0,102.5445,regular
1716492600,102.562,103.821,regular
1716494400,103.799,103.254,post
1716498000,103.268,103.325,post
1716501600,103.338,103.67,post
1716505200,103.656,103.54,post
1716537600,102.566,103.5,pre
1716541200,103.49,104.158,pre
1716544800,104.111,104.256,pre
1716548400,104.272,105.04,pre
1716552000,105.024,104.946,pre
1716555600,104.95,104.4,pre
1716557400,104.518,103.9728,regular
1716561000,104.0,104.689,regular
1716564600,104.6988,104.5685,regular
1716568200,104.5829,104.804,regular
1716571800,104.801,105.537,regular
1716575400,105.548,105.9578,regular
1716579000,105.949,106.438,regular
1716580800,106.469,106.512,post
1716584400,106.511,106.503,post
1716588000,106.5025,106.87,post
1716591600,106.855,106.8895,post
1716883200,109.509,109.88,pre
1716886800,109.91,109.375,pre
1716890400,109.378,109.04,pre
1716894000,109.04,109.529,pre
1716897600,109.628,109.677,pre
1716901200,109.6735,110.224,pre
1716903000,110.228,111.4,regular
1716906600,111.4078,112.164,regular
1716910200,112.1607,112.588,regular
1716913800,112.6053,114.3835,regular
1716917400,114.3915,113.488,regular
1716921000,113.477,113.873,regular
1716924600,113.899,114.0,regular
1716926400,113.9,114.384,post
1716930000,114.398,114.673,post
1716933600,114.675,114.817,post
1716937200,114.829,114.998,post
1716969600,115.191,113.42,pre
1716973200,113.4,112.431,pre
1716976800,112.45,113.82,pre
1716980400,113.83,114.23,pre
1716984000,114.238,114.437,pre
1716987600,114.415,113.021,pre
1716989400,113.0545,113.6524,regular
1716993000,113.678,113.6675,regular
1716996600,113.65,114.243,regular
1717000200,114.231,114.5993,regular
1717003800,114.5975,114.921,regular
1717007400,114.908,115.171,regular
1717011000,115.1495,114.756,regular
1717012800,114.825,113.74,post
1717016400,113.742,114.165,post
1717020000,114.1585,113.954,post
1717023600,113.95,113.616,post
1717056000,113.494,113.6,pre
1717059600,113.6,113.861,pre
1717063200,113.854,113.797,pre
1717066800,113.824,114.354,pre
1717070400,114.336,114.14,pre
1717074000,114.12,114.7,pre
1717075800,114.617,114.2515,regular
1717079400,114.242,113.235,regular
1717083000,113.233,113.8966,regular
1717086600,113.882,113.94,regular
1717090200,113.9071,113.5633,regular
1717093800,113.5535,111.88,regular
1717097400,111.9035,110.554,regular
1717099200,110.52,110.422,post
1717102800,110.422,109.901,post
1717106400,109.921,109.8745,post
1717110000,109.85,109.35,post
1717142400,110.25,111.36,pre
1717146000,111.36,111.267,pre
1717149600,111.259,110.74,pre
1717153200,110.758,111.25,pre
1717156800,111.25,111.812,pre
1717160400,111.78,112.541,pre
1717162200,112.513,109.5031,regular
1717165800,109.45,109.1271,regular
1717169400,109.1761,107.22,regular
1717173000,107.2253,108.926,regular
1717176600,108.924,108.2197,regular
1717180200,108.2171,109.002,regular
1717183800,109.004,109.746,regular
1717185600,109.69,109.525,post
1717189200,109.525,109.844,post
1717192800,109.836,109.87,post
1717196400,109.869,110.194,post
1717401600,112.0,112.445,pre
1717405200,112.467,112.86,pre
1717408800,112.878,112.749,pre
1717412400,112.773,112.734,pre
1717416000,112.735,113.5165,pre
1717419600,113.52,113.6473,pre
1717421400,113.5894,114.125,regular
1717425000,114.1,113.086,regular
1717428600,113.069,113.198,regular
1717432200,113.166,113.615,regular
1717435800,113.6045,113.602,regular
1717439400,113.597,114.503,regular
1717443000,114.516,115.0,regular
1717444800,114.999,115.5505,post
1717448400,115.55,115.5,post
1717452000,115.485,115.319,post
1717455600,115.319,115.4,post
1717488000,115.0,114.582,pre
1717491600,114.58,114.06,pre
1717495200,114.05,114.222,pre
1717498800,114.21,114.781,pre
1717502400,114.781,115.068,pre
1717506000,115.07,115.715,pre
1717507800,115.717,114.62,regular
1717511400,114.601,114.3445,regular
1717515000,114.32,114.8516,regular
1717518600,114.862,115.069,regular
1717522200,115.086,115.8807,regular
1717525800,115.885,116.0907,regular
1717529400,116.087,116.444,regular
1717531200,116.437,116.18,post
1717534800,116.19,116.35,post
1717538400,116.3305,116.26,post
1717542000,116.24,116.36,post
1717574400,116.4,116.981,pre
1717578000,116.98,118.17,pre
1717581600,118.174,118.075,pre
1717585200,118.082,118.089,pre
1717588800,118.07,117.9,pre
1717592400,117.884,118.367,pre
1717594200,118.372,119.7182,regular
1717597800,119.728,119.813,regular
1717601400,119.83,119.9,regular
1717605000,119.8975,120.8685,regular
1717608600,120.8792,121.5726,regular
1717612200,121.56,121.827,regular
1717615800,121.8113,122.439,regular
1717617600,122.44,123.138,post
1717621200,123.1245,123.4175,post
1717624800,123.4175,123.7,post
1717628400,123.71,123.5905,post
1717660800,124.5,124.64,pre
1717664400,124.64,124.0,pre
1717668000,124.0,123.9,pre
1717671600,123.9,124.85,pre
1717675200,124.8571,124.6235,pre
1717678800,124.65,124.078,pre
1717680600,124.091,121.089,regular
1717684200,121.1738,120.4625,regular
1717687800,120.402,119.727,regular
1717691400,119.6792,119.7795,regular
1717695000,119.7795,119.6,regular
1717698600,119.599,120.1615,regular
1717702200,120.144,120.941,regular
1717704000,120.9415,120.6755,post
1717707600,120.6305,119.91,post
1717711200,119.968,120.401,post
1717714800,120.401,120.3775,post
1717747200,120.926,121.763,pre
1717750800,121.8,121.299,pre
1717754400,121.299,121.154,pre
1717758000,121.144,120.408,pre
1717761600,120.4,120.3505,pre
1717765200,120.4,119.825,pre
1717767000,119.84,118.8303,regular
1717770600,118.8237,119.006,regular
1717774200,119.0251,120.787,regular
1717777800,120.78,120.9975,regular
1717781400,120.976,120.2235,regular
1717785000,120.201,120.64,regular
1717788600,120.64,120.865,regular
1717790400,120.888,120.848,post
1717794000,120.82,120.6805,post
1717797600,120.68,120.5345,post
1717801200,120.5375,120.78,post
1718006400,120.87,120.3,pre
1718010000,120.35,120.05,pre
1718013600,120.05,120.79,pre
1718017200,120.79,120.45,pre
1718020800,120.44,120.55,pre
1718024400,120.5491,120.38,pre
1718026200,120.38,119.93,regular
1718029800,119.92,122.3083,regular
1718033400,122.295,122.23,regular
1718037000,122.23,122.08,regular
1718040600,122.0894,121.175,regular
1718044200,121.17,122.39,regular
1718047800,122.39,121.65,regular
1718049600,121.65,121.82,post
1718053200,121.79,121.715,post
1718056800,121.715,121.765,post
1718060400,121.765,121.62,post
1718092800,122.11,121.9,pre
1718096400,121.93,121.74,pre
1718100000,121.78,121.6,pre
1718103600,121.59,121.21,pre
1718107200,121.22,121.47,pre
1718110800,121.45,121.78,pre
1718112600,121.79,121.0268,regular
1718116200,121.055,120.67,regular
1718119800,120.6797,120.605,regular
1718123400,120.61,120.28,regular
1718127000,120.2899,120.93,regular
1718130600,120.94,120.37,regular
1718134200,120.365,120.91,regular
1718136000,120.91,120.79,post
1718139600,120.785,121.11,post
1718143200,121.12,121.04,post
1718146800,121.045,121.055,post
1718179200,121.15,121.14,pre
1718182800,121.17,121.3,pre
1718186400,121.31,121.15,pre
1718190000,121.15,121.52,pre
1718193600,121.52,121.44,pre
1718197200,121.44,123.1,pre
1718199000,123.05,126.84,regular
1718202600,126.835,125.54,regular
1718206200,125.54,125.58,regular
1718209800,125.57,125.8794,regular
1718213400,125.8601,125.65,regular
1718217000,125.64,124.4401,regular
1718220600,124.48,125.27,regular
1718222400,125.25,126.43,post
1718226000,126.41,126.1,post
1718229600,126.1,126.58,post
1718233200,126.565,126.48,post
1718265600,127.52,128.17,pre
1718269200,128.17,128.1,pre
1718272800,128.11,127.74,pre
1718276400,127.72,127.77,pre
1718280000,127.77,128.25,pre
1718283600,128.22,129.3909,pre
1718285400,129.4,128.26,regular
1718289000,128.29,128.005,regular
1718292600,128.005,127.816,regular
1718296200,127.815,128.4088,regular
1718299800,128.4099,128.84,regular
1718303400,128.83,129.09,regular
1718307000,129.09,129.37,regular
1718308800,129.61,129.64,post
1718312400,129.64,129.37,post
1718316000,129.37,129.405,post
1718319600,129.41,129.82,post
1718352000,131.0,131.34,pre
1718355600,131.34,131.03,pre
1718359200,131.03,129.98,pre
1718362800,129.93,129.34,pre
1718366400,129.33,129.93,pre
1718370000,129.94,130.0,pre
1718371800,129.94,132.6397,regular
1718375400,132.64,130.6804,regular
1718379000,130.6714,130.6703,regular
1718382600,130.67,132.0324,regular
1718386200,132.03,131.8175,regular
1718389800,131.815,131.82,regular
1718393400,131.82,131.98,regular
1718395200,131.88,131.985,post
1718398800,131.99,131.93,post
1718402400,131.945,131.83,post
1718406000,131.84,131.3,post
1718611200,132.79,132.8,pre
1718614800,132.81,132.76,pre
1718618400,132.76,132.34,pre
1718622000,132.34,132.59,pre
1718625600,132.57,133.4592,pre
1718629200,133.43,132.95,pre
1718631000,132.905,130.25,regular
1718634600,130.3065,131.21,regular
1718638200,131.22,131.98,regular
1718641800,131.985,131.94,regular
1718645400,131.94,132.075,regular
1718649000,132.08,132.25,regular
1718652600,132.24,131.09,regular
1718654400,131.0,131.03,post
1718658000,131.03,130.84,post
1718661600,130.84,131.0,post
1718665200,130.99,130.96,post
1718697600,131.5,131.32,pre
1718701200,131.32,131.2,pre
1718704800,131.2,131.54,pre
1718708400,131.54,131.78,pre
1718712000,131.8,131.78,pre
1718715600,131.78,131.1304,pre
1718717400,131.04,133.06,regular
1718721000,133.07,133.47,regular
1718724600,133.4618,134.4457,regular
1718728200,134.44,135.62,regular
1718731800,135.6399,135.875,regular
1718735400,135.865,135.72,regular
1718739000,135.7101,135.68,regular
1718740800,135.58,136.18,post
1718744400,136.18,136.58,post
1718748000,136.57,136.55,post
1718751600,136.58,136.41,post
1718870400,139.5,140.45,pre
1718874000,140.48,140.01,pre
1718877600,139.97,139.11,pre
1718881200,139.11,140.34,pre
1718884800,140.33,140.645,pre
1718888400,140.66,139.82,pre
1718890200,139.85,138.1516,regular
1718893800,138.16,138.989,regular
1718897400,138.986,134.145,regular
1718901000,134.14,131.24,regular
1718904600,131.2436,133.1103,regular
1718908200,133.11,131.2984,regular
1718911800,131.2999,130.72,regular
1718913600,130.75,130.69,post
1718917200,130.69,129.96,post
1718920800,129.96,130.1796,post
1718924400,130.165,130.19,post
1718956800,131.4,127.65,pre
1718960400,127.67,128.09,pre
1718964000,128.11,128.7,pre
1718967600,128.71,128.911,pre
1718971200,128.97,128.42,pre
1718974800,128.425,127.21,pre
1718976600,127.0,125.68,regular
1718980200,125.6401,128.29,regular
1718983800,128.3099,129.09,regular
1718987400,129.096,126.85,regular
1718991000,126.84,126.665,regular
1718994600,126.66,126.735,regular
1718998200,126.735,127.06,regular
1719000000,127.06,127.0,post
1719003600,127.0,126.56,post
1719007200,126.57,126.81,post
1719010800,126.8,126.99,post
1719216000,127.0,126.31,pre
1719219600,126.31,124.85,pre
1719223200,124.9,124.18,pre
1719226800,124.17,124.27,pre
1719230400,124.25,124.5,pre
1719234000,124.5,123.23,pre
1719235800,122.94,120.89,regular
1719239400,120.85,119.82,regular
1719243000,119.825,120.76,regular
1719246600,120.75,119.315,regular
1719250200,119.315,118.67,regular
1719253800,118.67,120.38,regular
1719257400,120.37,118.07,regular
1719259200,118.07,116.72,post
1719262800,116.72,116.97,post
1719266400,116.97,116.88,post
1719270000,116.88,116.57,post
1719302400,115.35,118.25,pre
1719306000,118.25,120.78,pre
1719309600,120.78,121.64,pre
1719313200,121.62,121.4,pre
1719316800,121.42,121.055,pre
1719320400,121.03,121.055,pre
1719322200,121.2,121.9999,regular
1719325800,121.984,124.11,regular
1719329400,124.095,124.57,regular
1719333000,124.57,124.37,regular
1719336600,124.36,125.1292,regular
1719340200,125.12,126.32,regular
1719343800,126.32,126.25,regular
1719345600,126.24,127.08,post
1719349200,127.0797,127.605,post
1719352800,127.605,127.635,post
1719356400,127.63,127.24,post
1719388800,129.29,128.96,pre
1719392400,128.97,128.94,pre
1719396000,128.97,128.63,pre
1719399600,128.63,129.03,pre
1719403200,129.05,128.28,pre
1719406800,128.285,126.12,pre
1719408600,126.15,125.1399,regular
1719412200,125.11,123.4104,regular
1719415800,123.42,124.4501,regular
1719419400,124.46,123.87,regular
1719423000,123.87,123.5959,regular
1719426600,123.5999,124.394,regular
1719430200,124.39,126.45,regular
1719432000,126.42,124.9,post
1719435600,124.875,124.67,post
1719439200,124.6798,124.0616,post
1719442800,124.055,123.9496,post
1719475200,123.93,124.39,pre
1719478800,124.41,124.85,pre
1719482400,124.86,124.93,pre
1719486000,124.93,124.59,pre
1719489600,124.57,124.55,pre
1719493200,124.57,124.07,pre
1719495000,124.0,124.555,regular
1719498600,124.56,123.54,regular
1719502200,123.53,124.16,regular
1719505800,124.15,124.61,regular
1719509400,124.61,124.53,regular
1719513000,124.525,124.31,regular
1719516600,124.3069,124.09,regular
1719518400,124.0,123.97,post
1719522000,123.96,124.025,post
1719525600,124.03,124.13,post
1719529200,124.13,124.49,post
1719561600,124.67,124.62,pre
1719565200,124.65,124.7,pre
1719568800,124.7,124.63,pre
1719572400,124.64,124.93,pre
1719576000,124.93,125.33,pre
1719579600,125.32,124.53,pre
1719581400,124.575,126.806,regular
1719585000,126.81,125.96,regular
1719588600,125.955,124.705,regular
1719592200,124.705,124.085,regular
1719595800,124.09,123.964,regular
1719599400,123.97,123.8745,regular
1719603000,123.8799,123.44,regular
1719604800,123.465,123.78,post
1719608400,123.78,123.7999,post
1719612000,123.79,123.68,post
1719615600,123.675,123.7501,post
1719820800,124.02,123.89,pre
1719824400,123.88,120.32,pre
1719828000,120.33,121.38,pre
1719831600,121.38,122.14,pre
1719835200,122.14,123.03,pre
1719838800,123.04,123.51,pre
1719840600,123.455,121.8623,regular
1719844200,121.88,124.0999,regular
1719847800,124.095,124.31,regular
1719851400,124.32,123.71,regular
1719855000,123.7,124.0199,regular
1719858600,124.01,124.2911,regular
1719862200,124.29,124.18,regular
1719864000,124.18,124.12,post
1719867600,124.11,124.215,post
1719871200,124.2,123.85,post
1719874800,123.85,123.89,post
1719907200,123.28,122.62,pre
1719910800,122.62,122.88,pre
1719914400,122.87,122.87,pre
1719918000,122.83,123.0,pre
1719921600,123.0,123.1,pre
1719925200,123.07,121.06,pre
1719927000,121.09,121.5199,regular
1719930600,121.51,121.7305,regular
1719934200,121.74,122.595,regular
1719937800,122.6,122.9999,regular
1719941400,123.0,122.72,regular
1719945000,122.72,122.3196,regular
1719948600,122.31,122.66,regular
1719950400,122.66,122.1,post
1719954000,122.1,122.02,post
1719957600,122.0005,122.085,post
1719961200,122.09,122.09,post
1719993600,121.75,121.52,pre
1719997200,121.54,121.25,pre
1720000800,121.25,121.09,pre
1720004400,121.09,121.78,pre
1720008000,121.8,121.835,pre
1720011600,121.83,121.66,pre
1720013400,121.67,121.79,regular
1720017000,121.8,126.0399,regular
1720020600,126.04,127.995,regular
1720026000,127.985,127.945,regular
1720029600,127.945,127.71,regular
1720033200,127.71,127.41,regular
1720036800,127.33,127.415,post
1720166400,128.45,128.58,pre
1720170000,128.58,128.08,pre
1720173600,128.08,128.41,pre
1720177200,128.42,128.57,pre
1720180800,128.58,128.04,pre
1720184400,128.07,127.3,pre
1720186200,127.67,127.1157,regular
1720189800,127.1196,126.955,regular
1720193400,126.96,128.08,regular
1720197000,128.06,127.4401,regular
1720200600,127.4499,126.935,regular
1720204200,126.935,127.03,regular
1720207800,127.02,125.8,regular
1720209600,125.8,125.94,post
1720213200,125.925,125.69,post
1720216800,125.69,125.5,post
1720220400,125.49,125.38,post
1720425600,125.65,125.06,pre
1720429200,125.06,125.07,pre
1720432800,125.04,125.42,pre
1720436400,125.39,126.62,pre
1720440000,126.62,126.67,pre
1720443600,126.65,127.49,pre
1720445400,127.53,128.9607,regular
1720449000,128.96,128.71,regular
1720452600,128.7001,128.3673,regular
1720456200,128.3612,128.76,regular
1720459800,128.7596,129.0296,regular
1720463400,129.02,127.83,regular
1720467000,127.8399,128.19,regular
1720468800,128.17,128.15,post
1720472400,128.1402,128.1097,post
1720476000,128.1002,128.245,post
1720479600,128.245,128.68,post
1720512000,128.82,129.07,pre
1720515600,129.1,129.83,pre
1720519200,129.84,129.73,pre
1720522800,129.72,130.32,pre
1720526400,130.34,129.9693,pre
1720530000,129.96,130.35,pre
1720531800,130.31,131.966,regular
1720535400,131.965,131.57,regular
1720539000,131.577,131.145,regular
1720542600,131.14,129.815,regular
1720546200,129.8,130.165,regular
1720549800,130.17,130.7501,regular
1720553400,130.75,131.45,regular
1720555200,131.43,131.4195,post
1720558800,131.41,131.61,post
1720562400,131.615,132.181,post
1720566000,132.22,132.2,post
1720598400,132.28,132.67,pre
1720602000,132.75,132.78,pre
1720605600,132.77,132.81,pre
1720609200,132.83,132.92,pre
1720612800,132.93,133.88,pre
1720616400,133.886,134.007,pre
1720618200,134.09,134.1169,regular
1720621800,134.12,134.135,regular
1720625400,134.135,134.73,regular
1720629000,134.7299,134.64,regular
1720632600,134.65,134.425,regular
1720636200,134.42,134.682,regular
1720639800,134.68,134.845,regular
1720641600,134.84,135.7,post
1720645200,135.68,135.6401,post
1720648800,135.65,135.43,post
1720652400,135.47,135.635,post
1720684800,135.94,135.93,pre
1720688400,135.95,135.79,pre
1720692000,135.79,135.86,pre
1720695600,135.87,135.55,pre
1720699200,135.57,135.25,pre
1720702800,135.24,135.76,pre
1720704600,135.9799,131.82,regular
1720708200,131.82,128.14,regular
1720711800,128.1301,129.9544,regular
1720715400,129.9444,128.93,regular
1720719000,128.92,128.2,regular
1720722600,128.19,128.166,regular
1720726200,128.16,127.46,regular
1720728000,127.44,127.05,post
1720731600,127.0407,126.46,post
1720735200,126.47,126.2805,post
1720738800,126.29,126.215,post
1720771200,126.78,127.25,pre
1720774800,127.26,128.59,pre
1720778400,128.58,128.19,pre
1720782000,128.19,127.53,pre
1720785600,127.49,127.8333,pre
1720789200,127.7135,128.27,pre
1720791000,128.26,129.02,regular
1720794600,129.03,130.63,regular
1720798200,130.625,129.9754,regular
1720801800,129.9601,130.9399,regular
1720805400,130.93,131.4401,regular
1720809000,131.464,131.0459,regular
1720812600,131.05,129.17,regular
1720814400,129.17,129.81,post
1720818000,129.8105,129.795,post
1720821600,129.82,129.8002,post
1720825200,129.81,129.88,post
1721030400,130.22,130.23,pre
1721034000,130.23,129.95,pre
1721037600,129.9,130.25,pre
1721041200,130.26,130.97,pre
1721044800,130.98,131.0802,pre
1721048400,131.09,130.54,pre
1721050200,130.81,129.19,regular
1721053800,129.23,129.79,regular
1721057400,129.77,128.345,regular
1721061000,128.34,128.11,regular
1721064600,128.1,127.9046,regular
1721068200,127.9,128.17,regular
1721071800,128.16,128.44,regular
1721073600,128.43,128.491,post
1721077200,128.53,128.5005,post
1721080800,128.5005,128.5602,post
1721084400,128.57,128.6,post
1721116800,128.31,127.72,pre
1721120400,127.72,128.07,pre
1721124000,128.07,128.06,pre
1721127600,128.07,128.55,pre
1721131200,128.53,128.59,pre
1721134800,128.57,128.43,pre
1721136600,128.41,125.86,regular
1721140200,125.868,126.46,regular
1721143800,126.45,125.48,regular
1721147400,125.485,125.99,regular
1721151000,126.0,125.78,regular
1721154600,125.78,125.9699,regular
1721158200,125.965,126.315,regular
1721160000,126.36,126.405,post
1721163600,126.4,126.01,post
1721167200,126.0001,125.95,post
1721170800,125.95,125.9193,post
1721203200,124.55,122.06,pre
1721206800,122.06,122.58,pre
1721210400,122.56,122.27,pre
1721214000,122.28,121.02,pre
1721217600,121.04,121.735,pre
1721221200,121.706,121.35,pre
1721223000,121.34,119.01,regular
1721226600,119.01,119.78,regular
1721230200,119.79,117.83,regular
1721233800,117.84,118.2357,regular
1721237400,118.235,118.4542,regular
1721241000,118.45,118.9279,regular
1721244600,118.92,117.85,regular
1721246400,117.825,117.8,post
1721250000,117.82,118.33,post
1721253600,118.33,119.4412,post
1721257200,119.45,119.25,post
1721289600,120.88,121.25,pre
1721293200,121.27,121.15,pre
1721296800,121.15,120.1,pre
1721300400,120.16,120.5,pre
1721304000,120.53,120.97,pre
1721307600,120.98,121.89,pre
1721309400,121.825,119.98,regular
1721313000,119.98,116.85,regular
1721316600,116.855,119.5203,regular
1721320200,119.53,120.44,regular
1721323800,120.45,120.315,regular
1721327400,120.31,119.84,regular
1721331000,119.84,121.11,regular
1721332800,121.16,121.91,post
1721336400,121.92,121.9,post
1721340000,121.97,121.92,post
1721343600,121.9207,121.93,post
1721376000,120.0,120.17,pre
1721379600,120.18,119.92,pre
1721383200,119.88,120.68,pre
1721386800,120.68,121.15,pre
1721390400,121.18,120.51,pre
1721394000,120.5155,120.507,pre
1721395800,120.34,119.2,regular
1721399400,119.195,119.305,regular
1721403000,119.305,119.1773,regular
1721406600,119.17,118.015,regular
1721410200,118.0,117.99,regular
1721413800,117.98,118.775,regular
1721417400,118.77,117.99,regular
1721419200,118.04,117.98,post
1721422800,117.9702,118.08,post
1721426400,118.0507,117.88,post
1721430000,117.86,117.9801,post
1721635200,119.34,119.66,pre
1721638800,119.66,119.83,pre
1721642400,119.85,120.47,pre
1721646000,120.47,120.3,pre
1721649600,120.31,120.475,pre
1721653200,120.49,120.36,pre
1721655000,120.35,122.852,regular
1721658600,122.86,120.8048,regular
1721662200,120.8,121.77,regular
1721665800,121.775,122.8,regular
1721669400,122.81,123.515,regular
1721673000,123.5175,122.84,regular
1721676600,122.865,123.74,regular
1721678400,123.74,123.38,post
1721682000,123.42,123.3797,post
1721685600,123.38,123.631,post
1721689200,123.64,123.315,post
1721721600,122.4,121.98,pre
1721725200,122.0,122.75,pre
1721728800,122.75,122.85,pre
1721732400,122.85,123.44,pre
1721736000,123.44,122.9705,pre
1721739600,122.98,122.6817,pre
1721741400,122.965,123.705,regular
1721745000,123.71,124.02,regular
1721748600,124.03,123.2209,regular
1721752200,123.24,122.85,regular
1721755800,122.87,122.295,regular
1721759400,122.3,122.905,regular
1721763000,122.9,122.43,regular
1721764800,122.445,123.1122,post
1721768400,123.12,120.9207,post
1721772000,120.92,120.7305,post
1721775600,120.7305,120.61,post
1721808000,120.3,120.25,pre
1721811600,120.23,120.46,pre
1721815200,120.46,120.42,pre
1721818800,120.44,120.7,pre
1721822400,120.73,120.03,pre
1721826000,120.06,119.17,pre
1721827800,119.14,118.52,regular
1721831400,118.52,117.995,regular
1721835000,117.99,115.92,regular
1721838600,115.92,116.8401,regular
1721842200,116.8499,115.88,regular
1721845800,115.875,114.01,regular
1721849400,114.0,114.4237,regular
1721851200,114.43,115.13,post
1721854800,115.13,114.61,post
1721858400,114.63,115.19,post
1721862000,115.21,115.45,post
1721894400,114.85,112.63,pre
1721898000,112.6,113.5,pre
1721901600,113.51,112.76,pre
1721905200,112.74,113.22,pre
1721908800,113.2,112.43,pre
1721912400,112.43,113.01,pre
1721914200,113.08,111.36,regular
1721917800,111.36,114.635,regular
1721921400,114.632,116.04,regular
1721925000,116.05,114.81,regular
1721928600,114.82,114.805,regular
1721932200,114.8,114.75,regular
1721935800,114.76,112.34,regular
1721937600,112.33,111.97,post
1721941200,111.99,111.9,post
1721944800,111.9,112.16,post
1721948400,112.16,112.24,post
1721980800,113.78,114.24,pre
1721984400,114.25,114.89,pre
1721988000,114.87,114.45,pre
1721991600,114.49,114.9,pre
1721995200,114.9,115.7083,pre
1721998800,115.655,116.09,pre
1722000600,116.15,113.8,regular
1722004200,113.82,112.605,regular
1722007800,112.61,113.79,regular
1722011400,113.795,114.27,regular
1722015000,114.265,113.0964,regular
1722018600,113.09,112.875,regular
1722022200,112.87,113.06,regular
1722024000,113.06,112.99,post
1722027600,113.0,112.97,post
1722031200,112.95,113.0,post
1722034800,113.0,113.0,post
1722240000,113.29,114.12,pre
1722243600,114.1,113.88,pre
1722247200,113.88,113.75,pre
1722250800,113.74,113.73,pre
1722254400,113.75,113.73,pre
1722258000,113.73,113.69,pre
1722259800,113.6409,114.93,regular
1722263400,114.94,112.5346,regular
1722267000,112.525,112.952,regular
1722270600,112.952,112.11,regular
1722274200,112.13,112.005,regular
1722277800,112.0,112.0,regular
1722281400,111.99,111.55,regular
1722283200,111.51,111.565,post
1722286800,111.565,111.73,post
1722290400,111.72,111.61,post
1722294000,111.62,110.77,post
1722326400,111.4,111.12,pre
1722330000,111.15,110.95,pre
1722333600,110.94,111.0,pre
1722337200,111.0,111.41,pre
1722340800,111.44,111.495,pre
1722344400,111.5,111.52,pre
1722346200,111.51,107.4935,regular
1722349800,107.495,106.06,regular
1722353400,106.06,104.59,regular
1722357000,104.59,105.34,regular
1722360600,105.33,105.9292,regular
1722364200,105.93,104.47,regular
1722367800,104.47,103.7076,regular
1722369600,103.71,106.03,post
1722373200,106.03,106.1295,post
1722376800,106.13,108.53,post
1722380400,108.53,109.0,post
1722412800,109.86,108.92,pre
1722416400,108.95,108.95,pre
1722420000,108.94,110.09,pre
1722423600,110.02,110.49,pre
1722427200,110.49,110.86,pre
1722430800,110.87,112.92,pre
1722432600,112.9,114.1017,regular
1722436200,114.13,115.74,regular
1722439800,115.73,115.4206,regular
1722443400,115.43,115.52,regular
1722447000,115.53,116.24,regular
1722450600,116.24,116.075,regular
1722454200,116.125,117.17,regular
1722456000,117.17,119.04,post
1722459600,119.05,120.01,post
1722463200,120.025,120.99,post
1722466800,120.97,121.3199,post
1722499200,120.0,117.16,pre
1722502800,117.06,117.34,pre
1722506400,117.34,118.48,pre
1722510000,118.48,120.64,pre
1722513600,120.63,120.27,pre
1722517200,120.29,117.5,pre
1722519000,117.6,116.3908,regular
1722522600,116.41,114.23,regular
1722526200,114.23,112.01,regular
1722529800,112.005,109.0101,regular
1722533400,109.02,107.5874,regular
1722537000,107.575,108.3599,regular
1722540600,108.35,109.33,regular
1722542400,109.33,110.67,post
1722546000,110.69,109.28,post
1722549600,109.23,106.99,post
1722553200,107.0,108.16,post
1722585600,106.69,105.5,pre
1722589200,105.52,105.25,pre
1722592800,105.3,106.26,pre
1722596400,106.18,105.08,pre
1722600000,105.1,104.97,pre
1722603600,105.1,103.78,pre
1722605400,103.87,103.92,regular
1722609000,103.915,105.9339,regular
1722612600,105.97,107.2308,regular
1722616200,107.21,104.835,regular
1722619800,104.8245,106.07,regular
1722623400,106.09,106.04,regular
1722627000,106.04,107.3088,regular
1722628800,107.28,107.1,post
1722632400,107.11,106.91,post
1722636000,106.9199,106.73,post
1722639600,106.7302,106.73,post
1722844800,99.43,100.33,pre
1722848400,100.45,97.31,pre
1722852000,97.31,97.15,pre
1722855600,97.15,95.91,pre
1722859200,95.91,92.45,pre
1722862800,92.44,92.03,pre
1722864600,92.06,98.915,regular
1722868200,98.9,100.63,regular
1722871800,100.625,103.19,regular
1722875400,103.16,100.79,regular
1722879000,100.81,100.525,regular
1722882600,100.53,99.99,regular
1722886200,99.985,100.6,regular
1722888000,100.45,102.13,post
1722891600,102.13,102.14,post
1722895200,102.14,102.64,post
1722898800,102.65,103.57,post
1722931200,104.51,103.26,pre
1722934800,103.23,102.11,pre
1722938400,102.11,102.33,pre
1722942000,102.31,103.81,pre
1722945600,103.81,103.34,pre
1722949200,103.33,103.9,pre
1722951000,103.8325,103.64,regular
1722954600,103.67,103.895,regular
1722958200,103.9,105.48,regular
1722961800,105.49,106.95,regular
1722965400,106.95,107.145,regular
1722969000,107.155,106.284,regular
1722972600,106.28,104.01,regular
1722974400,104.01,104.2,post
1722978000,104.1992,102.24,post
1722981600,102.32,102.32,post
1722985200,102.35,101.56,post
1723017600,104.31,105.78,pre
1723021200,105.77,105.56,pre
1723024800,105.57,105.45,pre
1723028400,105.44,106.8,pre
1723032000,106.77,106.55,pre
1723035600,106.59,107.85,pre
1723037400,107.82,104.73,regular
1723041000,104.73,104.9,regular
1723044600,104.905,103.8008,regular
1723048200,103.81,102.25,regular
1723051800,102.25,100.41,regular
1723055400,100.4,100.375,regular
1723059000,100.36,98.75,regular
1723060800,98.75,98.12,post
1723064400,98.12,98.02,post
1723068000,98.05,98.55,post
1723071600,98.53,97.604,post
1723104000,99.15,98.96,pre
1723107600,98.95,99.35,pre
1723111200,99.34,98.93,pre
1723114800,98.93,98.98,pre
1723118400,98.96,97.95,pre
1723122000,97.98,101.99,pre
1723123800,101.99,102.04,regular
1723127400,102.04,102.7342,regular
1723131000,102.75,103.76,regular
1723134600,103.78,104.59,regular
1723138200,104.58,104.8247,regular
1723141800,104.835,104.205,regular
1723145400,104.23,105.22,regular
1723147200,105.16,105.8,post
1723150800,105.81,105.43,post
1723154400,105.42,105.37,post
1723158000,105.38,106.1997,post
1723190400,105.65,107.54,pre
1723194000,107.54,107.45,pre
1723197600,107.45,106.8,pre
1723201200,106.8,106.49,pre
1723204800,106.49,105.57,pre
1723208400,105.5,105.54,pre
1723210200,105.57,104.1901,regular
1723213800,104.19,104.41,regular
1723217400,104.42,104.2101,regular
1723221000,104.21,105.625,regular
1723224600,105.6255,105.1532,regular
1723228200,105.15,104.7401,regular
1723231800,104.745,104.71,regular
1723233600,104.7,104.68,post
1723237200,104.6603,104.6202,post
1723240800,104.63,104.698,post
1723244400,104.6999,104.78,post
1723449600,105.52,105.85,pre
1723453200,105.87,105.5,pre
1723456800,105.49,105.61,pre
1723460400,105.62,105.72,pre
1723464000,105.69,106.03,pre
1723467600,106.029,106.32,pre
1723469400,106.32,110.06,regular
1723473000,110.06,109.23,regular
1723476600,109.22,109.835,regular
1723480200,109.835,109.7899,regular
1723483800,109.785,109.8585,regular
1723487400,109.85,109.3302,regular
1723491000,109.315,109.1216,regular
1723492800,109.13,108.76,post
1723496400,108.75,108.82,post
1723500000,108.8293,109.05,post
1723503600,109.05,108.935,post
1723536000,110.9,111.06,pre
1723539600,111.03,110.89,pre
1723543200,110.89,110.29,pre
1723546800,110.29,110.5,pre
1723550400,110.51,111.35,pre
1723554000,111.3493,112.43,pre
1723555800,112.43,113.8258,regular
1723559400,113.82,114.67,regular
1723563000,114.66,114.515,regular
1723566600,114.52,115.32,regular
1723570200,115.33,115.47,regular
1723573800,115.48,115.67,regular
1723577400,115.67,116.17,regular
1723579200,116.14,116.28,post
1723582800,116.27,116.58,post
1723586400,116.58,116.69,post
1723590000,116.71,116.76,post
1723622400,116.15,116.79,pre
1723626000,116.79,116.96,pre
1723629600,116.92,117.95,pre
1723633200,117.98,118.15,pre
1723636800,118.139,117.79,pre
1723640400,117.75,118.49,pre
1723642200,118.49,115.7801,regular
1723645800,115.79,117.1837,regular
1723649400,117.1897,117.1105,regular
1723653000,117.12,117.1199,regular
1723656600,117.09,117.3697,regular
1723660200,117.35,117.11,regular
1723663800,117.12,117.97,regular
1723665600,117.98,117.78,post
1723669200,117.7603,117.96,post
1723672800,117.95,117.7296,post
1723676400,117.71,117.27,post
1723708800,118.17,117.33,pre
1723712400,117.36,117.7,pre
1723716000,117.69,117.49,pre
1723719600,117.45,117.53,pre
1723723200,117.55,117.1119,pre
1723726800,117.1,118.7528,pre
1723728600,118.92,120.88,regular
1723732200,120.89,122.0192,regular
1723735800,122.0101,122.455,regular
1723739400,122.45,122.0401,regular
1723743000,122.05,122.9302,regular
1723746600,122.9399,122.355,regular
1723750200,122.35,122.91,regular
1723752000,122.9413,122.4,post
1723755600,122.425,122.44,post
1723759200,122.44,122.68,post
1723762800,122.655,122.96,post
1723795200,123.59,123.47,pre
1723798800,123.47,123.61,pre
1723802400,123.61,123.38,pre
1723806000,123.36,123.301,pre
1723809600,123.3,121.62,pre
1723813200,121.64,121.95,pre
1723815000,121.94,124.57,regular
1723818600,124.57,123.09,regular
1723822200,123.08,123.985,regular
1723825800,123.99,124.575,regular
1723829400,124.57,124.625,regular
1723833000,124.6298,124.35,regular
1723836600,124.3599,124.58,regular
1723838400,124.58,124.44,post
1723842000,124.45,124.405,post
1723845600,124.405,124.34,post
1723849200,124.345,124.23,post
1724054400,124.48,123.24,pre
1724058000,123.23,123.22,pre
1724061600,123.24,123.94,pre
1724065200,123.92,124.56,pre
1724068800,124.55,124.92,pre
1724072400,124.9,124.3,pre
1724074200,124.24,124.9535,regular
1724077800,124.955,126.39,regular
1724081400,126.38,127.045,regular
1724085000,127.05,127.9201,regular
1724088600,127.925,129.2205,regular
1724092200,129.22,129.075,regular
1724095800,129.08,129.99,regular
1724097600,129.99,129.47,post
1724101200,129.495,129.39,post
1724104800,129.42,129.2,post
1724108400,129.2,129.11,post
1724140800,129.75,129.3,pre
1724144400,129.3,129.49,pre
1724148000,129.48,129.12,pre
1724151600,129.17,129.54,pre
1724155200,129.53,129.6984,pre
1724158800,129.6952,128.36,pre
1724160600,128.4,127.3102,regular
1724164200,127.3188,127.2799,regular
1724167800,127.2593,127.41,regular
1724171400,127.42,127.44,regular
1724175000,127.46,127.95,regular
1724178600,127.9601,127.6201,regular
1724182200,127.64,127.27,regular
1724184000,127.25,126.79,post
1724187600,126.8,126.35,post
1724191200,126.35,126.4608,post
1724194800,126.46,125.89,post
1724227200,126.55,126.26,pre
1724230800,126.35,126.09,pre
1724234400,126.12,126.3,pre
1724238000,126.31,127.15,pre
1724241600,127.15,127.77,pre
1724245200,127.78,127.3,pre
1724247000,127.315,128.0435,regular
1724250600,128.045,128.2299,regular
1724254200,128.23,127.6747,regular
1724257800,127.66,127.7704,regular
1724261400,127.8,129.106,regular
1724265000,129.095,128.216,regular
1724268600,128.22,128.45,regular
1724270400,128.5,128.47,post
1724274000,128.49,128.34,post
1724277600,128.33,128.46,post
1724281200,128.47,128.5204,post
1724313600,128.41,128.33,pre
1724317200,128.37,128.75,pre
1724320800,128.75,128.9,pre
1724324400,128.9,130.33,pre
1724328000,130.34,129.9,pre
1724331600,129.9,130.01,pre
1724333400,130.03,129.1493,regular
1724337000,129.1499,127.865,regular
1724340600,127.84,126.575,regular
1724344200,126.58,126.199,regular
1724347800,126.19,124.8951,regular
1724351400,124.89,123.51,regular
1724355000,123.52,123.79,regular
1724356800,123.9,124.355,post
1724360400,124.355,124.59,post
1724364000,124.58,124.53,post
1724367600,124.53,124.53,post
1724400000,125.5,125.44,pre
1724403600,125.44,125.14,pre
1724407200,125.17,125.2,pre
1724410800,125.2,125.31,pre
1724414400,125.33,125.16,pre
1724418000,125.14,125.85,pre
1724419800,125.87,129.485,regular
1724423400,129.48,128.74,regular
1724427000,128.77,127.525,regular
1724430600,127.51,128.0106,regular
1724434200,128.02,128.67,regular
1724437800,128.67,128.83,regular
1724441400,128.83,129.28,regular
1724443200,129.25,129.05,post
1724446800,129.07,129.175,post
1724450400,129.18,129.36,post
1724454000,129.36,129.45,post
1724659200,130.0,130.4,pre
1724662800,130.41,130.62,pre
1724666400,130.6,130.9,pre
1724670000,130.9,130.34,pre
1724673600,130.339,129.87,pre
1724677200,129.87,129.56,pre
1724679000,129.6,126.845,regular
1724682600,126.84,127.07,regular
1724686200,127.06,127.035,regular
1724689800,127.025,126.49,regular
1724693400,126.49,126.59,regular
1724697000,126.59,126.64,regular
1724700600,126.64,126.45,regular
1724702400,126.46,126.565,post
1724706000,126.57,126.7597,post
1724709600,126.76,126.55,post
1724713200,126.5887,126.5703,post
1724745600,126.76,126.96,pre
1724749200,126.96,127.13,pre
1724752800,127.11,126.56,pre
1724756400,126.64,126.54,pre
1724760000,126.57,125.78,pre
1724763600,125.77,125.05,pre
1724765400,125.03,127.2016,regular
1724769000,127.205,128.15,regular
1724772600,128.1101,127.975,regular
1724776200,127.965,128.805,regular
1724779800,128.8093,128.4752,regular
1724783400,128.47,128.46,regular
1724787000,128.46,128.34,regular
1724788800,128.34,128.29,post
1724792400,128.28,128.2,post
1724796000,128.21,127.9494,post
1724799600,127.94,127.7,post
1724832000,129.0,128.52,pre
1724835600,128.51,128.99,pre
1724839200,128.98,128.74,pre
1724842800,128.79,128.37,pre
1724846400,128.37,128.51,pre
1724850000,128.51,128.2,pre
1724851800,128.12,127.28,regular
1724855400,127.27,123.9901,regular
1724859000,123.9701,125.485,regular
1724862600,125.47,125.675,regular
1724866200,125.67,124.958,regular
1724869800,124.9568,126.1699,regular
1724873400,126.16,125.66,regular
1724875200,125.66,120.464,post
1724878800,120.58,115.5099,post
1724882400,115.51,117.2,post
1724886000,117.18,116.9492,post
1724918400,121.0,119.82,pre
1724922000,119.83,122.55,pre
1724925600,122.58,122.12,pre
1724929200,122.12,120.31,pre
1724932800,120.3,121.1652,pre
1724936400,121.13,121.39,pre
1724938200,121.355,120.74,regular
1724941800,120.73,120.99,regular
1724945400,120.98,121.29,regular
1724949000,121.28,120.62,regular
1724952600,120.63,119.215,regular
1724956200,119.21,117.9313,regular
1724959800,117.94,117.5904,regular
1724961600,117.63,118.21,post
1724965200,118.21,118.11,post
1724968800,118.13,118.2,post
1724972400,118.21,118.4897,post
1725004800,119.36,119.51,pre
1725008400,119.52,119.45,pre
1725012000,119.44,119.25,pre
1725015600,119.25,118.74,pre
1725019200,118.73,118.9517,pre
1725022800,118.9552,119.532,pre
1725024600,119.5,119.3,regular
1725028200,119.3,117.8599,regular
1725031800,117.85,118.3496,regular
1725035400,118.3401,118.2293,regular
1725039000,118.23,118.6585,regular
1725042600,118.66,119.0368,regular
1725046200,119.04,119.36,regular
1725048000,119.36,119.24,post
1725051600,119.2397,119.2,post
1725055200,119.205,119.16,post
1725058800,119.16,119.24,post
1725350400,119.26,117.69,pre
1725354000,117.67,116.74,pre
1725357600,116.79,117.04,pre
1725361200,117.04,116.96,pre
1725364800,116.96,116.9,pre
1725368400,116.9,116.02,pre
1725370200,115.26,112.18,regular
1725373800,112.1733,110.93,regular
1725377400,110.93,110.2401,regular
1725381000,110.245,110.5,regular
1725384600,110.5,108.285,regular
1725388200,108.29,108.3,regular
1725391800,108.305,107.98,regular
1725393600,108.0,105.4798,post
1725397200,105.47,106.37,post
1725400800,106.36,106.09,post
1725404400,106.09,105.4,post
1725436800,106.0,105.34,pre
1725440400,105.33,106.91,pre
1725444000,106.84,106.29,pre
1725447600,106.29,106.2,pre
1725451200,106.21,105.84,pre
1725454800,105.84,105.39,pre
1725456600,105.38,107.3601,regular
1725460200,107.3501,108.27,regular
1725463800,108.2625,108.675,regular
1725467400,108.675,109.01,regular
1725471000,109.01,108.105,regular
1725474600,108.1,105.955,regular
1725478200,105.9594,106.17,regular
1725480000,106.16,106.6,post
1725483600,106.58,107.12,post
1725487200,107.11,107.06,post
1725490800,107.04,106.69,post
1725523200,107.26,107.52,pre
1725526800,107.52,106.37,pre
1725530400,106.37,106.87,pre
1725534000,106.87,106.73,pre
1725537600,106.74,104.87,pre
1725541200,104.88,104.99,pre
1725543000,105.25,109.0795,regular
1725546600,109.18,106.295,regular
1725550200,106.305,107.4101,regular
1725553800,107.4199,106.3375,regular
1725557400,106.34,106.985,regular
1725561000,106.98,107.17,regular
1725564600,107.176,107.24,regular
1725566400,107.25,106.54,post
1725570000,106.525,106.58,post
1725573600,106.58,106.44,post
1725577200,106.44,106.35,post
1725609600,105.67,105.25,pre
1725613200,105.28,104.95,pre
1725616800,104.94,105.21,pre
1725620400,105.22,105.68,pre
1725624000,105.69,105.92,pre
1725627600,105.91,108.057,pre
1725629400,108.0,103.7,regular
1725633000,103.4844,102.32,regular
1725636600,102.32,101.84,regular
1725640200,101.859,102.615,regular
1725643800,102.6,102.0099,regular
1725647400,102.01,103.385,regular
1725651000,103.4,102.84,regular
1725652800,102.83,102.34,post
1725656400,102.34,102.44,post
1725660000,102.4305,102.5,post
1725663600,102.4998,102.49,post
1725868800,104.08,103.93,pre
1725872400,103.97,104.24,pre
1725876000,104.24,103.83,pre
1725879600,103.85,104.15,pre
1725883200,104.11,103.85,pre
1725886800,103.83,104.86,pre
1725888600,104.865,105.042,regular
1725892200,105.02,104.93,regular
1725895800,104.931,105.57,regular
1725899400,105.57,105.95,regular
1725903000,105.945,104.94,regular
1725906600,104.94,105.8014,regular
1725910200,105.79,106.48,regular
1725912000,106.46,106.8,post
1725915600,106.825,106.865,post
1725919200,106.88,106.8498,post
1725922800,106.845,107.1001,post
1725955200,106.76,106.26,pre
1725958800,106.3,106.04,pre
1725962400,106.05,106.16,pre
1725966000,106.19,106.87,pre
1725969600,106.86,107.78,pre
1725973200,107.77,107.81,pre
1725975000,108.045,107.29,regular
1725978600,107.2405,107.1178,regular
1725982200,107.1,105.455,regular
1725985800,105.45,106.2,regular
1725989400,106.195,107.2942,regular
1725993000,107.3,107.5499,regular
1725996600,107.545,108.02,regular
1725998400,108.02,107.8,post
1726002000,107.8,107.885,post
1726005600,107.89,107.76,post
1726009200,107.75,107.6,post
1726041600,107.86,107.65,pre
1726045200,107.62,107.42,pre
1726048800,107.44,107.61,pre
1726052400,107.61,107.86,pre
1726056000,107.86,108.55,pre
1726059600,108.51,109.4,pre
1726061400,109.5,109.315,regular
1726065000,109.31,109.32,regular
1726068600,109.3,112.8275,regular
1726072200,112.8205,113.855,regular
1726075800,113.86,115.2762,regular
1726079400,115.285,115.98,regular
1726083000,115.985,116.85,regular
1726084800,116.91,116.765,post
1726088400,116.75,116.18,post
1726092000,116.18,116.29,post
1726095600,116.28,116.64,post
1726128000,117.17,117.66,pre
1726131600,117.63,118.19,pre
1726135200,118.19,117.57,pre
1726138800,117.6,117.44,pre
1726142400,117.43,117.9098,pre
1726146000,117.88,116.86,pre
1726147800,115.9297,119.605,regular
1726151400,119.6001,118.67,regular
1726155000,118.675,119.135,regular
1726158600,119.1394,119.8401,regular
1726162200,119.855,120.4001,regular
1726165800,120.4,119.95,regular
1726169400,119.96,119.18,regular
1726171200,119.23,118.72,post
1726174800,118.7,118.79,post
1726178400,118.791,118.8,post
1726182000,118.81,119.119,post
1726214400,118.91,119.2,pre
1726218000,119.21,119.38,pre
1726221600,119.4,119.19,pre
1726225200,119.19,119.52,pre
1726228800,119.5,119.37,pre
1726232400,119.38,119.07,pre
1726234200,119.0,118.37,regular
1726237800,117.87,119.4102,regular
1726241400,119.42,118.715,regular
1726245000,118.72,119.105,regular
1726248600,119.105,118.615,regular
1726252200,118.62,119.06,regular
1726255800,119.06,119.07,regular
1726257600,119.07,118.98,post
1726261200,118.98,118.86,post
1726264800,118.86,118.76,post
1726268400,118.765,118.76,post
1726473600,118.99,118.91,pre
1726477200,118.9,118.57,pre
1726480800,118.57,117.88,pre
1726484400,117.87,116.96,pre
1726488000,116.97,117.19,pre
1726491600,117.21,116.78,pre
1726493400,116.2599,117.115,regular
1726497000,117.13,116.625,regular
1726500600,116.625,116.1699,regular
1726504200,116.17,116.62,regular
1726507800,116.6208,116.665,regular
1726511400,116.6606,116.3501,regular
1726515000,116.356,116.77,regular
1726516800,116.74,116.59,post
1726520400,116.59,116.55,post
1726524000,116.51,116.665,post
1726527600,116.66,116.458,post
1726560000,116.89,117.2,pre
1726563600,117.18,117.11,pre
1726567200,117.11,117.7,pre
1726570800,117.73,117.58,pre
1726574400,117.58,118.1,pre
1726578000,118.0648,118.17,pre
1726579800,118.75,117.7499,regular
1726583400,117.74,117.21,regular
1726587000,117.206,116.5299,regular
1726590600,116.52,116.095,regular
1726594200,116.09,115.3791,regular
1726597800,115.375,115.35,regular
1726601400,115.3412,115.585,regular
1726603200,115.59,115.43,post
1726606800,115.4398,115.44,post
1726610400,115.44,115.47,post
1726614000,115.475,115.44,post
1726646400,115.78,114.86,pre
1726650000,114.87,115.1,pre
1726653600,115.09,115.25,pre
1726657200,115.25,115.71,pre
1726660800,115.74,115.405,pre
1726664400,115.4001,115.92,pre
1726666200,116.0,115.12,regular
1726669800,115.1293,114.8299,regular
1726673400,114.8222,114.69,regular
1726677000,114.7,115.1,regular
1726680600,115.095,116.775,regular
1726684200,116.78,115.39,regular
1726687800,115.39,113.22,regular
1726689600,113.42,113.34,post
1726693200,113.338,113.39,post
1726696800,113.4085,113.9,post
1726700400,113.9,114.551,post
1726732800,116.1,116.26,pre
1726736400,116.26,117.17,pre
1726740000,117.17,117.08,pre
1726743600,117.07,116.9,pre
1726747200,116.91,116.8803,pre
1726750800,116.92,117.31,pre
1726752600,117.625,119.22,regular
1726756200,119.17,119.5252,regular
1726759800,119.525,119.16,regular
1726763400,119.17,119.495,regular
1726767000,119.5,119.124,regular
1726770600,119.13,118.145,regular
1726774200,118.16,117.98,regular
1726776000,117.87,117.86,post
1726779600,117.86,117.79,post
1726783200,117.8,117.8,post
1726786800,117.7996,117.87,post
1726819200,118.04,116.64,pre
1726822800,116.64,117.21,pre
1726826400,117.15,117.05,pre
1726830000,117.05,116.93,pre
1726833600,116.95,117.26,pre
1726837200,117.25,117.16,pre
1726839000,117.4201,117.08,regular
1726842600,117.07,115.74,regular
1726846200,115.74,116.6794,regular
1726849800,116.66,116.1901,regular
1726853400,116.19,115.8445,regular
1726857000,115.84,116.62,regular
1726860600,116.625,116.08,regular
1726862400,116.1,116.03,post
1726866000,116.0205,116.0799,post
1726869600,116.08,116.14,post
1726873200,116.12,116.12,post
1727078400,116.38,116.42,pre
1727082000,116.41,116.4,pre
1727085600,116.4,116.3,pre
1727089200,116.3,116.0,pre
1727092800,115.99,116.379,pre
1727096400,116.37,116.45,pre
1727098200,116.46,116.175,regular
1727101800,116.175,115.525,regular
1727105400,115.53,115.495,regular
1727109000,115.49,115.67,regular
1727112600,115.665,116.1103,regular
1727116200,116.11,116.529,regular
1727119800,116.5294,116.24,regular
1727121600,116.26,116.05,post
1727125200,116.05,116.1,post
1727128800,116.1,115.985,post
1727132400,115.97,116.0801,post
1727164800,116.4,117.17,pre
1727168400,117.16,117.03,pre
1727172000,117.03,116.8,pre
1727175600,116.83,116.43,pre
1727179200,116.44,116.34,pre
1727182800,116.35,116.42,pre
1727184600,116.515,115.9841,regular
1727188200,115.985,117.38,regular
1727191800,117.3899,120.78,regular
1727195400,120.7821,121.295,regular
1727199000,121.315,121.31,regular
1727202600,121.315,120.431,regular
1727206200,120.435,120.95,regular
1727208000,120.95,121.27,post
1727211600,121.27,121.28,post
1727215200,121.28,121.63,post
1727218800,121.6295,121.79,post
1727251200,120.6,120.51,pre
1727254800,120.51,119.9,pre
1727258400,119.87,120.36,pre
1727262000,120.36,121.08,pre
1727265600,121.07,121.601,pre
1727269200,121.59,122.02,pre
1727271000,122.25,124.565,regular
1727274600,124.5,124.0252,regular
1727278200,124.02,123.7971,regular
1727281800,123.8,123.2599,regular
1727285400,123.25,123.6,regular
1727289000,123.56,123.29,regular
1727292600,123.3,123.56,regular
1727294400,123.51,124.41,post
1727298000,124.405,124.49,post
1727301600,124.49,124.5001,post
1727305200,124.5,124.58,post
1727337600,125.0,126.22,pre
1727341200,126.21,125.85,pre
1727344800,125.84,125.77,pre
1727348400,125.77,126.56,pre
1727352000,126.57,126.46,pre
1727355600,126.49,126.75,pre
1727357400,126.375,125.67,regular
1727361000,125.6799,123.5391,regular
1727364600,123.525,123.4217,regular
1727368200,123.4101,122.64,regular
1727371800,122.6409,124.0293,regular
1727375400,124.025,124.13,regular
1727379000,124.1391,123.99,regular
1727380800,123.98,123.78,post
1727384400,123.78,123.37,post
1727388000,123.38,123.62,post
1727391600,123.634,123.34,post
1727424000,122.57,122.62,pre
1727427600,122.6,122.36,pre
1727431200,122.38,122.36,pre
1727434800,122.35,123.08,pre
1727438400,123.09,123.6801,pre
1727442000,123.699,123.97,pre
1727443800,123.5,121.42,regular
1727447400,121.433,120.255,regular
1727451000,120.2592,120.83,regular
1727454600,120.83,120.2192,regular
1727458200,120.2108,119.35,regular
1727461800,119.37,120.5,regular
1727465400,120.4801,121.4,regular
1727467200,121.39,120.98,post
1727470800,120.98,120.965,post
1727474400,120.965,120.74,post
1727478000,120.73,120.565,post
1727683200,120.62,119.44,pre
1727686800,119.5,119.11,pre
1727690400,119.11,119.05,pre
1727694000,119.05,118.351,pre
1727697600,118.36,118.07,pre
1727701200,118.06,118.28,pre
1727703000,118.75,120.0908,regular
1727706600,120.1,120.9738,regular
1727710200,121.065,120.715,regular
1727713800,120.72,120.1007,regular
1727717400,120.105,119.47,regular
1727721000,119.47,120.085,regular
1727724600,120.08,121.49,regular
1727726400,121.5,121.2,post
1727730000,121.2,121.06,post
1727733600,121.06,121.08,post
1727737200,121.04,121.29,post
1727769600,121.43,121.33,pre
1727773200,121.37,121.51,pre
1727776800,121.52,121.75,pre
1727780400,121.74,121.9,pre
1727784000,121.9,122.0176,pre
1727787600,122.005,121.75,pre
1727789400,121.5,117.8892,regular
1727793000,117.6,117.42,regular
1727796600,117.41,117.48,regular
1727800200,117.48,115.995,regular
1727803800,115.9899,117.8101,regular
1727807400,117.814,117.475,regular
1727811000,117.47,116.9499,regular
1727812800,116.94,116.7,post
1727816400,116.67,116.44,post
1727820000,116.44,116.06,post
1727823600,116.07,116.0,post
1727856000,116.61,116.3,pre
1727859600,116.3,115.85,pre
1727863200,115.82,115.47,pre
1727866800,115.48,116.48,pre
1727870400,116.49,116.6652,pre
1727874000,116.63,116.4,pre
1727875800,116.42,118.25,regular
1727879400,118.25,118.8728,regular
1727883000,118.88,118.985,regular
1727886600,118.99,118.3792,regular
1727890200,118.36,118.63,regular
1727893800,118.63,119.04,regular
1727897400,119.05,118.8399,regular
1727899200,118.83,120.625,post
1727902800,120.6,120.311,post
1727906400,120.33,120.295,post
1727910000,120.3,120.6401,post
1727942400,119.01,120.05,pre
1727946000,120.06,119.67,pre
1727949600,119.66,120.17,pre
1727953200,120.17,120.5,pre
1727956800,120.51,121.098,pre
1727960400,121.06,120.9296,pre
1727962200,120.92,122.26,regular
1727965800,122.26,122.725,regular
1727969400,122.72,123.04,regular
1727973000,123.05,122.7,regular
1727976600,122.7,122.745,regular
1727980200,122.745,122.1605,regular
1727983800,122.17,122.84,regular
1727985600,122.84,122.4701,post
1727989200,122.5,122.46,post
1727992800,122.45,122.88,post
1727996400,122.8603,122.78,post
1728028800,123.02,123.05,pre
1728032400,123.05,122.94,pre
1728036000,122.98,122.9,pre
1728039600,122.95,123.62,pre
1728043200,123.64,123.22,pre
1728046800,123.29,124.91,pre
1728048600,124.935,122.52,regular
1728052200,122.53,123.59,regular
1728055800,123.58,123.83,regular
1728059400,123.83,124.035,regular
1728063000,124.04,124.5934,regular
1728066600,124.59,124.555,regular
1728070200,124.555,124.89,regular
1728072000,124.89,124.611,post
1728075600,124.61,124.62,post
1728079200,124.6195,124.621,post
1728082800,124.64,124.4399,post
1728288000,124.16,124.24,pre
1728291600,124.23,123.08,pre
1728295200,123.08,123.59,pre
1728298800,123.62,124.11,pre
1728302400,124.11,124.74,pre
1728306000,124.779,124.97,pre
1728307800,124.95,127.245,regular
1728311400,127.245,128.5992,regular
1728315000,128.5999,129.5563,regular
1728318600,129.5594,129.4297,regular
1728322200,129.43,129.73,regular
1728325800,129.73,128.245,regular
1728329400,128.25,127.79,regular
1728331200,127.77,128.16,post
1728334800,128.1695,128.22,post
1728338400,128.2198,127.96,post
1728342000,127.95,128.1,post
1728374400,128.08,128.94,pre
1728378000,128.97,129.6,pre
1728381600,129.57,130.03,pre
1728385200,130.01,130.26,pre
1728388800,130.25,129.8,pre
1728392400,129.81,130.24,pre
1728394200,130.33,131.6398,regular
1728397800,131.635,131.894,regular
1728401400,131.9001,132.565,regular
1728405000,132.56,132.05,regular
1728408600,132.0641,132.6193,regular
1728412200,132.615,133.29,regular
1728415800,133.29,132.936,regular
1728417600,132.94,132.69,post
1728421200,132.54,132.825,post
1728424800,87.0808,132.71,post
1728428400,132.7205,133.0,post
1728460800,133.5,133.89,pre
1728464400,133.89,134.5,pre
1728468000,134.5,134.55,pre
1728471600,134.5,134.57,pre
1728475200,134.57,134.5038,pre
1728478800,134.52,134.14,pre
1728480600,134.13,133.9095,regular
1728484200,133.905,133.1406,regular
1728487800,133.1493,132.3099,regular
1728491400,132.3034,131.985,regular
1728495000,131.9846,132.6309,regular
1728498600,132.64,132.3309,regular
1728502200,132.335,132.625,regular
1728504000,132.63,132.35,post
1728507600,132.36,132.34,post
1728511200,132.34,132.21,post
1728514800,132.2,132.14,post
1728547200,132.5,131.91,pre
1728550800,131.86,131.75,pre
1728554400,131.75,132.13,pre
1728558000,132.15,132.42,pre
1728561600,132.41,132.7,pre
1728565200,132.69,131.96,pre
1728567000,131.88,134.265,regular
1728570600,134.26,134.0801,regular
1728574200,134.085,134.3847,regular
1728577800,134.37,134.7957,regular
1728581400,134.81,134.34,regular
1728585000,134.3314,134.645,regular
1728588600,134.64,134.8,regular
1728590400,134.83,134.67,post
1728594000,134.69,134.58,post
1728597600,134.58,134.68,post
1728601200,134.67,134.79,post
1728633600,134.82,134.22,pre
1728637200,134.22,134.42,pre
1728640800,134.42,134.79,pre
1728644400,134.79,134.88,pre
1728648000,134.89,134.73,pre
1728651600,134.71,134.04,pre
1728653400,134.02,135.0298,regular
1728657000,135.0299,134.9501,regular
1728660600,134.9415,135.12,regular
1728664200,135.13,134.85,regular
1728667800,134.84,134.899,regular
1728671400,134.9,134.82,regular
1728675000,134.8191,134.75,regular
1728676800,134.73,134.5605,post
1728680400,134.565,134.5,post
1728684000,134.52,134.42,post
1728687600,134.4208,134.37,post
1728892800,135.13,135.69,pre
1728896400,135.69,135.56,pre
1728900000,135.57,135.8,pre
1728903600,135.81,135.97,pre
1728907200,135.98,136.24,pre
1728910800,136.24,136.42,pre
1728912600,136.43,139.315,regular
1728916200,139.3,138.02,regular
1728919800,138.02,138.5,regular
1728923400,138.49,138.59,regular
1728927000,138.59,138.6908,regular
1728930600,138.7,138.74,regular
1728934200,138.74,138.1401,regular
1728936000,138.16,138.28,post
1728939600,138.295,138.0498,post
1728943200,138.05,137.9201,post
1728946800,137.925,138.0801,post
1728979200,137.51,135.61,pre
1728982800,135.58,136.8,pre
1728986400,136.8,136.07,pre
1728990000,136.1,137.13,pre
1728993600,137.12,137.1795,pre
1728997200,137.18,137.91,pre
1728999000,137.885,132.11,regular
1729002600,132.1044,131.796,regular
1729006200,131.78,130.835,regular
1729009800,130.84,131.08,regular
1729013400,131.085,131.84,regular
1729017000,131.83,131.1909,regular
1729020600,131.2,131.61,regular
1729022400,131.77,131.05,post
1729026000,131.05,130.9401,post
1729029600,130.94,131.29,post
1729033200,131.3,131.255,post
1729065600,132.24,131.97,pre
1729069200,131.99,132.47,pre
1729072800,132.47,132.49,pre
1729076400,132.47,132.77,pre
1729080000,132.75,132.72,pre
1729083600,132.72,134.01,pre
1729085400,133.955,134.422,regular
1729089000,134.44,134.16,regular
1729092600,134.16,134.22,regular
1729096200,134.2201,135.477,regular
1729099800,135.48,136.42,regular
1729103400,136.425,136.026,regular
1729107000,136.03,135.7099,regular
1729108800,135.69,135.475,post
1729112400,135.48,135.535,post
1729116000,135.525,135.92,post
1729119600,135.92,135.5339,post
1729152000,138.43,139.12,pre
1729155600,139.13,138.85,pre
1729159200,138.9,139.3,pre
1729162800,139.3,139.859,pre
1729166400,139.84,139.77,pre
1729170000,139.79,139.33,pre
1729171800,139.35,139.6006,regular
1729175400,139.605,139.65,regular
1729179000,139.65,139.4601,regular
1729182600,139.465,139.5399,regular
1729186200,139.535,138.664,regular
1729189800,138.665,137.9262,regular
1729193400,137.95,136.92,regular
1729195200,136.92,137.29,post
1729198800,137.288,137.39,post
1729202400,137.395,137.57,post
1729206000,137.53,137.39,post
1729238400,132.87,138.5,pre
1729242000,138.5,138.58,pre
1729245600,138.57,138.31,pre
1729249200,138.31,138.35,pre
1729252800,138.35,138.48,pre
1729256400,138.48,138.63,pre
1729258200,138.71,138.2227,regular
1729261800,138.2211,137.965,regular
1729265400,137.98,137.554,regular
1729269000,137.55,138.34,regular
1729272600,138.34,138.27,regular
1729276200,138.265,138.1801,regular
1729279800,138.185,137.98,regular
1729281600,137.985,138.015,post
1729285200,138.02,137.9999,post
1729288800,137.99,137.965,post
1729292400,137.97,138.0,post
1729497600,138.3,138.75,pre
1729501200,138.71,138.38,pre
1729504800,138.3,138.37,pre
1729508400,138.32,137.2,pre
1729512000,137.15,137.575,pre
1729515600,137.59,138.05,pre
1729517400,138.145,141.43,regular
1729521000,141.4301,140.355,regular
1729524600,140.35,141.0768,regular
1729528200,141.0891,141.5357,regular
1729531800,141.535,142.0699,regular
1729535400,142.0601,142.47,regular
1729539000,142.48,143.7,regular
1729540800,143.7,144.23,post
1729544400,144.19,144.215,post
1729548000,144.21,144.1298,post
1729551600,144.12,144.4999,post
1729584000,143.1,143.17,pre
1729587600,143.15,142.98,pre
1729591200,143.02,143.13,pre
1729594800,143.12,144.07,pre
1729598400,144.05,144.16,pre
1729602000,144.16,142.972,pre
1729603800,142.92,143.52,regular
1729607400,143.52,143.2601,regular
1729611000,143.266,142.615,regular
1729614600,142.62,143.4199,regular
1729618200,143.4198,143.35,regular
1729621800,143.36,143.74,regular
1729625400,143.74,143.57,regular
1729627200,143.57,143.535,post
1729630800,143.56,143.31,post
1729634400,143.35,143.19,post
1729638000,143.1897,143.3,post
1729670400,143.22,143.35,pre
1729674000,143.35,142.98,pre
1729677600,142.99,142.45,pre
1729681200,142.48,142.5,pre
1729684800,142.5,142.7,pre
1729688400,142.7,142.0,pre
1729690200,142.015,140.34,regular
1729693800,140.35,139.732,regular
1729697400,139.71,139.405,regular
1729701000,139.4,138.4388,regular
1729704600,138.4308,138.445,regular
1729708200,138.445,138.92,regular
1729711800,138.925,139.57,regular
1729713600,139.55,140.02,post
1729717200,140.02,140.4003,post
1729720800,140.4,140.26,post
1729724400,140.234,140.23,post
1729756800,140.39,141.57,pre
1729760400,141.56,140.56,pre
1729764000,140.59,141.37,pre
1729767600,141.37,141.1,pre
1729771200,141.08,141.47,pre
1729774800,141.48,140.805,pre
1729776600,140.82,138.53,regular
1729780200,138.54,139.705,regular
1729783800,139.7,139.425,regular
1729787400,139.43,139.537,regular
1729791000,139.54,139.8572,regular
1729794600,139.876,140.53,regular
1729798200,140.525,140.4,regular
1729800000,140.41,140.13,post
1729803600,140.17,140.15,post
1729807200,140.165,140.17,post
1729810800,140.17,140.09,post
1729843200,140.72,140.76,pre
1729846800,140.78,140.78,pre
1729850400,140.78,140.79,pre
1729854000,140.8,140.85,pre
1729857600,140.85,141.12,pre
1729861200,141.12,140.98,pre
1729863000,140.94,143.4501,regular
1729866600,143.46,143.7299,regular
1729870200,143.74,143.62,regular
1729873800,143.6199,142.5199,regular
1729877400,142.51,141.9599,regular
1729881000,141.96,141.9429,regular
1729884600,141.945,141.47,regular
1729886400,141.47,141.42,post
1729890000,141.43,141.59,post
1729893600,141.6,141.5399,post
1729897200,141.54,141.045,post
1730102400,142.49,143.25,pre
1730106000,143.21,143.35,pre
1730109600,143.33,142.91,pre
1730113200,142.91,142.99,pre
1730116800,142.98,142.98,pre
1730120400,142.98,143.05,pre
1730122200,143.03,141.46,regular
1730125800,141.4649,141.0154,regular
1730129400,141.03,140.54,regular
1730133000,140.54,141.17,regular
1730136600,141.18,141.24,regular
1730140200,141.24,141.2307,regular
1730143800,141.235,140.61,regular
1730145600,140.62,140.47,post
1730149200,140.46,140.43,post
1730152800,140.425,140.4096,post
1730156400,140.4,140.23,post
1730188800,140.55,140.03,pre
1730192400,140.03,139.71,pre
1730196000,139.7,139.77,pre
1730199600,139.77,140.12,pre
1730203200,140.13,140.0,pre
1730206800,139.98,140.29,pre
1730208600,140.25,140.33,regular
1730212200,140.33,141.0389,regular
1730215800,141.04,141.6801,regular
1730219400,141.696,141.485,regular
1730223000,141.5,141.7,regular
1730226600,141.69,142.09,regular
1730230200,142.085,141.2,regular
1730232000,141.36,140.785,post
1730235600,140.77,140.92,post
1730239200,140.92,141.2602,post
1730242800,141.27,141.39,post
1730275200,140.98,140.66,pre
1730278800,140.62,140.39,pre
1730282400,140.4,140.35,pre
1730286000,140.35,140.92,pre
1730289600,140.93,140.28,pre
1730293200,140.2799,139.51,pre
1730295000,139.44,139.37,regular
1730298600,139.37,140.1799,regular
1730302200,140.17,139.555,regular
1730305800,139.5699,139.8299,regular
1730309400,139.8092,139.97,regular
1730313000,139.96,139.42,regular
1730316600,139.415,139.18,regular
1730318400,139.47,139.0,post
1730322000,138.99,139.06,post
1730325600,139.03,137.54,post
1730329200,137.48,137.85,post
1730361600,136.81,137.42,pre
1730365200,137.45,137.31,pre
1730368800,137.31,137.17,pre
1730372400,137.23,137.67,pre
1730376000,137.67,138.22,pre
1730379600,138.2,137.6,pre
1730381400,137.61,133.81,regular
1730385000,133.81,133.8305,regular
1730388600,133.82,133.585,regular
1730392200,133.58,133.325,regular
1730395800,133.325,132.6453,regular
1730399400,132.6499,133.6279,regular
1730403000,133.63,132.695,regular
1730404800,132.55,133.215,post
1730408400,133.2,134.39,post
1730412000,134.3901,134.17,post
1730415600,134.22,134.4101,post
1730448000,134.88,135.12,pre
1730451600,135.06,135.54,pre
1730455200,135.56,135.48,pre
1730458800,135.48,134.88,pre
1730462400,134.92,134.96,pre
1730466000,134.99,134.7,pre
1730467800,134.66,137.174,regular
1730471400,137.19,137.0063,regular
1730475000,137.01,136.39,regular
1730478600,136.3999,136.33,regular
1730482200,136.325,135.474,regular
1730485800,135.4791,135.595,regular
1730489400,135.59,135.42,regular
1730491200,135.41,135.43,post
1730494800,135.4,138.91,post
1730498400,138.9197,139.16,post
1730502000,139.15,139.305,post
1730710800,139.3,138.66,pre
1730714400,138.66,138.65,pre
1730718000,138.67,138.03,pre
1730721600,138.05,137.95,pre
1730725200,137.93,137.94,pre
1730730600,137.23,137.825,regular
1730734200,137.81,138.6061,regular
1730737800,138.61,137.752,regular
1730741400,137.7599,137.77,regular
1730745000,137.765,137.8799,regular
1730748600,137.87,137.5,regular
1730752200,137.5,136.08,regular
1730754000,136.14,136.15,post
1730757600,136.1497,136.05,post
1730761200,136.1,136.01,post
1730797200,136.24,137.1,pre
1730800800,137.08,137.09,pre
1730804400,137.12,137.15,pre
1730808000,137.15,136.8,pre
1730811600,136.8,137.16,pre
1730815200,137.1694,137.46,pre
1730817000,137.43,138.7701,regular
1730820600,138.7809,139.645,regular
1730824200,139.65,139.6904,regular
1730827800,139.6991,139.5601,regular
1730831400,139.57,139.82,regular
1730835000,139.825,139.8734,regular
1730838600,139.86,139.91,regular
1730840400,139.91,139.73,post
1730844000,139.73,139.65,post
1730847600,139.64,139.685,post
1730883600,141.39,141.72,pre
1730887200,141.72,142.11,pre
1730890800,142.11,141.8,pre
1730894400,141.84,141.2,pre
1730898000,141.22,141.74,pre
1730901600,141.75,143.0,pre
1730903400,143.668,144.065,regular
1730907000,144.065,144.05,regular
1730910600,144.055,144.8811,regular
1730914200,144.8813,146.17,regular
1730917800,146.17,146.02,regular
1730921400,145.99,146.24,regular
1730925000,146.24,145.62,regular
1730926800,145.555,145.48,post
1730930400,145.5,145.54,post
1730934000,145.54,145.66,post
1730970000,145.32,145.61,pre
1730973600,145.64,145.28,pre
1730977200,145.28,144.84,pre
1730980800,144.91,145.65,pre
1730984400,145.659,145.75,pre
1730988000,145.73,146.4,pre
1730989800,146.36,148.12,regular
1730993400,148.125,147.9618,regular
1730997000,147.96,148.03,regular
1731000600,148.03,147.79,regular
1731004200,147.785,147.91,regular
1731007800,147.915,148.275,regular
1731011400,148.27,148.89,regular
1731013200,148.89,148.73,post
1731016800,148.71,148.8,post
1731020400,148.8,149.01,post
1731056400,149.5,149.7,pre
1731060000,149.7,148.53,pre
1731063600,148.53,147.47,pre
1731067200,147.51,148.79,pre
1731070800,148.79,149.08,pre
1731074400,149.08,148.8,pre
1731076200,148.77,147.09,regular
1731079800,147.08,147.25,regular
1731083400,147.25,147.52,regular
1731087000,147.515,147.4599,regular
1731090600,147.45,147.3,regular
1731094200,147.295,147.2501,regular
1731097800,147.24,147.5,regular
1731099600,147.6501,147.54,post
1731103200,147.53,147.55,post
1731106800,147.535,147.5,post
1731315600,148.56,147.84,pre
1731319200,147.84,146.51,pre
1731322800,146.47,147.1,pre
1731326400,147.12,148.49,pre
1731330000,148.49,148.21,pre
1731333600,148.21,148.62,pre
1731335400,148.68,145.0055,regular
1731339000,145.0,145.43,regular
1731342600,145.5203,144.9601,regular
1731346200,144.97,144.8871,regular
1731349800,144.8891,144.695,regular
1731353400,144.6941,145.345,regular
1731357000,145.345,145.28,regular
1731358800,145.28,145.27,post
1731362400,145.27,145.295,post
1731366000,145.31,145.025,post
1731402000,145.0,144.26,pre
1731405600,144.26,143.48,pre
1731409200,143.42,144.13,pre
1731412800,144.12,145.06,pre
1731416400,145.04,146.2197,pre
1731420000,146.2,146.76,pre
1731421800,146.72,149.22,regular
1731425400,149.21,148.47,regular
1731429000,148.59,148.085,regular
1731432600,148.07,147.12,regular
1731436200,147.089,148.2309,regular
1731439800,148.225,147.7862,regular
1731443400,147.78,148.4,regular
1731445200,148.39,148.22,post
1731448800,148.22,148.65,post
1731452400,148.6503,148.52,post
1731488400,148.62,147.87,pre
1731492000,147.9,148.14,pre
1731495600,148.13,148.93,pre
1731499200,148.93,148.57,pre
1731502800,148.57,148.446,pre
1731506400,148.45,149.05,pre
1731508200,149.05,147.244,regular
1731511800,147.25,147.325,regular
1731515400,147.3035,146.96,regular
1731519000,146.96,147.025,regular
1731522600,147.025,146.8499,regular
1731526200,146.84,146.49,regular
1731529800,146.475,146.42,regular
1731531600,146.245,146.51,post
1731535200,146.51,146.56,post
1731538800,146.58,146.55,post
1731574800,146.72,147.1,pre
1731578400,147.11,147.42,pre
1731582000,147.46,147.44,pre
1731585600,147.41,147.35,pre
1731589200,147.35,147.51,pre
1731592800,147.525,147.63,pre
1731594600,147.6398,148.3152,regular
1731598200,148.31,148.865,regular
1731601800,148.875,147.755,regular
1731605400,147.7539,147.4275,regular
1731609000,147.43,146.8026,regular
1731612600,146.8,146.16,regular
1731616200,146.17,146.8001,regular
1731618000,146.8,146.7,post
1731621600,146.7,146.49,post
1731625200,146.5,146.45,post
1731661200,146.01,145.8,pre
1731664800,145.76,146.12,pre
1731668400,146.07,146.55,pre
1731672000,146.51,146.1,pre
1731675600,146.1,145.43,pre
1731679200,145.4,144.74,pre
1731681000,144.87,142.39,regular
1731684600,142.38,142.97,regular
1731688200,142.96,141.81,regular
1731691800,141.795,141.235,regular
1731695400,141.22,140.12,regular
1731699000,140.13,142.07,regular
1731702600,142.05,141.9703,regular
1731704400,141.88,142.045,post
1731708000,142.05,142.1697,post
1731711600,142.17,142.32,post
1731920400,143.21,139.66,pre
1731924000,139.76,138.52,pre
1731927600,138.52,139.22,pre
1731931200,139.22,138.92,pre
1731934800,138.93,138.045,pre
1731938400,138.0697,139.59,pre
1731940200,139.54,140.01,regular
1731943800,140.01,141.03,regular
1731947400,141.02,139.53,regular
1731951000,139.53,139.8435,regular
1731954600,139.86,139.71,regular
1731958200,139.72,141.5,regular
1731961800,141.47,140.2,regular
1731963600,140.2,140.27,post
1731967200,140.22,140.66,post
1731970800,140.6,140.52,post
1732006800,140.99,141.57,pre
1732010400,141.53,141.3,pre
1732014000,141.29,141.82,pre
1732017600,141.8,142.5,pre
1732021200,142.5,141.67,pre
1732024800,141.6601,141.3199,pre
1732026600,141.325,142.98,regular
1732030200,142.97,143.68,regular
1732033800,143.6805,143.6,regular
1732037400,143.6,144.6192,regular
1732041000,144.5407,146.0346,regular
1732044600,146.035,146.6349,regular
1732048200,146.63,146.99,regular
1732050000,147.0,147.13,post
1732053600,147.18,146.975,post
1732057200,146.97,147.46,post
1732093200,147.63,147.58,pre
1732096800,147.6,146.9,pre
1732100400,146.85,147.28,pre
1732104000,147.27,147.82,pre
1732107600,147.83,147.78,pre
1732111200,147.76,147.345,pre
1732113000,146.25,143.8345,regular
1732116600,143.83,144.79,regular
1732120200,144.8108,145.3101,regular
1732123800,145.315,145.021,regular
1732127400,145.02,143.47,regular
1732131000,143.46,144.47,regular
1732134600,144.46,145.93,regular
1732136400,145.93,144.94,post
1732140000,144.97,144.1199,post
1732143600,144.12,143.54,post
1732179600,143.31,140.49,pre
1732183200,140.47,141.2,pre
1732186800,141.18,142.64,pre
1732190400,142.64,144.67,pre
1732194000,144.7,148.1419,pre
1732197600,148.1999,149.32,pre
1732199400,149.315,141.196,regular
1732203000,141.1523,144.982,regular
1732206600,144.99,144.28,regular
1732210200,144.31,145.18,regular
1732213800,145.2,147.1016,regular
1732217400,147.1099,148.175,regular
1732221000,148.175,146.63,regular
1732222800,146.62,146.12,post
1732226400,146.1,146.2,post
1732230000,146.18,146.09,post
1732266000,146.26,144.86,pre
1732269600,144.81,145.24,pre
1732273200,145.23,145.88,pre
1732276800,145.89,146.07,pre
1732280400,146.07,146.1,pre
1732284000,146.2999,145.891,pre
1732285800,145.91,142.745,regular
1732289400,142.76,142.2799,regular
1732293000,142.28,142.0972,regular
1732296600,142.09,141.99,regular
1732300200,141.985,141.46,regular
1732303800,141.465,142.0,regular
1732307400,141.9999,141.9,regular
1732309200,141.9,141.99,post
1732312800,141.97,142.0,post
1732316400,142.0,141.74,post
1732525200,142.95,142.36,pre
1732528800,142.36,142.09,pre
1732532400,142.08,142.02,pre
1732536000,142.05,141.98,pre
1732539600,141.97,141.5703,pre
1732543200,141.5703,141.99,pre
1732545000,141.97,137.17,regular
1732548600,137.14,138.2793,regular
1732552200,138.285,136.962,regular
1732555800,136.9699,137.0898,regular
1732559400,137.08,136.927,regular
1732563000,136.92,136.725,regular
1732566600,136.73,135.94,regular
1732568400,135.94,136.25,post
1732572000,136.2505,136.43,post
1732575600,136.43,136.085,post
1732611600,136.0,136.59,pre
1732615200,136.6,136.59,pre
1732618800,136.56,136.59,pre
1732622400,136.56,137.39,pre
1732626000,137.42,137.85,pre
1732629600,137.84,137.67,pre
1732631400,137.69,136.9631,regular
1732635000,136.98,136.925,regular
1732638600,136.91,136.8162,regular
1732642200,136.825,136.635,regular
1732645800,136.63,135.96,regular
1732649400,135.95,136.8399,regular
1732653000,136.835,136.82,regular
1732654800,136.86,136.69,post
1732658400,136.71,136.33,post
1732662000,136.34,136.32,post
1732698000,136.52,135.38,pre
1732701600,135.35,135.29,pre
1732705200,135.28,135.36,pre
1732708800,135.35,135.26,pre
1732712400,135.26,135.285,pre
1732716000,135.28,135.005,pre
1732717800,135.01,132.3599,regular
1732721400,132.3781,132.415,regular
1732725000,132.41,132.595,regular
1732728600,132.59,133.6599,regular
1732732200,133.6509,134.15,regular
1732735800,134.145,134.4399,regular
1732739400,134.435,135.42,regular
1732741200,135.41,135.42,post
1732744800,135.4192,135.31,post
1732748400,135.34,135.43,post
1732870800,137.56,137.72,pre
1732874400,137.72,137.48,pre
1732878000,137.47,137.59,pre
1732881600,137.6,137.27,pre
1732885200,137.25,136.7101,pre
1732888800,136.71,136.71,pre
1732890600,136.85,138.675,regular
1732894200,138.67,138.35,regular
1732897800,138.35,138.82,regular
1732903200,138.815,138.0803,regular
1732906800,138.0899,138.1401,regular
1732910400,138.15,138.12,regular
1732914000,138.1,138.1202,post
1733130000,137.97,136.66,pre
1733133600,136.62,136.55,pre
1733137200,136.55,136.6,pre
1733140800,136.63,137.72,pre
1733144400,137.72,137.85,pre
1733148000,137.87,138.73,pre
1733149800,138.84,139.17,regular
1733153400,139.16,138.994,regular
1733157000,138.9899,139.165,regular
1733160600,139.17,138.295,regular
1733164200,138.3,138.1286,regular
1733167800,138.1261,138.7988,regular
1733171400,138.795,138.64,regular
1733173200,138.63,138.48,post
1733176800,138.505,138.42,post
1733180400,138.4,138.41,post
1733216400,138.4,138.52,pre
1733220000,138.5,138.42,pre
1733223600,138.42,138.29,pre
1733227200,138.29,138.56,pre
1733230800,138.55,138.8,pre
1733234400,138.785,138.29,pre
1733236200,138.315,138.5299,regular
1733239800,138.53,139.1792,regular
1733243400,139.185,138.78,regular
1733247000,138.785,139.0587,regular
1733250600,139.05,139.2659,regular
1733254200,139.27,140.23,regular
1733257800,140.2236,140.25,regular
1733259600,140.26,140.525,post
1733263200,140.5198,140.55,post
1733266800,140.55,140.7,post
1733302800,141.4,141.5,pre
1733306400,141.49,141.52,pre
1733310000,141.52,141.52,pre
1733313600,141.52,141.689,pre
1733317200,141.69,141.93,pre
1733320800,141.94,142.0,pre
1733322600,142.02,141.8,regular
1733326200,141.8,142.95,regular
1733329800,142.9411,144.575,regular
1733333400,144.575,143.8301,regular
1733337000,143.8338,145.505,regular
1733340600,145.505,145.38,regular
1733344200,145.37,145.1382,regular
1733346000,145.13,144.8207,post
1733349600,144.84,144.7992,post
1733353200,144.785,144.5106,post
1733389200,144.47,144.51,pre
1733392800,144.49,144.67,pre
1733396400,144.69,144.82,pre
1733400000,144.81,145.32,pre
1733403600,145.28,145.0201,pre
1733407200,145.02,145.12,pre
1733409000,145.12,144.61,regular
1733412600,144.6101,145.945,regular
1733416200,145.9498,146.0,regular
1733419800,145.99,144.92,regular
1733423400,144.915,144.876,regular
1733427000,144.86,144.9899,regular
1733430600,144.98,145.01,regular
1733432400,145.06,144.8001,post
1733436000,144.81,144.52,post
1733439600,144.53,144.4212,post
1733475600,144.96,144.8,pre
1733479200,144.8,144.82,pre
1733482800,144.81,144.67,pre
1733486400,144.66,144.81,pre
1733490000,144.79,144.4,pre
1733493600,144.36,144.62,pre
1733495400,144.63,144.55,regular
1733499000,144.55,142.69,regular
1733502600,142.68,142.911,regular
1733506200,142.9171,142.6709,regular
1733509800,142.6799,142.585,regular
1733513400,142.59,142.105,regular
1733517000,142.105,142.4,regular
1733518800,142.43,142.11,post
1733522400,142.14,141.92,post
1733526000,141.93,141.92,post
1733734800,142.01,141.38,pre
1733738400,141.35,141.03,pre
1733742000,141.05,141.08,pre
1733745600,141.09,139.88,pre
1733749200,139.9,139.1901,pre
1733752800,139.19,139.0,pre
1733754600,138.9875,138.66,regular
1733758200,138.66,138.09,regular
1733761800,138.09,138.45,regular
1733765400,138.455,139.565,regular
1733769000,139.57,138.68,regular
1733772600,138.69,138.285,regular
1733776200,138.3,138.805,regular
1733778000,138.805,138.475,post
1733781600,138.45,138.395,post
1733785200,138.4,138.12,post
1733821200,137.99,137.18,pre
1733824800,137.18,137.58,pre
1733828400,137.61,137.87,pre
1733832000,137.89,138.48,pre
1733835600,138.46,138.735,pre
1733839200,138.85,139.0,pre
1733841000,138.9,140.07,regular
1733844600,140.06,137.1799,regular
1733848200,137.19,136.29,regular
1733851800,136.29,136.41,regular
1733855400,136.41,135.89,regular
1733859000,135.8801,134.58,regular
1733862600,134.59,135.0,regular
1733864400,135.08,135.445,post
1733868000,135.47,135.385,post
1733871600,135.39,135.6,post
1733907600,136.22,136.52,pre
1733911200,136.58,136.31,pre
1733914800,136.32,136.76,pre
1733918400,136.77,136.47,pre
1733922000,136.49,136.35,pre
1733925600,136.3485,137.44,pre
1733927400,137.405,136.205,regular
1733931000,136.198,137.65,regular
1733934600,137.65,138.63,regular
1733938200,138.6399,139.1788,regular
1733941800,139.1798,139.4545,regular
1733945400,139.4504,140.1116,regular
1733949000,140.115,139.27,regular
1733950800,139.31,138.96,post
1733954400,138.95,139.05,post
1733958000,139.07,138.9605,post
1733994000,139.06,138.6,pre
1733997600,138.65,138.94,pre
1734001200,138.9,138.91,pre
1734004800,138.9,138.8,pre
1734008400,138.82,138.8094,pre
1734012000,138.81,137.0595,pre
1734013800,137.1,136.674,regular
1734017400,136.66,136.72,regular
1734021000,136.73,137.3701,regular
1734024600,137.37,138.205,regular
1734028200,138.205,137.9609,regular
1734031800,137.96,137.385,regular
1734035400,137.39,137.31,regular
1734037200,137.3,137.245,post
1734040800,137.29,138.96,post
1734044400,138.95,138.79,post
1734080400,139.8,138.53,pre
1734084000,138.5,138.85,pre
1734087600,138.87,138.75,pre
1734091200,138.77,139.09,pre
1734094800,139.09,139.78,pre
1734098400,139.78,138.89,pre
1734100200,139.0,136.49,regular
1734103800,136.51,132.95,regular
1734107400,132.9517,133.28,regular
1734111000,133.3,134.5295,regular
1734114600,134.525,134.6348,regular
1734118200,134.6323,133.987,regular
1734121800,133.98,134.22,regular
1734123600,134.22,133.995,post
1734127200,134.0,134.08,post
1734130800,134.09,134.01,post
1734339600,134.27,133.63,pre
1734343200,133.63,133.54,pre
1734346800,133.55,133.63,pre
1734350400,133.64,133.81,pre
1734354000,133.81,134.6,pre
1734357600,134.63,134.23,pre
1734359400,134.165,132.2901,regular
1734363000,132.3,130.9299,regular
1734366600,130.9201,130.963,regular
1734370200,130.96,131.3184,regular
1734373800,131.31,131.61,regular
1734377400,131.63,132.4,regular
1734381000,132.39,131.99,regular
1734382800,132.0,131.62,post
1734386400,131.615,131.3892,post
1734390000,131.39,131.0899,post
1734426000,130.72,129.09,pre
1734429600,129.08,129.46,pre
1734433200,129.47,130.3,pre
1734436800,130.31,130.17,pre
1734440400,130.16,129.58,pre
1734444000,129.55,129.12,pre
1734445800,129.0,127.62,regular
1734449400,127.62,128.99,regular
1734453000,128.98,131.19,regular
1734456600,131.2,129.7243,regular
1734460200,129.725,129.9,regular
1734463800,129.9,129.3249,regular
1734467400,129.325,130.35,regular
1734469200,130.39,130.92,post
1734472800,130.84,130.83,post
1734476400,130.82,131.2,post
1734512400,131.91,133.77,pre
1734516000,133.77,134.6,pre
1734519600,134.63,134.12,pre
1734523200,134.12,134.06,pre
1734526800,134.06,134.06,pre
1734530400,134.01,133.8895,pre
1734532200,133.87,135.5637,regular
1734535800,135.5601,135.25,regular
1734539400,135.27,135.615,regular
1734543000,135.6199,135.985,regular
1734546600,135.98,133.87,regular
1734550200,133.852,130.97,regular
1734553800,130.955,128.71,regular
1734555600,128.76,129.771,post
1734559200,129.745,130.6,post
1734562800,130.6006,130.469,post
1734598800,132.03,131.78,pre
1734602400,131.74,131.95,pre
1734606000,131.94,131.11,pre
1734609600,131.12,132.56,pre
1734613200,132.59,132.08,pre
1734616800,132.2,131.7,pre
1734618600,131.72,130.22,regular
1734622200,130.22,133.1499,regular
1734625800,133.12,131.6173,regular
1734629400,131.605,131.74,regular
1734633000,131.745,132.0409,regular
1734636600,132.06,131.5701,regular
1734640200,131.59,130.672,regular
1734642000,130.66,131.01,post
1734645600,131.01,131.0,post
1734649200,131.0,131.03,post
1734685200,128.9,127.6,pre
1734688800,127.58,127.75,pre
1734692400,127.75,127.7,pre
1734696000,127.67,126.84,pre
1734699600,126.8,128.02,pre
1734703200,128.03,129.825,pre
1734705000,129.81,132.4468,regular
1734708600,132.4405,133.91,regular
1734712200,133.91,134.9849,regular
1734715800,134.98,133.69,regular
1734719400,133.6971,134.9297,regular
1734723000,134.92,133.8899,regular
1734726600,133.89,134.96,regular
1734728400,134.7,134.65,post
1734732000,134.65,135.3,post
1734735600,135.29,135.59,post
1734944400,136.54,136.14,pre
1734948000,136.12,135.71,pre
1734951600,135.7,134.63,pre
1734955200,134.64,136.06,pre
1734958800,136.05,136.41,pre
1734962400,136.42,136.23,pre
1734964200,136.28,136.2,regular
1734967800,136.2,137.2599,regular
1734971400,137.25,137.93,regular
1734975000,137.93,138.53,regular
1734978600,138.5399,139.35,regular
1734982200,139.3592,139.06,regular
1734985800,139.07,139.655,regular
1734987600,139.67,139.41,post
1734991200,139.4003,139.32,post
1734994800,139.32,139.16,post
1735030800,139.5,139.63,pre
1735034400,139.61,139.53,pre
1735038000,139.52,139.5,pre
1735041600,139.52,140.2,pre
1735045200,140.2,140.38,pre
1735048800,140.39,140.0099,pre
1735050600,139.975,140.8201,regular
1735054200,140.83,141.395,regular
1735057800,141.4,140.7645,regular
1735063200,140.76,140.0601,regular
1735066800,140.07,139.75,regular
1735070400,139.7503,139.63,regular
1735074000,139.65,139.74,post
1735203600,140.37,139.03,pre
1735207200,139.05,138.75,pre
1735210800,138.8,138.97,pre
1735214400,139.0,139.44,pre
1735218000,139.42,138.94,pre
1735221600,138.95,139.64,pre
1735223400,139.525,138.72,regular
1735227000,138.71,139.37,regular
1735230600,139.3601,139.9401,regular
1735234200,139.96,140.22,regular
1735237800,140.21,139.99,regular
1735241400,140.0,140.165,regular
1735245000,140.15,139.89,regular
1735246800,139.91,139.66,post
1735250400,139.67,139.83,post
1735254000,139.82,139.73,post
1735290000,138.76,138.84,pre
1735293600,138.8,138.92,pre
1735297200,138.94,139.16,pre
1735300800,139.18,139.35,pre
1735304400,139.36,139.05,pre
1735308000,139.06,138.5,pre
1735309800,138.555,135.6399,regular
1735313400,135.635,136.8638,regular
1735317000,136.86,135.7,regular
1735320600,135.7,135.9599,regular
1735324200,135.9412,136.2313,regular
1735327800,136.23,136.7685,regular
1735331400,136.77,137.14,regular
1735333200,137.01,137.01,post
1735336800,136.995,136.77,post
1735340400,136.7701,136.69,post
1735549200,136.11,135.63,pre
1735552800,135.57,135.87,pre
1735556400,135.9,136.34,pre
1735560000,136.33,136.05,pre
1735563600,136.05,134.78,pre
1735567200,134.7807,134.9,pre
1735569000,134.835,136.71,regular
1735572600,136.7,137.5599,regular
1735576200,137.55,139.02,regular
1735579800,139.03,139.55,regular
1735583400,139.54,139.011,regular
1735587000,139.02,138.5999,regular
1735590600,138.6,137.41,regular
1735592400,137.4,137.09,post
1735596000,137.0528,136.8,post
1735599600,136.8099,136.7303,post
1735635600,136.97,138.46,pre
1735639200,138.48,138.3,pre
1735642800,138.3,138.3,pre
1735646400,138.28,138.58,pre
1735650000,138.58,138.5,pre
1735653600,138.51,138.01,pre
1735655400,138.05,137.47,regular
1735659000,137.49,135.11,regular
1735662600,135.1,135.05,regular
1735666200,135.03,134.43,regular
1735669800,134.4399,134.12,regular
1735673400,134.12,135.4615,regular
1735677000,135.45,134.29,regular
1735678800,134.26,134.37,post
1735682400,134.36,134.365,post
1735686000,134.34,134.21,post
1735808400,134.72,135.66,pre
1735812000,135.67,135.79,pre
1735815600,135.79,136.0,pre
1735819200,135.99,136.61,pre
1735822800,136.63,136.06,pre
1735826400,136.11,136.0099,pre
1735828200,135.955,136.98,regular
1735831800,136.98,137.9213,regular
1735835400,137.92,137.01,regular
1735839000,137.0,136.3699,regular
1735842600,136.355,137.3022,regular
1735846200,137.29,137.915,regular
1735849800,137.93,138.28,regular
1735851600,138.275,138.3,post
1735855200,138.35,138.33,post
1735858800,138.3497,137.9016,post
1735894800,138.45,138.97,pre
1735898400,138.99,139.18,pre
1735902000,139.16,139.3,pre
1735905600,139.3,138.96,pre
1735909200,138.95,139.39,pre
1735912800,139.39,140.0176,pre
1735914600,140.02,143.1127,regular
1735918200,143.12,143.4601,regular
1735921800,143.47,143.6803,regular
1735925400,143.69,144.4953,regular
1735929000,144.5,144.371,regular
1735932600,144.37,144.32,regular
1735936200,144.3,144.59,regular
1735938000,144.59,144.56,post
1735941600,144.5699,144.81,post
1735945200,144.82,144.91,post
1736154000,145.8,147.21,pre
1736157600,147.25,147.11,pre
1736161200,147.1,147.58,pre
1736164800,147.57,148.31,pre
1736168400,148.32,148.445,pre
1736172000,148.4501,148.634,pre
1736173800,148.5925,151.5312,regular
1736177400,151.52,151.8888,regular
1736181000,151.88,151.3097,regular
1736184600,151.3019,151.675,regular
1736188200,151.6688,150.295,regular
1736191800,150.3,150.525,regular
1736195400,150.52,149.5101,regular
1736197200,149.43,149.4615,post
1736200800,149.4605,150.1,post
1736204400,150.05,150.28,post
1736240400,146.45,151.68,pre
1736244000,151.69,151.68,pre
1736247600,151.68,152.44,pre
1736251200,152.44,153.0,pre
1736254800,152.96,152.78,pre
1736258400,152.78,153.01,pre
1736260200,153.048,143.658,regular
1736263800,143.65,142.7667,regular
1736267400,142.76,141.429,regular
1736271000,141.43,143.115,regular
1736274600,143.11,141.6401,regular
1736278200,141.645,140.605,regular
1736281800,140.61,140.12,regular
1736283600,140.12,141.37,post
1736287200,141.38,141.2,post
1736290800,141.22,141.475,post
1736326800,142.34,142.67,pre
1736330400,142.7,142.73,pre
1736334000,142.74,141.86,pre
1736337600,141.86,140.38,pre
1736341200,140.4,141.7001,pre
1736344800,141.7,142.66,pre
1736346600,142.66,140.59,regular
1736350200,140.58,140.031,regular
1736353800,140.04,138.1298,regular
1736357400,138.14,140.62,regular
1736361000,140.62,140.71,regular
1736364600,140.7,139.9989,regular
1736368200,139.98,140.06,regular
1736370000,140.11,138.69,post
1736373600,138.7,138.91,post
1736377200,138.94,138.3899,post
1736499600,137.31,138.25,pre
1736503200,138.25,138.5,pre
1736506800,138.51,139.25,pre
1736510400,139.27,137.84,pre
1736514000,137.95,137.63,pre
1736517600,137.67,137.44,pre
1736519400,137.37,136.1513,regular
1736523000,136.159,135.62,regular
1736526600,135.61,136.17,regular
1736530200,136.16,136.53,regular
1736533800,136.52,136.24,regular
1736537400,136.23,135.65,regular
1736541000,135.64,135.86,regular
1736542800,135.86,136.0,post
1736546400,136.0,135.8,post
1736550000,135.81,135.78,post
1736758800,133.16,132.24,pre
1736762400,132.24,131.8,pre
1736766000,131.81,131.47,pre
1736769600,131.49,131.76,pre
1736773200,131.76,131.7,pre
1736776800,131.71,130.0,pre
1736778600,129.995,130.7499,regular
1736782200,130.72,131.635,regular
1736785800,131.63,132.63,regular
1736789400,132.63,132.515,regular
1736793000,132.52,132.295,regular
1736796600,132.2995,132.1908,regular
1736800200,132.2,133.24,regular
1736802000,133.23,134.13,post
1736805600,134.13,134.57,post
1736809200,134.57,135.13,post
1736845200,136.0,136.2,pre
1736848800,136.22,135.85,pre
1736852400,135.86,135.4,pre
1736856000,135.38,134.67,pre
1736859600,134.62,134.68,pre
1736863200,134.695,136.04,pre
1736865000,136.06,132.56,regular
1736868600,132.56,130.981,regular
1736872200,130.99,131.13,regular
1736875800,131.135,131.656,regular
1736879400,131.6558,131.705,regular
1736883000,131.7095,130.7958,regular
1736886600,130.795,131.85,regular
1736888400,131.85,131.92,post
1736892000,131.95,131.5295,post
1736895600,131.53,131.3179,post
1736931600,131.31,131.17,pre
1736935200,131.19,131.33,pre
1736938800,131.33,131.4,pre
1736942400,131.41,132.06,pre
1736946000,132.04,132.11,pre
1736949600,132.11,133.73,pre
1736951400,133.63,134.2,regular
1736955000,134.21,134.3899,regular
1736958600,134.38,134.8813,regular
1736962200,134.885,135.5247,regular
1736965800,135.5287,135.9399,regular
1736969400,135.9386,136.067,regular
1736973000,136.06,136.2,regular
1736974800,136.2,135.94,post
1736978400,135.94,136.17,post
1736982000,136.16,136.07,post
1737018000,139.18,138.85,pre
1737021600,138.87,138.8,pre
1737025200,138.8,138.67,pre
1737028800,138.7,137.84,pre
1737032400,137.84,138.0201,pre
1737036000,138.21,138.66,pre
1737037800,138.7,137.2,regular
1737041400,137.205,135.24,regular
1737045000,135.25,135.5657,regular
1737048600,135.57,134.26,regular
1737052200,134.26,135.125,regular
1737055800,135.13,135.2001,regular
1737059400,135.205,133.56,regular
1737061200,133.57,133.6,post
1737064800,133.561,133.75,post
1737068400,133.75,133.69,post
1737104400,134.82,135.41,pre
1737108000,135.41,135.07,pre
1737111600,135.05,135.33,pre
1737115200,135.33,134.82,pre
1737118800,134.83,135.24,pre
1737122400,135.23,136.8,pre
1737124200,136.21,136.75,regular
1737127800,136.75,138.1292,regular
1737131400,138.135,137.9685,regular
1737135000,137.965,138.26,regular
1737138600,138.26,138.09,regular
1737142200,138.08,137.685,regular
1737145800,137.68,137.73,regular
1737147600,137.73,137.98,post
1737151200,137.97,137.695,post
1737154800,137.69,137.68,post
1737450000,138.62,139.08,pre
1737453600,139.05,138.93,pre
1737457200,138.91,138.83,pre
1737460800,138.83,138.42,pre
1737464400,138.41,138.7,pre
1737468000,138.718,139.17,pre
1737469800,139.16,138.5166,regular
1737473400,138.51,138.98,regular
1737477000,138.9701,139.3301,regular
1737480600,139.35,141.5796,regular
1737484200,141.58,141.28,regular
1737487800,141.2875,141.58,regular
1737491400,141.575,140.83,regular
1737493200,140.83,141.3088,post
1737496800,141.28,143.02,post
1737500400,143.04,142.825,post
1737536400,143.46,144.3,pre
1737540000,144.31,144.72,pre
1737543600,144.74,144.69,pre
1737547200,144.69,145.13,pre
1737550800,145.12,145.03,pre
1737554400,145.03,144.72,pre
1737556200,144.75,146.3789,regular
1737559800,146.375,146.005,regular
1737563400,146.0099,146.7593,regular
1737567000,146.7597,146.6,regular
1737570600,146.595,147.3701,regular
1737574200,147.38,147.0581,regular
1737577800,147.055,147.04,regular
1737579600,147.03,146.6807,post
1737583200,146.7,146.399,post
1737586800,146.399,146.02,post
1737622800,145.3,144.16,pre
1737626400,144.18,144.44,pre
1737630000,144.44,144.33,pre
1737633600,144.33,144.75,pre
1737637200,144.76,144.6872,pre
1737640800,144.71,145.059,pre
1737642600,145.02,145.29,regular
1737646200,145.2905,145.715,regular
1737649800,145.71,145.38,regular
1737653400,145.385,145.905,regular
1737657000,145.9,146.5899,regular
1737660600,146.59,146.48,regular
1737664200,146.475,147.2,regular
1737666000,147.21,146.84,post
1737669600,146.8495,146.54,post
1737673200,146.535,146.6104,post
1737709200,146.26,147.26,pre
1737712800,147.27,147.02,pre
1737716400,147.0,146.28,pre
1737720000,146.28,146.7,pre
1737723600,146.71,146.4505,pre
1737727200,146.45,148.34,pre
1737729000,148.3575,146.05,regular
1737732600,146.04,145.2,regular
1737736200,145.19,144.435,regular
1737739800,144.43,143.39,regular
1737743400,143.39,142.3101,regular
1737747000,142.31,142.035,regular
1737750600,142.025,142.6004,regular
1737752400,142.61,142.475,post
1737756000,142.475,142.295,post
1737759600,142.2999,142.18,post
1737968400,133.0,130.43,pre
1737972000,130.43,126.63,pre
1737975600,126.63,126.2,pre
1737979200,126.21,125.93,pre
1737982800,125.92,125.99,pre
1737986400,125.99,124.73,pre
1737988200,124.79,124.03,regular
1737991800,124.02,119.15,regular
1737995400,119.145,119.76,regular
1737999000,119.77,117.875,regular
1738002600,117.8709,118.805,regular
1738006200,118.805,117.78,regular
1738009800,117.78,118.51,regular
1738011600,118.51,120.425,post
1738015200,120.43,122.69,post
1738018800,122.71,121.25,post
1738054800,124.17,123.69,pre
1738058400,123.77,124.48,pre
1738062000,124.48,124.36,pre
1738065600,124.35,121.38,pre
1738069200,121.38,122.6,pre
1738072800,122.6,121.81,pre
1738074600,121.805,121.77,regular
1738078200,121.77,120.77,regular
1738081800,120.7701,126.02,regular
1738085400,126.015,126.09,regular
1738089000,126.085,126.775,regular
1738092600,126.77,127.5901,regular
1738096200,127.59,128.9801,regular
1738098000,128.99,127.67,post
1738101600,127.67,127.5707,post
1738105200,127.5705,127.65,post
1738141200,129.81,129.06,pre
1738144800,129.06,128.43,pre
1738148400,128.44,128.34,pre
1738152000,128.36,128.08,pre
1738155600,128.09,126.54,pre
1738159200,126.5405,126.5,pre
1738161000,126.48,124.0,regular
1738164600,123.99,122.9816,regular
1738168200,122.98,122.9984,regular
1738171800,122.998,121.59,regular
1738175400,121.59,120.91,regular
1738179000,120.91,123.15,regular
1738182600,123.17,123.81,regular
1738184400,123.81,126.0,post
1738188000,126.0,125.07,post
1738191600,125.135,121.79,post
1738227600,123.71,124.0,pre
1738231200,124.0,122.52,pre
1738234800,122.53,122.7,pre
1738238400,122.69,122.72,pre
1738242000,122.75,123.0517,pre
1738245600,123.11,123.04,pre
1738247400,123.08,119.57,regular
1738251000,119.5814,119.0547,regular
1738254600,119.0501,119.29,regular
1738258200,119.285,119.475,regular
1738261800,119.48,121.455,regular
1738265400,121.4543,123.415,regular
1738269000,123.41,124.91,regular
1738270800,124.925,122.74,post
1738274400,123.05,123.28,post
1738278000,123.29,123.375,post
1738314000,123.18,123.48,pre
1738317600,123.48,123.43,pre
1738321200,123.42,123.0,pre
1738324800,123.0,122.96,pre
1738328400,122.98,122.87,pre
1738332000,122.8891,123.82,pre
1738333800,123.81,126.186,regular
1738337400,126.18,126.75,regular
1738341000,126.74,125.31,regular
1738344600,125.32,124.17,regular
1738348200,124.1511,123.01,regular
1738351800,123.025,120.1099,regular
1738355400,120.105,120.0,regular
1738357200,120.0,120.055,post
1738360800,120.0301,119.7804,post
1738364400,119.8,119.7196,post
1738573200,117.67,116.24,pre
1738576800,116.24,116.79,pre
1738580400,116.8,117.45,pre
1738584000,117.45,115.52,pre
1738587600,115.5,115.6596,pre
1738591200,115.6336,114.78,pre
1738593000,114.71,115.76,regular
1738596600,115.75,116.537,regular
1738600200,116.54,115.89,regular
1738603800,115.88,115.9399,regular
1738607400,115.94,117.6448,regular
1738611000,117.645,117.4699,regular
1738614600,117.47,116.66,regular
1738616400,116.66,118.2,post
1738620000,118.185,118.2294,post
1738623600,118.215,118.8701,post
1738659600,117.25,117.65,pre
1738663200,117.64,117.45,pre
1738666800,117.46,117.37,pre
1738670400,117.42,117.29,pre
1738674000,117.3,117.0101,pre
1738677600,117.05,116.915,pre
1738679400,116.94,119.93,regular
1738683000,119.945,120.11,regular
1738686600,120.11,117.89,regular
1738690200,117.89,119.0901,regular
1738693800,119.09,119.31,regular
1738697400,119.31,118.465,regular
1738701000,118.4661,118.68,regular
1738702800,118.685,112.9257,post
1738706400,119.19,118.96,post
1738710000,118.96,118.34,post
1738746000,118.58,119.03,pre
1738749600,119.01,118.95,pre
1738753200,118.97,118.96,pre
1738756800,118.96,119.41,pre
1738760400,119.4,120.22,pre
1738764000,120.2297,121.745,pre
1738765800,121.7525,122.31,regular
1738769400,122.3154,123.226,regular
1738773000,123.22,124.035,regular
1738776600,124.04,123.2399,regular
1738780200,123.23,123.325,regular
1738783800,123.33,124.44,regular
1738787400,124.43,124.955,regular
1738789200,124.96,124.2,post
1738792800,124.17,124.3,post
1738796400,124.31,124.49,post
1738832400,125.35,126.12,pre
1738836000,126.11,125.39,pre
1738839600,125.4,125.87,pre
1738843200,125.87,125.75,pre
1738846800,125.74,126.9,pre
1738850400,126.9,127.44,pre
1738852200,127.42,126.2216,regular
1738855800,126.23,126.86,regular
1738859400,126.86,127.7353,regular
1738863000,127.75,128.11,regular
1738866600,128.105,127.6948,regular
1738870200,127.7,128.125,regular
1738873800,128.13,128.685,regular
1738875600,128.69,128.61,post
1738879200,128.61,128.025,post
1738882800,128.025,128.0,post
1738918800,128.43,128.2,pre
1738922400,128.21,127.42,pre
1738926000,127.45,127.82,pre
1738929600,127.82,128.72,pre
1738933200,128.71,128.4,pre
1738936800,128.41,129.22,pre
1738938600,129.16,129.11,regular
1738942200,129.1,128.7,regular
1738945800,128.7,128.235,regular
1738949400,128.23,129.255,regular
1738953000,129.2599,128.13,regular
1738956600,128.14,128.9485,regular
1738960200,128.945,129.86,regular
1738962000,129.85,129.23,post
1738965600,129.215,129.12,post
1738969200,129.1,128.98,post
1739178000,130.08,130.14,pre
1739181600,130.13,130.18,pre
1739185200,130.15,129.2,pre
1739188800,129.21,129.92,pre
1739192400,129.92,130.11,pre
1739196000,130.08,130.02,pre
1739197800,130.05,134.41,regular
1739201400,134.43,133.475,regular
1739205000,133.5003,134.029,regular
1739208600,134.026,134.33,regular
1739212200,134.33,134.515,regular
1739215800,134.5121,134.5193,regular
1739219400,134.51,133.51,regular
1739221200,133.51,133.51,post
1739224800,133.515,133.505,post
1739228400,133.5,133.1899,post
1739264400,133.1,132.6,pre
1739268000,132.63,131.86,pre
1739271600,131.88,132.38,pre
1739275200,132.38,132.81,pre
1739278800,132.78,132.499,pre
1739282400,132.48,132.58,pre
1739284200,132.37,133.945,regular
1739287800,133.94,133.9699,regular
1739291400,133.97,132.71,regular
1739295000,132.72,132.8323,regular
1739298600,132.84,133.035,regular
1739302200,133.03,133.4514,regular
1739305800,133.455,132.87,regular
1739307600,132.87,132.75,post
1739311200,132.7599,133.1,post
1739314800,133.06,133.1,post
1739350800,133.36,132.95,pre
1739354400,132.96,133.31,pre
1739358000,133.31,133.46,pre
1739361600,133.46,133.25,pre
1739365200,133.24,133.67,pre
1739368800,133.66,130.03,pre
1739370600,130.01,131.3202,regular
1739374200,131.33,130.6199,regular
1739377800,130.61,131.575,regular
1739381400,131.575,130.975,regular
1739385000,130.98,130.6899,regular
1739388600,130.685,131.525,regular
1739392200,131.51,131.0799,regular
1739394000,131.14,130.93,post
1739397600,130.915,130.64,post
1739401200,130.63,130.8604,post
1739437200,130.48,130.42,pre
1739440800,130.4,131.1,pre
1739444400,131.09,131.04,pre
1739448000,131.04,130.93,pre
1739451600,130.96,130.7011,pre
1739455200,130.7996,131.5008,pre
1739457000,131.555,134.55,regular
1739460600,134.55,135.715,regular
1739464200,135.71,135.01,regular
1739467800,135.005,134.525,regular
1739471400,134.495,135.1203,regular
1739475000,135.125,135.3613,regular
1739478600,135.36,135.25,regular
1739480400,135.25,134.97,post
1739484000,134.98,134.96,post
1739487600,134.96,134.95,post
1739523600,135.52,135.96,pre
1739527200,135.99,135.81,pre
1739530800,135.79,135.3,pre
1739534400,135.31,135.25,pre
1739538000,135.27,135.715,pre
1739541600,135.73,136.42,pre
1739543400,136.41,138.0001,regular
1739547000,138.01,136.58,regular
1739550600,136.59,136.7401,regular
1739554200,136.75,137.3376,regular
1739557800,137.33,137.82,regular
1739561400,137.815,138.3651,regular
1739565000,138.37,138.86,regular
1739566800,138.79,138.62,post
1739570400,138.61,138.6288,post
1739574000,138.6101,138.585,post
1739869200,140.0,139.97,pre
1739872800,139.98,140.06,pre
1739876400,140.07,139.95,pre
1739880000,139.97,140.91,pre
1739883600,140.92,141.38,pre
1739887200,141.37,141.28,pre
1739889000,141.25,140.66,regular
1739892600,140.665,141.195,regular
1739896200,141.19,139.965,regular
1739899800,139.965,140.1514,regular
1739903400,140.155,139.575,regular
1739907000,139.5675,139.5499,regular
1739910600,139.53,139.41,regular
1739912400,139.4,138.63,post
1739916000,138.64,138.77,post
1739919600,138.8,139.22,post
1739955600,139.29,140.47,pre
1739959200,140.46,139.57,pre
1739962800,139.57,139.93,pre
1739966400,139.93,140.05,pre
1739970000,140.09,139.62,pre
1739973600,139.63,139.45,pre
1739975400,139.51,139.33,regular
1739979000,139.335,139.9483,regular
1739982600,139.94,139.815,regular
1739986200,139.815,140.6399,regular
1739989800,140.64,140.4451,regular
1739993400,140.44,139.3194,regular
1739997000,139.32,139.24,regular
1739998800,139.24,138.7497,post
1740002400,138.75,138.9099,post
1740006000,138.91,139.02,post
1740042000,138.62,138.8,pre
1740045600,138.8,139.38,pre
1740049200,139.34,138.99,pre
1740052800,138.96,139.29,pre
1740056400,139.25,139.48,pre
1740060000,139.48,140.05,pre
1740061800,140.13,138.6206,regular
1740065400,138.61,138.3,regular
1740069000,138.3,139.58,regular
1740072600,139.5603,139.49,regular
1740076200,139.49,139.8049,regular
1740079800,139.79,139.9,regular
1740083400,139.89,140.12,regular
1740085200,140.13,139.82,post
1740088800,139.84,139.95,post
1740092400,139.86,139.86,post
1740128400,139.89,139.91,pre
1740132000,139.9,139.99,pre
1740135600,139.97,139.92,pre
1740139200,139.92,140.19,pre
1740142800,140.19,140.3997,pre
1740146400,140.395,140.0,pre
1740148200,140.0,139.23,regular
1740151800,139.23,139.1992,regular
1740155400,139.19,138.9911,regular
1740159000,139.0,137.17,regular
1740162600,137.17,135.3967,regular
1740166200,135.38,135.1,regular
1740169800,135.1,134.27,regular
1740171600,134.27,134.24,post
1740175200,134.24,135.3,post
1740178800,135.3001,135.02,post
1740387600,136.02,136.15,pre
1740391200,136.15,135.4,pre
1740394800,135.43,136.25,pre
1740398400,136.24,135.84,pre
1740402000,135.85,136.985,pre
1740405600,136.99,136.83,pre
1740407400,136.755,132.93,regular
1740411000,132.92,134.04,regular
1740414600,134.04,134.6,regular
1740418200,134.6,134.62,regular
1740421800,134.63,132.72,regular
1740425400,132.7101,132.57,regular
1740429000,132.58,130.1,regular
1740430800,130.09,130.96,post
1740434400,130.95,130.77,post
1740438000,130.78,130.1001,post
1740474000,134.0,129.12,pre
1740477600,129.12,128.3,pre
1740481200,128.3,128.85,pre
1740484800,128.84,129.34,pre
1740488400,129.33,131.8395,pre
1740492000,131.85,129.9989,pre
1740493800,129.96,125.34,regular
1740497400,125.35,126.19,regular
1740501000,126.2,128.525,regular
1740504600,128.5287,128.37,regular
1740508200,128.38,127.27,regular
1740511800,127.26,128.815,regular
1740515400,128.82,126.63,regular
1740517200,126.6,127.46,post
1740520800,127.46,127.6,post
1740524400,127.59,128.1699,post
1740560400,129.45,130.09,pre
1740564000,130.1,129.89,pre
1740567600,129.88,129.65,pre
1740571200,129.66,129.85,pre
1740574800,129.85,130.31,pre
1740578400,130.32,129.99,pre
1740580200,129.985,130.45,regular
1740583800,130.47,132.415,regular
1740587400,132.415,132.5568,regular
1740591000,132.5799,130.3752,regular
1740594600,130.36,129.89,regular
1740598200,129.88,130.74,regular
1740601800,130.7,131.52,regular
1740603600,131.53,134.92,post
1740607200,134.9489,130.62,post
1740610800,130.6197,130.9,post
1740646800,131.55,131.6,pre
1740650400,131.61,132.99,pre
1740654000,132.97,132.46,pre
1740657600,132.46,134.34,pre
1740661200,134.34,134.1999,pre
1740664800,134.18,134.99,pre
1740666600,135.0,127.48,regular
1740670200,127.48,126.28,regular
1740673800,126.29,127.08,regular
1740677400,127.08,127.61,regular
1740681000,127.615,123.745,regular
1740684600,123.745,121.91,regular
1740688200,121.905,120.01,regular
1740690000,120.08,120.8799,post
1740693600,120.8795,120.98,post
1740697200,120.96,121.66,post
1740733200,127.21,120.96,pre
1740736800,120.99,120.79,pre
1740740400,120.79,121.35,pre
1740744000,121.39,120.01,pre
1740747600,120.0,117.0295,pre
1740751200,117.0299,118.04,pre
1740753000,118.035,122.73,regular
1740756600,122.735,121.56,regular
1740760200,121.54,122.181,regular
1740763800,122.19,120.5799,regular
1740767400,120.5876,120.47,regular
1740771000,120.4639,121.885,regular
1740774600,121.88,125.05,regular
1740776400,125.05,124.87,post
1740780000,124.87,124.5899,post
1740783600,124.59,124.78,post
1740992400,124.56,123.9,pre
1740996000,123.98,123.82,pre
1740999600,123.82,123.7,pre
1741003200,123.73,124.61,pre
1741006800,124.611,124.3,pre
1741010400,124.31,123.5,pre
1741012200,123.505,119.51,regular
1741015800,119.515,119.22,regular
1741019400,119.24,118.41,regular
1741023000,118.41,115.24,regular
1741026600,115.2444,116.045,regular
1741030200,116.0301,113.17,regular
1741033800,113.16,114.01,regular
1741035600,114.01,114.62,post
1741039200,114.63,113.865,post
1741042800,113.87,114.45,post
1741078800,114.14,115.43,pre
1741082400,115.42,114.04,pre
1741086000,114.03,114.0,pre
1741089600,114.0,110.83,pre
1741093200,110.83,108.95,pre
1741096800,108.95,110.725,pre
1741098600,110.72,111.61,regular
1741102200,111.6,111.83,regular
1741105800,111.82,116.0102,regular
1741109400,116.015,116.2,regular
1741113000,116.21,117.7699,regular
1741116600,117.765,118.89,regular
1741120200,118.9,115.96,regular
1741122000,115.8977,117.69,post
1741125600,117.6801,117.97,post
1741129200,117.96,118.26,post
1741165200,118.71,118.45,pre
1741168800,118.41,117.72,pre
1741172400,117.72,117.75,pre
1741176000,117.73,117.65,pre
1741179600,117.7,116.79,pre
1741183200,116.85,117.579,pre
1741185000,117.52,115.97,regular
1741188600,115.97,115.4099,regular
1741192200,115.4,116.5631,regular
1741195800,116.56,116.27,regular
1741199400,116.3,117.1098,regular
1741203000,117.11,117.66,regular
1741206600,117.625,117.29,regular
1741208400,117.3,117.1801,post
1741212000,117.1991,116.8,post
1741215600,116.78,116.65,post
1741251600,119.64,114.82,pre
1741255200,114.81,115.2,pre
1741258800,115.2,114.93,pre
1741262400,114.9,114.39,pre
1741266000,114.37,113.62,pre
1741269600,113.62,113.55,pre
1741271400,113.5,114.8444,regular
1741275000,114.84,114.06,regular
1741278600,114.04,111.6356,regular
1741282200,111.64,111.535,regular
1741285800,111.53,110.53,regular
1741289400,110.52,111.0972,regular
1741293000,111.09,110.58,regular
1741294800,110.57,111.85,post
1741298400,111.83,112.0297,post
1741302000,112.03,111.265,post
1741338000,111.93,112.3,pre
1741341600,112.26,112.05,pre
1741345200,112.07,112.2,pre
1741348800,112.22,111.57,pre
1741352400,111.56,111.7488,pre
1741356000,111.7,111.13,pre
1741357800,111.18,111.04,regular
1741361400,111.02,109.7,regular
1741365000,109.705,109.005,regular
1741368600,109.0,110.5089,regular
1741372200,110.53,112.25,regular
1741375800,112.26,112.605,regular
1741379400,112.6,112.73,regular
1741381200,112.73,112.72,post
1741384800,112.715,112.43,post
1741388400,112.425,112.11,post
1741597200,109.9,110.21,pre
1741600800,110.26,109.79,pre
1741604400,109.78,110.77,pre
1741608000,110.77,109.82,pre
1741611600,109.82,109.97,pre
1741613400,109.89,108.0644,regular
1741617000,108.07,107.6582,regular
1741620600,107.6601,108.085,regular
1741624200,108.09,107.0601,regular
1741627800,107.055,106.76,regular
1741631400,106.76,106.6499,regular
1741635000,106.65,107.02,regular
1741636800,107.02,107.06,post
1741640400,107.06,105.6,post
1741644000,105.6,105.93,post
1741647600,105.95,104.6702,post
1741680000,106.39,108.26,pre
1741683600,108.28,108.87,pre
1741687200,108.86,108.27,pre
1741690800,108.27,107.22,pre
1741694400,107.21,107.05,pre
1741698000,107.01,107.02,pre
1741699800,107.005,106.31,regular
1741703400,106.305,108.895,regular
1741707000,108.88,108.82,regular
1741710600,108.805,107.56,regular
1741714200,107.565,110.43,regular
1741717800,110.44,110.8086,regular
1741721400,110.81,108.64,regular
1741723200,108.65,108.48,post
1741726800,108.45,108.585,post
1741730400,108.6,109.58,post
1741734000,109.59,109.415,post
1741766400,110.07,109.67,pre
1741770000,109.69,110.38,pre
1741773600,110.35,110.28,pre
1741777200,110.29,111.4,pre
1741780800,111.37,111.5972,pre
1741784400,111.5909,114.1364,pre
1741786200,114.12,114.6501,regular
1741789800,114.65,114.51,regular
1741793400,114.5109,115.835,regular
1741797000,115.85,116.115,regular
1741800600,116.11,115.555,regular
1741804200,115.56,115.45,regular
1741807800,115.43,115.74,regular
1741809600,115.74,115.59,post
1741813200,115.58,115.96,post
1741816800,115.961,116.4293,post
1741820400,116.43,116.96,post
1741852800,114.8,114.65,pre
1741856400,114.64,115.35,pre
1741860000,115.36,116.63,pre
1741863600,116.65,115.98,pre
1741867200,115.97,115.8452,pre
1741870800,115.9,117.04,pre
1741872600,117.02,116.655,regular
1741876200,116.655,116.08,regular
1741879800,116.08,115.8609,regular
1741883400,115.85,115.265,regular
1741887000,115.265,116.95,regular
1741890600,116.95,116.005,regular
1741894200,116.01,115.71,regular
1741896000,115.58,115.8882,post
1741899600,115.86,115.81,post
1741903200,115.87,116.5,post
1741906800,116.485,116.4101,post
1741939200,117.0,117.61,pre
1741942800,117.62,117.6,pre
1741946400,117.59,117.71,pre
1741950000,117.71,118.16,pre
1741953600,118.16,119.1201,pre
1741957200,119.13,118.62,pre
1741959000,118.62,119.5249,regular
1741962600,119.529,120.93,regular
1741966200,120.93,120.515,regular
1741969800,120.5101,120.545,regular
1741973400,120.54,120.275,regular
1741977000,120.28,120.585,regular
1741980600,120.59,121.45,regular
1741982400,121.67,121.205,post
1741986000,121.2,121.3497,post
1741989600,121.34,121.5,post
1741993200,121.4931,121.4699,post
1742198400,121.03,122.35,pre
1742202000,122.33,122.83,pre
1742205600,122.8,122.68,pre
1742209200,122.67,123.29,pre
1742212800,123.31,123.04,pre
1742216400,123.0288,122.7,pre
1742218200,122.7375,119.535,regular
1742221800,119.54,119.295,regular
1742225400,119.305,118.3651,regular
1742229000,118.37,119.1749,regular
1742232600,119.175,120.5,regular
1742236200,120.49,120.3644,regular
1742239800,120.36,119.48,regular
1742241600,119.48,119.65,post
1742245200,119.6499,119.805,post
1742248800,119.78,119.74,post
1742252400,119.73,119.5101,post
1742284800,119.53,120.48,pre
1742288400,120.47,120.03,pre
1742292000,120.04,119.74,pre
1742295600,119.72,119.57,pre
1742299200,119.57,119.0106,pre
1742302800,119.02,117.95,pre
1742304600,118.05,115.84,regular
1742308200,115.83,116.755,regular
1742311800,116.755,117.64,regular
1742315400,117.64,117.155,regular
1742319000,117.17,116.6387,regular
1742322600,116.64,116.135,regular
1742326200,116.14,115.58,regular
1742328000,115.58,115.21,post
1742331600,115.2,115.0305,post
1742335200,115.0492,115.03,post
1742338800,115.03,114.7899,post
1742371200,115.07,115.75,pre
1742374800,115.72,116.5,pre
1742378400,116.49,116.91,pre
1742382000,116.94,116.77,pre
1742385600,116.79,116.63,pre
1742389200,116.63,117.28,pre
1742391000,117.305,116.99,regular
1742394600,116.9857,117.245,regular
1742398200,117.245,118.025,regular
1742401800,118.02,117.4586,regular
1742405400,117.46,118.536,regular
1742409000,118.531,118.25,regular
1742412600,118.265,117.52,regular
1742414400,117.52,117.54,post
1742418000,117.53,117.9201,post
1742421600,117.93,118.384,post
1742425200,118.3902,118.8,post
1742457600,119.3,119.43,pre
1742461200,119.44,118.49,pre
1742464800,118.43,116.91,pre
1742468400,116.95,116.7,pre
1742472000,116.67,117.2138,pre
1742475600,117.31,116.5299,pre
1742477400,116.525,118.9,regular
1742481000,118.91,119.64,regular
1742484600,119.62,118.29,regular
1742488200,118.31,117.889,regular
1742491800,117.9,118.0791,regular
1742495400,118.065,118.045,regular
1742499000,118.05,118.47,regular
1742500800,118.465,118.64,post
1742504400,118.6112,118.57,post
1742508000,118.56,118.4,post
1742511600,118.45,118.1698,post
1742544000,118.03,117.83,pre
1742547600,117.88,117.21,pre
1742551200,117.26,117.48,pre
1742554800,117.34,117.77,pre
1742558400,117.76,117.6699,pre
1742562000,117.6301,117.04,pre
1742563800,116.958,116.4694,regular
1742567400,116.47,116.29,regular
1742571000,116.295,117.35,regular
1742574600,117.355,117.065,regular
1742578200,117.065,117.1911,regular
1742581800,117.19,116.785,regular
1742585400,116.78,117.635,regular
1742587200,117.63,117.84,post
1742590800,117.86,117.7191,post
1742594400,117.71,117.65,post
1742598000,117.63,117.64,post
1742803200,119.1,119.53,pre
1742806800,119.5,118.93,pre
1742810400,118.92,119.28,pre
1742814000,119.26,119.95,pre
1742817600,119.95,120.055,pre
1742821200,120.07,119.87,pre
1742823000,119.89,120.48,regular
1742826600,120.47,122.04,regular
1742830200,122.0401,121.75,regular
1742833800,121.755,121.7288,regular
1742837400,121.725,121.815,regular
1742841000,121.815,121.795,regular
1742844600,121.795,121.23,regular
1742846400,121.22,102.3052,post
1742850000,121.29,121.2128,post
1742853600,121.21,120.97,post
1742857200,120.9699,120.9695,post
1742889600,120.74,119.84,pre
1742893200,119.82,120.35,pre
1742896800,120.31,120.61,pre
1742900400,120.59,120.66,pre
1742904000,120.69,120.66,pre
1742907600,120.65,120.54,pre
1742909400,120.5675,119.98,regular
1742913000,119.98,120.2616,regular
1742916600,120.27,120.6602,regular
1742920200,120.67,120.235,regular
1742923800,120.24,120.7151,regular
1742927400,120.72,120.695,regular
1742931000,120.695,120.645,regular
1742932800,120.645,120.65,post
1742936400,120.6696,120.53,post
1742940000,120.52,120.52,post
1742943600,120.5184,120.61,post
1742976000,120.06,119.95,pre
1742979600,119.95,119.72,pre
1742983200,119.78,119.45,pre
1742986800,119.47,118.89,pre
1742990400,118.85,118.78,pre
1742994000,118.7887,118.74,pre
1742995800,118.755,115.115,regular
1742999400,115.115,115.165,regular
1743003000,115.16,114.035,regular
1743006600,114.035,113.46,regular
1743010200,113.465,113.645,regular
1743013800,113.65,113.265,regular
1743017400,113.265,113.7,regular
1743019200,113.7,113.4997,post
1743022800,113.49,113.38,post
1743026400,113.3,112.41,post
1743030000,112.41,112.2001,post
1743062400,112.0,112.04,pre
1743066000,112.07,113.12,pre
1743069600,113.12,112.77,pre
1743073200,112.78,111.75,pre
1743076800,111.74,111.593,pre
1743080400,111.64,111.34,pre
1743082200,111.345,112.815,regular
1743085800,112.81,113.55,regular
1743089400,113.55,112.505,regular
1743093000,112.5,111.6914,regular
1743096600,111.69,112.145,regular
1743100200,112.13,112.67,regular
1743103800,112.6637,111.43,regular
1743105600,111.43,111.67,post
1743109200,111.6692,111.61,post
1743112800,111.6098,111.6198,post
1743116400,111.6197,111.265,post
1743148800,111.17,110.99,pre
1743152400,110.94,111.77,pre
1743156000,111.78,111.92,pre
1743159600,111.93,111.92,pre
1743163200,111.91,112.07,pre
1743166800,112.05,111.53,pre
1743168600,111.485,109.2788,regular
1743172200,109.28,109.655,regular
1743175800,109.655,109.585,regular
1743179400,109.58,109.475,regular
1743183000,109.485,110.015,regular
1743186600,110.011,109.91,regular
1743190200,109.91,109.64,regular
1743192000,109.63,109.13,post
1743195600,109.1683,109.26,post
1743199200,109.265,109.08,post
1743202800,109.08,109.02,post
1743408000,106.85,106.18,pre
1743411600,106.22,106.06,pre
1743415200,106.1,105.55,pre
1743418800,105.54,104.88,pre
1743422400,104.889,105.29,pre
1743426000,105.29,105.16,pre
1743427800,105.11,103.89,regular
1743431400,103.895,105.1896,regular
1743435000,105.18,105.98,regular
1743438600,105.975,105.72,regular
1743442200,105.7289,107.5501,regular
1743445800,107.55,107.24,regular
1743449400,107.25,108.77,regular
1743451200,108.77,107.9299,post
1743454800,107.93,107.9,post
1743458400,107.925,107.74,post
1743462000,107.7298,107.52,post
1743494400,107.99,109.69,pre
1743498000,109.61,109.53,pre
1743501600,109.54,108.69,pre
1743505200,108.65,108.75,pre
1743508800,108.73,108.4736,pre
1743512400,108.45,108.47,pre
1743514200,108.5325,107.13,regular
1743517800,107.1435,108.9109,regular
1743521400,108.92,109.4,regular
1743525000,109.41,108.8012,regular
1743528600,108.8,107.7199,regular
1743532200,107.71,108.6113,regular
1743535800,108.61,110.15,regular
1743537600,110.18,110.02,post
1743541200,110.0,109.915,post
1743544800,109.91,110.11,post
1743548400,110.13,110.0201,post
1743580800,109.02,109.5,pre
1743584400,109.47,109.21,pre
1743588000,109.21,108.68,pre
1743591600,108.65,108.34,pre
1743595200,108.35,107.8999,pre
1743598800,107.8998,107.3,pre
1743600600,107.3,108.9986,regular
1743604200,109.0,110.25,regular
1743607800,110.24,111.1524,regular
1743611400,111.1513,111.235,regular
1743615000,111.22,109.325,regular
1743618600,109.3,109.65,regular
1743622200,109.645,110.38,regular
1743624000,110.325,106.76,post
1743627600,106.79,105.6212,post
1743631200,105.7,105.21,post
1743634800,105.249,104.13,post
1743667200,105.73,107.03,pre
1743670800,107.06,106.39,pre
1743674400,106.4,104.91,pre
1743678000,104.88,104.32,pre
1743681600,104.31,103.9,pre
1743685200,103.88,103.585,pre
1743687000,103.505,105.15,regular
1743690600,105.15,102.9699,regular
1743694200,102.955,103.661,regular
1743697800,103.67,103.02,regular
1743701400,103.0199,102.625,regular
1743705000,102.63,102.6685,regular
1743708600,102.67,102.01,regular
1743710400,101.72,102.29,post
1743714000,102.265,102.8,post
1743717600,102.8,102.3993,post
1743721200,102.39,102.4199,post
1743753600,101.8,102.38,pre
1743757200,102.35,101.68,pre
1743760800,101.7,97.15,pre
1743764400,97.16,95.85,pre
1743768000,95.86,97.95,pre
1743771600,97.95,99.0,pre
1743773400,98.94,94.6058,regular
1743777000,94.605,95.1,regular
1743780600,95.1,93.8299,regular
1743784200,93.83,94.1001,regular
1743787800,94.11,94.01,regular
1743791400,94.025,95.165,regular
1743795000,95.17,94.32,regular
1743796800,94.32,93.98,post
1743800400,93.94,93.81,post
1743804000,93.81,93.15,post
1743807600,93.1503,92.57,post
1744012800,87.0,88.87,pre
1744016400,88.86,89.31,pre
1744020000,89.31,91.91,pre
1744023600,91.9,90.88,pre
1744027200,90.9,89.68,pre
1744030800,89.68,87.4,pre
1744032600,87.53,93.61,regular
1744036200,94.33,93.88,regular
1744039800,93.86,95.87,regular
1744043400,95.86,98.2329,regular
1744047000,98.21,97.41,regular
1744050600,97.4307,96.65,regular
1744054200,96.67,97.71,regular
1744056000,97.71,98.375,post
1744059600,98.3892,98.32,post
1744063200,98.33,99.2292,post
1744066800,99.215,99.1799,post
1744099200,99.83,99.44,pre
1744102800,99.43,99.96,pre
1744106400,99.98,99.78,pre
1744110000,99.78,100.78,pre
1744113600,100.73,101.72,pre
1744117200,101.6905,103.82,pre
1744119000,103.805,104.73,regular
1744122600,104.72,102.06,regular
1744126200,102.06,101.585,regular
1744129800,101.58,98.78,regular
1744133400,98.755,99.4299,regular
1744137000,99.4283,96.32,regular
1744140600,96.31,96.71,regular
1744142400,96.73,96.34,post
1744146000,96.39,96.75,post
1744149600,96.73,94.87,post
1744153200,94.835,93.3995,post
1744185600,98.82,98.5,pre
1744189200,98.51,99.11,pre
1744192800,99.2,98.31,pre
1744196400,98.22,96.46,pre
1744200000,96.49,96.39,pre
1744203600,96.34,98.94,pre
1744205400,98.88,99.9794,regular
1744209000,99.97,99.1688,regular
1744212600,99.17,99.44,regular
1744216200,99.44,106.47,regular
1744219800,106.47,112.03,regular
1744223400,112.03,112.79,regular
1744227000,112.7976,114.25,regular
1744228800,114.22,114.0001,post
1744232400,114.05,112.7814,post
1744236000,112.86,113.6,post
1744239600,113.5997,112.58,post
1744272000,111.44,110.2,pre
1744275600,110.17,109.93,pre
1744279200,109.95,110.81,pre
1744282800,110.85,110.63,pre
1744286400,110.59,109.81,pre
1744290000,109.76,109.3209,pre
1744291800,109.32,109.08,regular
1744295400,109.05,107.895,regular
1744299000,107.8913,104.05,regular
1744302600,104.03,106.47,regular
1744306200,106.45,108.444,regular
1744309800,108.45,106.44,regular
1744313400,106.44,107.7,regular
1744315200,107.7,107.54,post
1744318800,107.54,107.195,post
1744322400,107.19,107.8,post
1744326000,107.7704,106.25,post
1744358400,108.6,107.27,pre
1744362000,107.23,107.72,pre
1744365600,107.73,108.84,pre
1744369200,108.84,108.58,pre
1744372800,108.6,108.9,pre
1744376400,108.94,108.4601,pre
1744378200,108.59,107.7,regular
1744381800,107.71,108.64,regular
1744385400,108.65,109.44,regular
1744389000,109.47,109.74,regular
1744392600,109.74,110.35,regular
1744396200,110.36,110.11,regular
1744399800,110.105,110.69,regular
1744401600,110.7,110.69,post
1744405200,110.6397,110.595,post
1744408800,110.6099,110.515,post
1744412400,110.5197,110.69,post
1744617600,114.7,113.87,pre
1744621200,113.87,113.19,pre
1744624800,113.19,113.12,pre
1744628400,113.12,114.789,pre
1744632000,114.79,114.4199,pre
1744635600,114.42,114.15,pre
1744637400,114.14,112.567,regular
1744641000,112.565,111.3335,regular
1744644600,111.35,110.03,regular
1744648200,110.03,110.44,regular
1744651800,110.43,111.2,regular
1744655400,111.1911,111.35,regular
1744659000,111.36,110.7,regular
1744660800,110.7,110.42,post
1744664400,110.44,110.3005,post
1744668000,110.3005,109.57,post
1744671600,109.5699,109.3697,post
1744704000,111.0,111.04,pre
1744707600,111.06,111.09,pre
1744711200,111.08,110.96,pre
1744714800,110.98,110.49,pre
1744718400,110.48,110.05,pre
1744722000,110.0201,111.022,pre
1744723800,110.97,111.015,regular
1744727400,111.04,112.03,regular
1744731000,112.035,113.265,regular
1744734600,113.27,111.8401,regular
1744738200,111.835,112.12,regular
1744741800,112.115,112.2101,regular
1744745400,112.215,112.1,regular
1744747200,112.1,110.1994,post
1744750800,112.02,105.275,post
1744754400,105.28,105.88,post
1744758000,105.875,105.1187,post
1744790400,105.27,105.0,pre
1744794000,105.03,105.9,pre
1744797600,105.9,105.81,pre
1744801200,105.81,105.14,pre
1744804800,105.14,105.14,pre
1744808400,105.11,104.445,pre
1744810200,104.55,105.52,regular
1744813800,105.525,105.1751,regular
1744817400,105.18,103.915,regular
1744821000,103.915,103.935,regular
1744824600,103.94,102.185,regular
1744828200,102.185,101.005,regular
1744831800,101.01,104.5,regular
1744833600,104.5,103.03,post
1744837200,103.05,103.6,post
1744840800,103.6,103.9194,post
1744844400,103.92,103.3805,post
1744876800,105.82,105.89,pre
1744880400,105.85,105.63,pre
1744884000,105.62,105.01,pre
1744887600,105.03,104.51,pre
1744891200,104.52,104.9491,pre
1744894800,104.95,104.48,pre
1744896600,104.425,100.495,regular
1744900200,100.4957,100.3982,regular
1744903800,100.395,101.235,regular
1744907400,101.2351,100.8312,regular
1744911000,100.84,102.1563,regular
1744914600,102.16,101.215,regular
1744918200,101.21,101.41,regular
1744920000,101.4,101.3983,post
1744923600,101.36,101.225,post
1744927200,101.2107,101.115,post
1744930800,101.1293,101.2805,post
1745222400,100.01,99.49,pre
1745226000,99.47,99.21,pre
1745229600,99.21,97.88,pre
1745233200,97.88,98.43,pre
1745236800,98.44,98.31,pre
1745240400,98.32,98.7704,pre
1745242200,98.735,95.835,regular
1745245800,95.835,95.89,regular
1745249400,95.89,95.8,regular
1745253000,95.8,95.3686,regular
1745256600,95.36,95.59,regular
1745260200,95.59,95.6,regular
1745263800,95.6,96.8,regular
1745265600,96.8,96.2399,post
1745269200,96.2301,96.34,post
1745272800,96.34,96.049,post
1745276400,96.05,96.62,post
1745308800,98.22,97.98,pre
1745312400,97.96,98.43,pre
1745316000,98.43,98.04,pre
1745319600,98.07,97.83,pre
1745323200,97.85,98.2,pre
1745326800,98.2001,98.755,pre
1745328600,98.765,99.02,regular
1745332200,99.02,98.895,regular
1745335800,98.8964,99.65,regular
1745339400,99.655,98.105,regular
1745343000,98.1,98.485,regular
1745346600,98.4958,97.705,regular
1745350200,97.7,98.88,regular
1745352000,98.8769,99.0299,post
1745355600,99.025,101.9,post
1745359200,101.9,101.995,post
1745362800,102.02,102.5,post
1745395200,102.75,103.69,pre
1745398800,103.7,103.61,pre
1745402400,103.63,104.09,pre
1745406000,104.12,104.34,pre
1745409600,104.33,104.32,pre
1745413200,104.29,104.5,pre
1745415000,104.5201,104.185,regular
1745418600,104.185,103.137,regular
1745422200,103.15,103.36,regular
1745425800,103.355,103.96,regular
1745429400,103.97,103.715,regular
1745433000,103.715,102.42,regular
1745436600,102.42,102.535,regular
1745438400,102.51,102.72,post
1745442000,102.7198,102.58,post
1745445600,102.56,102.519,post
1745449200,102.52,102.48,post
1745481600,101.72,100.96,pre
1745485200,100.92,101.09,pre
1745488800,101.1,102.05,pre
1745492400,102.07,102.53,pre
1745496000,102.52,103.1105,pre
1745499600,103.11,103.43,pre
1745501400,103.475,105.3687,regular
1745505000,105.365,105.345,regular
1745508600,105.35,105.7489,regular
1745512200,105.74,106.295,regular
1745515800,106.2983,106.3347,regular
1745519400,106.33,105.725,regular
1745523000,105.725,106.38,regular
1745524800,106.37,106.125,post
1745528400,106.1018,106.98,post
1745532000,106.99,106.9296,post
1745535600,106.93,107.72,post
1745568000,107.98,107.8,pre
1745571600,107.78,107.46,pre
1745575200,107.48,106.99,pre
1745578800,106.96,106.75,pre
1745582400,106.75,106.61,pre
1745586000,106.61,106.85,pre
1745587800,106.86,107.541,regular
1745591400,107.56,108.66,regular
1745595000,108.66,109.475,regular
1745598600,109.475,111.87,regular
1745602200,111.8599,110.835,regular
1745605800,110.84,110.735,regular
1745609400,110.74,110.96,regular
1745611200,110.96,110.9597,post
1745614800,110.95,110.74,post
1745618400,110.74,110.76,post
1745622000,110.78,110.94,post
1745827200,109.95,109.22,pre
1745830800,109.22,109.91,pre
1745834400,109.94,109.79,pre
1745838000,109.81,109.43,pre
1745841600,109.42,109.4536,pre
1745845200,109.465,109.71,pre
1745847000,109.695,108.5252,regular
1745850600,108.53,106.6,regular
1745854200,106.605,106.5509,regular
1745857800,106.56,106.28,regular
1745861400,106.28,107.3,regular
1745865000,107.295,108.19,regular
1745868600,108.18,108.64,regular
1745870400,108.63,108.5,post
1745874000,108.51,108.33,post
1745877600,108.3303,108.15,post
1745881200,108.15,108.11,post
1745913600,108.96,108.85,pre
1745917200,108.85,108.63,pre
1745920800,108.65,108.68,pre
1745924400,108.66,108.02,pre
1745928000,108.02,108.07,pre
1745931600,108.07,107.65,pre
1745933400,107.73,108.53,regular
1745937000,108.54,108.8098,regular
1745940600,108.81,108.875,regular
1745944200,108.88,108.735,regular
1745947800,108.74,109.9801,regular
1745951400,109.9852,109.4,regular
1745955000,109.4,108.92,regular
1745956800,108.91,107.2007,post
1745960400,107.25,106.88,post
1745964000,106.89,106.98,post
1745967600,106.97,106.78,post
1746000000,107.14,107.23,pre
1746003600,107.23,107.45,pre
1746007200,107.47,107.0,pre
1746010800,107.0,106.49,pre
1746014400,106.51,106.13,pre
1746018000,106.15,104.48,pre
1746019800,104.47,105.985,regular
1746023400,105.98,106.375,regular
1746027000,106.375,106.055,regular
1746030600,106.06,106.47,regular
1746034200,106.4701,107.195,regular
1746037800,107.19,107.255,regular
1746041400,107.25,108.775,regular
1746043200,108.76,112.27,post
1746046800,112.299,111.81,post
1746050400,111.82,113.4,post
1746054000,113.4,112.9703,post
1746086400,112.97,112.92,pre
1746090000,112.9,113.24,pre
1746093600,113.25,113.85,pre
1746097200,113.83,114.16,pre
1746100800,114.17,113.87,pre
1746104400,113.87,113.04,pre
1746106200,113.1,113.33,regular
1746109800,113.32,114.325,regular
1746113400,114.33,113.6518,regular
1746117000,113.65,113.5648,regular
1746120600,113.57,113.67,regular
1746124200,113.67,113.0,regular
1746127800,113.0,111.53,regular
1746129600,111.53,111.785,post
1746133200,111.785,111.0307,post
1746136800,111.05,111.08,post
1746140400,111.1,111.0999,post
1746172800,112.05,112.71,pre
1746176400,112.66,112.45,pre
1746180000,112.45,112.9,pre
1746183600,112.89,112.82,pre
1746187200,112.84,112.62,pre
1746190800,112.64,114.12,pre
1746192600,114.18,113.905,regular
1746196200,113.9,114.6501,regular
1746199800,114.66,114.745,regular
1746203400,114.745,114.3645,regular
1746207000,114.365,114.8,regular
1746210600,114.81,114.47,regular
1746214200,114.47,114.39,regular
1746216000,114.37,114.2403,post
1746219600,114.245,114.1995,post
1746223200,114.19,114.21,post
1746226800,114.2,114.1801,post
1746432000,113.86,113.46,pre
1746435600,113.5,113.0,pre
1746439200,113.01,112.89,pre
1746442800,112.9,113.07,pre
1746446400,113.03,113.07,pre
1746450000,113.0798,112.92,pre
1746451800,112.905,113.245,regular
1746455400,113.247,113.9199,regular
1746459000,113.92,113.785,regular
1746462600,113.88,114.13,regular
1746466200,114.135,114.371,regular
1746469800,114.37,114.374,regular
1746473400,114.36,113.81,regular
1746475200,113.82,113.59,post
1746478800,113.6399,113.52,post
1746482400,113.51,113.31,post
1746486000,113.31,113.28,post
1746518400,113.17,112.56,pre
1746522000,112.53,112.4,pre
1746525600,112.4,112.47,pre
1746529200,112.47,112.25,pre
1746532800,112.27,112.27,pre
1746536400,112.28,111.5,pre
1746538200,111.445,112.655,regular
1746541800,112.65,113.07,regular
1746545400,113.065,113.0179,regular
1746549000,113.0101,112.92,regular
1746552600,112.93,113.68,regular
1746556200,113.67,114.23,regular
1746559800,114.2314,113.445,regular
1746561600,113.45,127.7255,post
1746565200,113.465,112.255,post
1746568800,112.27,114.49,post
1746572400,114.5,114.4999,post
1746604800,114.28,113.97,pre
1746608400,113.99,113.93,pre
1746612000,113.92,113.87,pre
1746615600,113.83,114.08,pre
1746619200,114.07,113.665,pre
1746622800,113.6512,113.04,pre
1746624600,113.045,113.4803,regular
1746628200,113.48,113.295,regular
1746631800,113.29,113.6799,regular
1746635400,113.68,113.945,regular
1746639000,113.95,113.0001,regular
1746642600,112.995,113.235,regular
1746646200,113.23,117.02,regular
1746648000,117.015,116.38,post
1746651600,135.7993,116.3003,post
1746655200,116.31,116.36,post
1746658800,116.36,116.865,post
1746691200,119.42,119.21,pre
1746694800,119.21,118.94,pre
1746698400,118.96,119.15,pre
1746702000,119.15,118.95,pre
1746705600,118.95,119.06,pre
1746709200,119.06,118.49,pre
1746711000,118.48,117.24,regular
1746714600,117.23,117.26,regular
1746718200,117.26,118.0499,regular
1746721800,118.045,117.9049,regular
1746725400,117.905,117.975,regular
1746729000,117.9746,118.5405,regular
1746732600,118.55,117.37,regular
1746734400,117.37,117.16,post
1746738000,117.19,117.3105,post
1746741600,117.33,117.31,post
1746745200,117.295,117.0481,post
1746777600,117.85,117.93,pre
1746781200,117.88,117.88,pre
1746784800,117.87,118.11,pre
1746788400,118.1,117.73,pre
1746792000,117.66,117.4176,pre
1746795600,117.42,117.33,pre
1746797400,117.345,116.1316,regular
1746801000,116.13,116.3775,regular
1746804600,116.38,116.285,regular
1746808200,116.2802,116.43,regular
1746811800,116.4215,116.58,regular
1746815400,116.5802,116.7252,regular
1746819000,116.725,116.6207,regular
1746820800,116.62,116.35,post
1746824400,116.385,116.38,post
1746828000,116.375,116.36,post
1746831600,116.37,116.3898,post
1747036800,120.0,121.98,pre
1747040400,121.98,122.51,pre
1747044000,122.53,122.45,pre
1747047600,122.41,122.2,pre
1747051200,122.2,121.96,pre
1747054800,121.9698,121.95,pre
1747056600,121.94,120.86,regular
1747060200,120.86,121.6514,regular
1747063800,121.655,122.3713,regular
1747067400,122.375,122.6615,regular
1747071000,122.665,122.735,regular
1747074600,122.735,122.585,regular
1747078200,122.58,122.99,regular
1747080000,122.995,122.705,post
1747083600,122.7,122.7999,post
1747087200,122.8,122.71,post
1747090800,122.71,122.84,post
1747123200,122.25,121.86,pre
1747126800,121.88,122.1,pre
1747130400,122.1,123.16,pre
1747134000,123.16,123.36,pre
1747137600,123.35,124.14,pre
1747141200,124.14,124.99,pre
1747143000,124.97,129.215,regular
1747146600,129.225,129.83,regular
1747150200,129.835,130.46,regular
1747153800,130.45,130.835,regular
1747157400,130.835,130.445,regular
1747161000,130.45,130.215,regular
1747164600,130.215,129.84,regular
1747166400,129.835,129.4384,post
1747170000,129.49,130.25,post
1747173600,130.24,130.44,post
1747177200,130.45,131.2899,post
1747209600,132.1,132.31,pre
1747213200,132.32,132.24,pre
1747216800,132.26,132.28,pre
1747220400,132.27,134.14,pre
1747224000,134.14,133.83,pre
1747227600,133.82,133.22,pre
1747229400,133.17,132.66,regular
1747233000,132.64,134.155,regular
1747236600,134.155,134.97,regular
1747240200,134.9783,134.46,regular
1747243800,134.4609,134.56,regular
1747247400,134.555,134.89,regular
1747251000,134.89,135.3471,regular
1747252800,135.34,136.25,post
1747256400,136.25,135.54,post
1747260000,135.55,135.9801,post
1747263600,136.0,136.21,post
1747296000,133.51,133.37,pre
1747299600,133.35,132.67,pre
1747303200,132.67,133.26,pre
1747306800,133.27,134.48,pre
1747310400,134.48,133.939,pre
1747314000,133.9,134.33,pre
1747315800,134.295,133.27,regular
1747319400,133.3,134.385,regular
1747323000,134.4,135.2166,regular
1747326600,135.215,136.22,regular
1747330200,136.22,135.36,regular
1747333800,135.36,133.735,regular
1747337400,133.735,134.9,regular
1747339200,134.89,134.715,post
1747342800,134.7,134.36,post
1747346400,134.31,134.3802,post
1747350000,134.39,134.6983,post
1747382400,134.95,135.75,pre
1747386000,135.75,135.81,pre
1747389600,135.79,135.73,pre
1747393200,135.72,136.1,pre
1747396800,136.11,136.8,pre
1747400400,136.81,136.2996,pre
1747402200,136.25,135.425,regular
1747405800,135.425,134.865,regular
1747409400,134.86,134.795,regular
1747413000,134.8,135.8218,regular
1747416600,135.8201,135.035,regular
1747420200,135.035,135.0803,regular
1747423800,135.085,135.32,regular
1747425600,135.32,134.87,post
1747429200,134.89,133.98,post
1747432800,133.97,132.545,post
1747436400,132.54,132.1,post
1747641600,132.32,130.53,pre
1747645200,130.55,130.98,pre
1747648800,130.98,131.35,pre
1747652400,131.35,131.25,pre
1747656000,131.22,131.6377,pre
1747659600,131.6124,132.43,pre
1747661400,132.84,135.285,regular
1747665000,135.295,134.925,regular
1747668600,134.92,135.225,regular
1747672200,135.2211,135.275,regular
1747675800,135.28,135.085,regular
1747679400,135.085,135.12,regular
1747683000,135.12,135.49,regular
1747684800,135.49,135.38,post
1747688400,135.37,135.42,post
1747692000,135.4298,135.375,post
1747695600,135.375,135.67,post
1747728000,135.13,135.05,pre
1747731600,135.07,134.95,pre
1747735200,134.95,135.18,pre
1747738800,135.21,135.28,pre
1747742400,135.29,134.7976,pre
1747746000,134.8,134.27,pre
1747747800,134.29,132.95,regular
1747751400,132.94,133.775,regular
1747755000,133.78,134.0846,regular
1747758600,134.085,134.105,regular
1747762200,134.1,133.45,regular
1747765800,133.45,133.815,regular
1747769400,133.82,134.38,regular
1747771200,134.39,134.6406,post
1747774800,134.68,134.3,post
1747778400,134.3179,133.96,post
1747782000,133.92,133.9805,post
1747814400,133.57,133.13,pre
1747818000,133.14,133.1,pre
1747821600,133.11,132.8,pre
1747825200,132.8,133.28,pre
1747828800,133.281,133.57,pre
1747832400,133.57,133.05,pre
1747834200,133.045,134.085,regular
1747837800,134.09,135.8758,regular
1747841400,135.875,137.085,regular
1747845000,137.085,133.215,regular
1747848600,133.23,132.845,regular
1747852200,132.845,131.0787,regular
1747855800,131.08,131.73,regular
1747857600,131.73,131.4296,post
1747861200,131.43,131.45,post
1747864800,131.46,131.3801,post
1747868400,131.3845,131.1699,post
1747900800,132.29,132.91,pre
1747904400,132.88,132.67,pre
1747908000,132.65,132.63,pre
1747911600,132.61,132.53,pre
1747915200,132.52,131.17,pre
1747918800,131.19,132.23,pre
1747920600,132.18,133.04,regular
1747924200,133.04,132.88,regular
1747927800,132.88,133.395,regular
1747931400,133.405,133.511,regular
1747935000,133.5173,133.335,regular
1747938600,133.3302,133.9187,regular
1747942200,133.92,132.7899,regular
1747944000,132.78,133.05,post
1747947600,133.12,133.1,post
1747951200,133.105,132.8292,post
1747954800,132.83,132.8602,post
1747987200,133.08,133.15,pre
1747990800,133.18,132.73,pre
1747994400,132.75,132.9,pre
1747998000,132.93,132.84,pre
1748001600,132.85,128.6483,pre
1748005200,128.65,130.0,pre
1748007000,129.99,130.53,regular
1748010600,130.55,130.98,regular
1748014200,130.96,131.01,regular
1748017800,131.0111,131.95,regular
1748021400,131.9498,132.135,regular
1748025000,132.13,131.6239,regular
1748028600,131.625,131.31,regular
1748030400,131.3,131.2599,post
1748034000,131.26,131.18,post
1748037600,131.18,131.19,post
1748041200,131.19,131.15,post
1748332800,134.99,134.89,pre
1748336400,134.94,134.57,pre
1748340000,134.61,134.9,pre
1748343600,134.91,134.51,pre
1748347200,134.53,134.53,pre
1748350800,134.54,134.09,pre
1748352600,134.1525,135.2918,regular
1748356200,135.3,135.21,regular
1748359800,135.215,135.262,regular
1748363400,135.265,135.6,regular
1748367000,135.6012,135.2516,regular
1748370600,135.255,135.14,regular
1748374200,135.14,135.49,regular
1748376000,135.49,135.25,post
1748379600,135.26,135.33,post
1748383200,135.34,135.48,post
1748386800,135.48,135.58,post
1748419200,135.63,135.66,pre
1748422800,135.69,135.49,pre
1748426400,135.49,136.32,pre
1748430000,136.34,136.21,pre
1748433600,136.22,136.43,pre
1748437200,136.43,136.01,pre
1748439000,136.05,135.265,regular
1748442600,135.26,135.5919,regular
1748446200,135.595,135.9403,regular
1748449800,135.935,136.45,regular
1748453400,136.45,136.67,regular
1748457000,136.66,136.83,regular
1748460600,136.83,134.8116,regular
1748462400,134.82,141.7699,post
1748466000,141.7518,140.65,post
1748469600,140.87,140.78,post
1748473200,140.79,141.37,post
1748505600,142.07,141.52,pre
1748509200,141.55,142.36,pre
1748512800,142.37,142.94,pre
1748516400,142.94,142.29,pre
1748520000,142.28,142.18,pre
1748523600,142.1607,142.24,pre
1748525400,142.24,140.6193,regular
1748529000,140.615,141.66,regular
1748532600,141.655,140.5702,regular
1748536200,140.57,139.875,regular
1748539800,139.8701,138.4442,regular
1748543400,138.445,138.91,regular
1748547000,138.9,139.18,regular
1748548800,139.18,138.695,post
1748552400,138.7,138.05,post
1748556000,138.08,137.86,post
1748559600,137.85,137.8,post
1748592000,137.81,138.38,pre
1748595600,138.4,138.33,pre
1748599200,138.35,138.42,pre
1748602800,138.42,138.96,pre
1748606400,138.97,138.178,pre
1748610000,138.15,138.69,pre
1748611800,138.73,137.36,regular
1748615400,137.35,136.105,regular
1748619000,136.105,133.59,regular
1748622600,133.59,134.4623,regular
1748626200,134.46,134.78,regular
1748629800,134.78,135.265,regular
1748633400,135.27,134.84,regular
1748635200,134.84,134.99,post
1748638800,135.0,135.24,post
1748642400,135.24,134.77,post
1748646000,134.8,134.5482,post
1748851200,133.56,133.91,pre
1748854800,133.89,133.92,pre
1748858400,133.9,133.83,pre
1748862000,133.83,134.32,pre
1748865600,134.31,134.31,pre
1748869200,134.3,135.58,pre
1748871000,135.54,136.6601,regular
1748874600,136.66,136.4599,regular
1748878200,136.47,137.4076,regular
1748881800,137.39,137.57,regular
1748885400,137.5601,138.0314,regular
1748889000,138.04,137.625,regular
1748892600,137.6267,137.37,regular
1748894400,137.37,137.69,post
1748898000,137.695,137.74,post
1748901600,137.73,137.5297,post
1748905200,137.52,137.4,post
1748937600,137.26,136.75,pre
1748941200,136.73,137.17,pre
1748944800,137.16,137.34,pre
1748948400,137.35,137.9,pre
1748952000,137.88,138.13,pre
1748955600,138.12,138.75,pre
1748957400,138.78,141.3,regular
1748961000,141.2917,141.8199,regular
1748964600,141.81,141.565,regular
1748968200,141.5682,141.615,regular
1748971800,141.6165,141.1598,regular
1748975400,141.16,141.45,regular
1748979000,141.445,141.27,regular
1748980800,141.26,141.1,post
1748984400,141.09,141.17,post
1748988000,141.16,141.4793,post
1748991600,141.46,141.4993,post
1749024000,141.6,142.07,pre
1749027600,142.05,142.31,pre
1749031200,142.3,142.22,pre
1749034800,142.25,142.24,pre
1749038400,142.24,141.92,pre
1749042000,141.92,142.2,pre
1749043800,142.22,140.985,regular
1749047400,140.985,141.325,regular
1749051000,141.32,140.5101,regular
1749054600,140.51,140.79,regular
1749058200,140.79,141.6188,regular
1749061800,141.62,141.67,regular
1749065400,141.675,141.8301,regular
1749067200,141.84,141.55,post
1749070800,141.59,141.63,post
1749074400,141.64,141.48,post
1749078000,141.48,141.3481,post
1749110400,141.69,142.24,pre
1749114000,142.27,141.74,pre
1749117600,141.73,141.88,pre
1749121200,141.85,141.17,pre
1749124800,141.2,141.4498,pre
1749128400,141.41,142.165,pre
1749130200,142.15,141.9783,regular
1749133800,141.97,143.0389,regular
1749137400,143.0318,143.005,regular
1749141000,143.0,141.5787,regular
1749144600,141.5735,140.715,regular
1749148200,140.715,139.5901,regular
1749151800,139.61,139.95,regular
1749153600,139.95,138.1,post
1749157200,138.12,138.03,post
1749160800,138.05,138.94,post
1749164400,138.96,138.955,post
1749196800,140.29,140.03,pre
1749200400,140.17,140.53,pre
1749204000,140.51,140.78,pre
1749207600,140.75,140.63,pre
1749211200,140.5,140.88,pre
1749214800,140.88,142.57,pre
1749216600,142.535,141.645,regular
1749220200,141.645,141.695,regular
1749223800,141.9,142.26,regular
1749227400,142.265,142.115,regular
1749231000,142.115,142.365,regular
1749234600,142.3615,142.0718,regular
1749238200,142.07,141.69,regular
1749240000,141.685,141.95,post
1749243600,141.965,141.69,post
1749247200,141.7,141.76,post
1749250800,141.77,141.84,post
1749456000,142.19,142.47,pre
1749459600,142.45,142.41,pre
1749463200,142.41,142.24,pre
1749466800,142.24,142.28,pre
1749470400,142.299,143.2706,pre
1749474000,143.2896,143.2,pre
1749475800,143.265,144.375,regular
1749479400,144.375,143.1801,regular
1749483000,143.19,142.225,regular
1749486600,142.23,142.77,regular
1749490200,142.775,142.8399,regular
1749493800,142.83,142.775,regular
1749497400,142.77,142.55,regular
1749499200,142.55,142.6993,post
1749502800,142.7,142.73,post
1749506400,142.7287,142.75,post
1749510000,142.77,142.6799,post
1749542400,142.46,142.25,pre
1749546000,142.27,142.9,pre
1749549600,142.9,143.02,pre
1749553200,143.05,142.96,pre
1749556800,142.95,143.36,pre
1749560400,143.355,142.67,pre
1749562200,142.67,142.8,regular
1749565800,142.795,142.687,regular
1749569400,142.68,143.115,regular
1749573000,143.12,142.655,regular
1749576600,142.6501,143.1199,regular
1749580200,143.12,144.0,regular
1749583800,143.99,143.95,regular
1749585600,143.95,143.9,post
1749589200,143.93,143.83,post
1749592800,143.82,143.84,post
1749596400,143.86,143.76,post
1749628800,143.55,143.66,pre
1749632400,143.65,143.84,pre
1749636000,143.86,143.88,pre
1749639600,143.86,143.85,pre
1749643200,143.88,144.025,pre
1749646800,144.03,144.59,pre
1749648600,144.61,144.4773,regular
1749652200,144.485,144.1501,regular
1749655800,144.12,143.3799,regular
1749659400,143.3759,143.71,regular
1749663000,143.725,142.4716,regular
1749666600,142.47,142.4,regular
1749670200,142.395,142.84,regular
1749672000,142.85,143.03,post
1749675600,143.05,142.93,post
1749679200,142.95,142.41,post
1749682800,142.47,142.22,post
1749715200,142.27,141.37,pre
1749718800,141.38,141.45,pre
1749722400,141.8,141.18,pre
1749726000,141.21,140.95,pre
1749729600,140.93,140.86,pre
1749733200,140.89,142.01,pre
1749735000,141.98,144.065,regular
1749738600,144.07,144.4512,regular
1749742200,144.445,144.45,regular
1749745800,144.455,144.33,regular
1749749400,144.325,144.475,regular
1749753000,144.475,144.755,regular
1749756600,144.75,145.0,regular
1749758400,144.995,144.8199,post
1749762000,144.8,144.87,post
1749765600,144.87,144.56,post
1749769200,144.55,144.5,post
1749801600,142.13,142.72,pre
1749805200,142.72,142.17,pre
1749808800,142.16,142.11,pre
1749812400,142.12,142.65,pre
1749816000,142.63,143.21,pre
1749819600,143.23,142.46,pre
1749821400,142.48,141.2,regular
1749825000,141.2,142.9165,regular
1749828600,142.915,143.075,regular
1749832200,143.08,142.655,regular
1749835800,142.655,141.6,regular
1749839400,141.59,141.505,regular
1749843000,141.505,141.96,regular
1749844800,141.96,141.8483,post
1749848400,141.81,141.83,post
1749852000,141.845,141.84,post
1749855600,141.82,141.7598,post
1750060800,142.68,143.13,pre
1750064400,143.12,142.72,pre
1750068000,142.73,142.94,pre
1750071600,142.95,143.08,pre
1750075200,143.09,143.42,pre
1750078800,143.44,143.32,pre
1750080600,143.345,144.48,regular
1750084200,144.475,145.4698,regular
1750087800,145.46,145.955,regular
1750091400,145.965,145.625,regular
1750095000,145.625,145.23,regular
1750098600,145.2216,144.97,regular
1750102200,144.975,144.67,regular
1750104000,144.69,144.54,post
1750107600,144.52,144.6007,post
1750111200,144.62,144.12,post
1750114800,144.13,143.66,post
1750147200,144.15,144.55,pre
1750150800,144.57,144.7,pre
1750154400,144.71,144.3,pre
1750158000,144.32,144.78,pre
1750161600,144.74,145.36,pre
1750165200,145.36,144.51,pre
1750167000,144.49,144.3986,regular
1750170600,144.39,144.51,regular
1750174200,144.51,145.02,regular
1750177800,145.02,144.83,regular
1750181400,144.82,144.18,regular
1750185000,144.19,144.2761,regular
1750188600,144.275,144.04,regular
1750190400,144.04,144.03,post
1750194000,144.03,143.74,post
1750197600,143.74,143.36,post
1750201200,143.36,143.59,post
1750233600,144.3,144.45,pre
1750237200,144.47,144.84,pre
1750240800,144.8,144.54,pre
1750244400,144.57,144.47,pre
1750248000,144.48,144.56,pre
1750251600,144.55,144.01,pre
1750253400,144.005,145.22,regular
1750257000,145.22,144.99,regular
1750260600,145.05,145.28,regular
1750264200,145.2742,145.135,regular
1750267800,145.135,145.05,regular
1750271400,145.06,144.1799,regular
1750275000,144.17,145.47,regular
1750276800,145.47,145.21,post
1750280400,145.2195,144.98,post
1750284000,144.97,145.04,post
1750287600,145.02,145.075,post
1750406400,144.98,144.79,pre
1750410000,144.79,144.97,pre
1750413600,144.97,144.82,pre
1750417200,144.81,144.99,pre
1750420800,144.99,145.31,pre
1750424400,145.31,145.47,pre
1750426200,145.435,144.625,regular
1750429800,144.63,143.8999,regular
1750433400,143.878,143.955,regular
1750437000,143.955,143.485,regular
1750440600,143.49,144.155,regular
1750444200,144.155,143.7899,regular
1750447800,143.79,143.78,regular
1750449600,143.85,143.73,post
1750453200,143.74,143.5801,post
1750456800,143.58,143.61,post
1750460400,143.59,143.6102,post
1750665600,143.15,143.5,pre
1750669200,143.5,143.2,pre
1750672800,143.21,143.14,pre
1750676400,143.14,142.64,pre
1750680000,142.64,142.39,pre
1750683600,142.3999,142.49,pre
1750685400,142.48,143.63,regular
1750689000,143.64,143.81,regular
1750692600,143.695,142.93,regular
1750696200,142.93,144.4058,regular
1750699800,144.405,143.9099,regular
1750703400,143.91,143.845,regular
1750707000,143.84,144.175,regular
1750708800,144.17,143.9201,post
1750712400,143.949,144.015,post
1750716000,143.98,145.05,post
1750719600,145.05,145.4998,post
1750752000,145.62,145.85,pre
1750755600,145.85,145.89,pre
1750759200,145.86,145.64,pre
1750762800,145.64,145.53,pre
1750766400,145.51,145.44,pre
1750770000,145.44,145.52,pre
1750771800,145.56,147.02,regular
1750775400,147.02,146.905,regular
1750779000,146.91,147.165,regular
1750782600,147.165,147.195,regular
1750786200,147.19,147.3501,regular
1750789800,147.355,147.2285,regular
1750793400,147.225,147.83,regular
1750795200,147.83,147.615,post
1750798800,147.6101,147.5999,post
1750802400,147.5903,147.5298,post
1750806000,147.53,147.7901,post
1750838400,147.81,147.63,pre
1750842000,147.63,147.78,pre
1750845600,147.76,147.62,pre
1750849200,147.62,149.04,pre
1750852800,149.04,149.2298,pre
1750856400,149.22,149.26,pre
1750858200,149.31,152.205,regular
1750861800,152.205,152.05,regular
1750865400,152.043,152.1413,regular
1750869000,152.145,153.9,regular
1750872600,153.9059,153.9323,regular
1750876200,153.94,153.7544,regular
1750879800,153.75,154.31,regular
1750881600,154.31,114.6725,post
1750885200,154.6,154.28,post
1750888800,154.2819,154.54,post
1750892400,154.53,154.6,post
1750924800,155.57,155.91,pre
1750928400,155.92,156.2,pre
1750932000,156.19,156.12,pre
1750935600,156.12,156.28,pre
1750939200,156.28,156.7,pre
1750942800,156.68,156.01,pre
1750944600,155.975,156.4486,regular
1750948200,156.445,154.9599,regular
1750951800,154.95,155.625,regular
1750955400,155.625,156.03,regular
1750959000,156.0399,156.085,regular
1750962600,156.085,155.4643,regular
1750966200,155.46,155.08,regular
1750968000,155.08,154.935,post
1750971600,163.7989,155.22,post
1750975200,155.2002,155.35,post
1750978800,155.32,155.35,post
1751011200,155.69,155.61,pre
1751014800,155.59,155.88,pre
1751018400,155.88,155.78,pre
1751022000,155.78,156.33,pre
1751025600,156.33,156.1599,pre
1751029200,156.12,156.0392,pre
1751031000,156.0,157.4201,regular
1751034600,157.425,157.9101,regular
1751038200,157.92,157.69,regular
1751041800,157.6785,157.485,regular
1751045400,157.49,156.305,regular
1751049000,156.305,156.47,regular
1751052600,156.47,157.75,regular
1751054400,157.74,157.485,post
1751058000,157.51,157.38,post
1751061600,157.38,157.56,post
1751065200,157.57,157.5601,post
1751270400,158.96,158.77,pre
1751274000,158.78,159.03,pre
1751277600,159.04,158.97,pre
1751281200,158.98,158.63,pre
1751284800,158.63,158.4999,pre
1751288400,158.49,158.4104,pre
1751290200,158.405,157.1,regular
1751293800,157.11,157.0499,regular
1751297400,157.05,157.71,regular
1751301000,157.7,157.8255,regular
1751304600,157.825,157.5799,regular
1751308200,157.57,157.945,regular
1751311800,157.945,157.87,regular
1751313600,157.87,157.77,post
1751317200,157.79,157.79,post
1751320800,157.75,157.5202,post
1751324400,157.5298,157.5201,post
1751356800,157.04,157.1,pre
1751360400,157.15,157.04,pre
1751364000,157.03,156.77,pre
1751367600,156.77,156.8,pre
1751371200,156.84,155.9,pre
1751374800,155.9,156.31,pre
1751376600,156.26,154.63,regular
1751380200,154.635,152.885,regular
1751383800,152.88,153.395,regular
1751387400,153.395,154.275,regular
1751391000,154.272,154.3517,regular
1751394600,154.35,153.73,regular
1751398200,153.72,153.28,regular
1751400000,153.29,153.15,post
1751403600,153.1,152.96,post
1751407200,153.03,153.05,post
1751410800,153.01,152.8998,post
1751443200,153.44,153.33,pre
1751446800,153.36,153.17,pre
1751450400,153.17,152.92,pre
1751454000,152.92,152.32,pre
1751457600,152.36,151.69,pre
1751461200,151.6901,152.98,pre
1751463000,153.03,156.0814,regular
1751466600,156.08,156.365,regular
1751470200,156.365,157.0935,regular
1751473800,157.135,157.2054,regular
1751477400,157.205,156.955,regular
1751481000,156.95,156.8875,regular
1751484600,156.885,157.24,regular
1751486400,157.24,157.095,post
1751490000,157.08,156.98,post
1751493600,156.9601,157.07,post
1751497200,157.08,157.23,post
1751529600,157.57,157.24,pre
1751533200,157.25,157.05,pre
1751536800,157.07,156.77,pre
1751540400,156.77,157.19,pre
1751544000,157.19,157.37,pre
1751547600,157.43,158.4199,pre
1751549400,158.35,160.63,regular
1751553000,160.635,159.805,regular
1751556600,159.8,159.3797,regular
1751562000,159.38,159.21,regular
1751565600,159.21,159.13,regular
1751569200,159.13,159.315,regular
1751572800,159.35,159.25,post
1751875200,158.56,157.75,pre
1751878800,157.73,157.93,pre
1751882400,157.92,158.4,pre
1751886000,158.41,158.2,pre
1751889600,158.2,158.04,pre
1751893200,158.04,158.25,pre
1751895000,158.2,158.31,regular
1751898600,158.32,158.28,regular
1751902200,158.26,158.22,regular
1751905800,158.195,158.3188,regular
1751909400,158.3145,157.825,regular
1751913000,157.82,158.3001,regular
1751916600,158.31,158.24,regular
1751918400,158.25,157.9857,post
1751922000,158.0,157.96,post
1751925600,157.96,157.98,post
1751929200,157.98,158.045,post
1751961600,158.9,159.3,pre
1751965200,159.3,159.65,pre
1751968800,159.65,159.59,pre
1751972400,159.6,159.44,pre
1751976000,159.441,159.455,pre
1751979600,159.46,159.3136,pre
1751981400,159.33,159.07,regular
1751985000,159.0665,159.08,regular
1751988600,159.085,159.73,regular
1751992200,159.74,159.585,regular
1751995800,159.58,159.54,regular
1751999400,159.55,159.895,regular
1752003000,159.895,160.0001,regular
1752004800,160.028,160.09,post
1752008400,160.09,160.1798,post
1752012000,160.16,160.19,post
1752015600,160.19,160.3,post
1752048000,160.0,159.81,pre
1752051600,159.85,160.18,pre
1752055200,160.17,160.09,pre
1752058800,160.11,160.44,pre
1752062400,160.45,160.86,pre
1752066000,160.8505,161.2294,pre
1752067800,161.19,163.0687,regular
1752071400,163.065,163.35,regular
1752075000,163.3451,163.27,regular
1752078600,163.2703,162.565,regular
1752082200,162.56,162.815,regular
1752085800,162.815,162.85,regular
1752089400,162.845,162.83,regular
1752091200,162.88,115.7909,post
1752094800,162.855,163.0499,post
1752098400,163.0403,163.3353,post
1752102000,163.35,163.36,post
1752134400,163.28,163.73,pre
1752138000,163.72,163.66,pre
1752141600,163.68,163.86,pre
1752145200,163.87,164.26,pre
1752148800,164.25,164.5,pre
1752152400,164.51,164.33,pre
1752154200,164.36,162.41,regular
1752157800,162.4,162.5967,regular
1752161400,162.595,163.2747,regular
1752165000,163.2799,163.4477,regular
1752168600,163.445,163.73,regular
1752172200,163.725,164.06,regular
1752175800,164.06,164.105,regular
1752177600,164.1,164.06,post
1752181200,164.06,163.81,post
1752184800,163.81,163.8804,post
1752188400,163.88,164.04,post
1752220800,163.02,162.87,pre
1752224400,162.87,162.75,pre
1752228000,162.75,162.77,pre
1752231600,162.81,163.21,pre
1752235200,163.209,163.09,pre
1752238800,163.08,163.67,pre
1752240600,163.715,167.3599,regular
1752244200,167.375,166.495,regular
1752247800,166.49,166.4787,regular
1752251400,166.4748,166.1823,regular
1752255000,166.19,165.6815,regular
1752258600,165.68,165.095,regular
1752262200,165.0999,164.88,regular
1752264000,164.8815,165.02,post
1752267600,165.015,165.04,post
1752271200,165.01,164.96,post
1752274800,164.93,164.935,post
1752480000,164.92,165.25,pre
1752483600,165.25,165.63,pre
1752487200,165.65,165.57,pre
1752490800,165.59,165.04,pre
1752494400,165.031,165.2601,pre
1752498000,165.26,165.4287,pre
1752499800,165.425,163.72,regular
1752503400,163.725,164.7547,regular
1752507000,164.7576,164.97,regular
1752510600,164.975,165.0801,regular
1752514200,165.08,164.82,regular
1752517800,164.8,164.4033,regular
1752521400,164.405,164.07,regular
1752523200,164.07,164.15,post
1752526800,164.12,164.03,post
1752530400,164.025,163.965,post
1752534000,163.97,163.8697,post
1752566400,169.5,171.3,pre
1752570000,171.3,172.53,pre
1752573600,172.53,172.34,pre
1752577200,172.31,171.36,pre
1752580800,171.36,171.09,pre
1752584400,171.08,171.12,pre
1752586200,171.14,171.5784,regular
1752589800,171.5703,171.385,regular
1752593400,171.39,171.385,regular
1752597000,171.37,170.525,regular
1752600600,170.53,170.9118,regular
1752604200,170.915,170.1999,regular
1752607800,170.195,170.55,regular
1752609600,170.55,170.03,post
1752613200,170.08,170.17,post
1752616800,170.17,170.195,post
1752620400,170.195,170.19,post
1752652800,170.11,169.33,pre
1752656400,169.35,169.24,pre
1752660000,169.24,169.69,pre
1752663600,169.69,170.39,pre
1752667200,170.4,170.93,pre
1752670800,170.92,171.01,pre
1752672600,171.0,169.9649,regular
1752676200,169.965,170.3786,regular
1752679800,170.3901,170.395,regular
1752683400,170.385,170.9023,regular
1752687000,170.91,171.005,regular
1752690600,171.005,170.78,regular
1752694200,170.78,171.34,regular
1752696000,171.34,171.2001,post
1752699600,171.2,171.325,post
1752703200,171.3195,171.155,post
1752706800,171.16,171.2,post
1752739200,172.71,173.01,pre
1752742800,172.98,172.8,pre
1752746400,172.81,172.74,pre
1752750000,172.74,172.34,pre
1752753600,172.34,172.65,pre
1752757200,172.65,172.02,pre
1752759000,172.06,172.93,regular
1752762600,172.93,173.115,regular
1752766200,173.11,173.8601,regular
1752769800,173.865,173.72,regular
1752773400,173.715,173.299,regular
1752777000,173.29,173.285,regular
1752780600,173.285,173.1114,regular
1752782400,173.11,173.16,post
1752786000,173.17,173.15,post
1752789600,173.14,173.18,post
1752793200,173.17,173.4612,post
1752825600,173.92,173.79,pre
1752829200,173.8,173.89,pre
1752832800,173.89,173.79,pre
1752836400,173.81,173.721,pre
1752840000,173.77,173.795,pre
1752843600,173.79,173.8188,pre
1752845400,173.73,172.09,regular
1752849000,172.09,172.1601,regular
1752852600,172.17,172.1547,regular
1752856200,172.16,172.65,regular
1752859800,172.6452,172.415,regular
1752863400,172.4152,172.07,regular
1752867000,172.08,172.39,regular
1752868800,172.38,172.39,post
1752872400,172.38,172.46,post
1752876000,172.45,172.44,post
1752879600,172.445,172.36,post
1753084800,172.87,172.75,pre
1753088400,172.74,172.88,pre
1753092000,172.89,172.94,pre
1753095600,172.93,172.6,pre
1753099200,172.59,172.58,pre
1753102800,172.58,172.77,pre
1753104600,172.735,173.0801,regular
1753108200,173.085,172.6982,regular
1753111800,172.6901,172.0294,regular
1753115400,172.03,172.5548,regular
1753119000,172.5582,172.7048,regular
1753122600,172.7,171.96,regular
1753126200,171.96,171.46,regular
1753128000,171.45,171.24,post
1753131600,171.24,170.69,post
1753135200,170.7,171.01,post
1753138800,171.02,170.97,post
1753171200,170.74,170.24,pre
1753174800,170.24,169.32,pre
1753178400,169.31,169.78,pre
1753182000,169.78,170.29,pre
1753185600,170.28,170.57,pre
1753189200,170.5702,171.4,pre
1753191000,171.22,166.0848,regular
1753194600,166.08,167.86,regular
1753198200,167.86,167.5509,regular
1753201800,167.55,168.265,regular
1753205400,168.26,167.9003,regular
1753209000,167.9,167.885,regular
1753212600,167.88,167.01,regular
1753214400,167.03,166.43,post
1753218000,166.455,166.535,post
1753221600,166.5117,166.33,post
1753225200,166.31,167.77,post
1753257600,168.11,168.46,pre
1753261200,168.45,168.35,pre
1753264800,168.34,168.65,pre
1753268400,168.67,168.61,pre
1753272000,168.59,169.16,pre
1753275600,169.1594,169.54,pre
1753277400,169.52,169.13,regular
1753281000,169.13,169.5233,regular
1753284600,169.505,168.62,regular
1753288200,168.62,169.035,regular
1753291800,169.0399,170.6575,regular
1753295400,170.6513,170.71,regular
1753299000,170.7,170.83,regular
1753300800,170.78,172.47,post
1753304400,172.47,172.5899,post
1753308000,172.5705,172.5402,post
1753311600,172.5408,172.9,post
1753344000,173.0,172.69,pre
1753347600,172.72,172.65,pre
1753351200,172.61,172.73,pre
1753354800,172.73,172.71,pre
1753358400,172.69,172.62,pre
1753362000,172.62,172.45,pre
1753363800,172.45,172.09,regular
1753367400,172.09,172.6785,regular
1753371000,172.6919,172.945,regular
1753374600,172.94,173.4324,regular
1753378200,173.43,173.455,regular
1753381800,173.455,173.6501,regular
1753385400,173.66,173.78,regular
1753387200,173.78,173.475,post
1753390800,173.48,173.52,post
1753394400,173.55,173.54,post
1753398000,173.535,173.585,post
1753430400,173.11,173.67,pre
1753434000,173.69,173.3,pre
1753437600,173.28,173.42,pre
1753441200,173.43,173.28,pre
1753444800,173.26,173.22,pre
1753448400,173.19,173.61,pre
1753450200,173.615,174.4619,regular
1753453800,174.4682,174.0681,regular
1753457400,174.07,174.38,regular
1753461000,174.39,173.8844,regular
1753464600,173.885,173.65,regular
1753468200,173.65,173.795,regular
1753471800,173.79,173.49,regular
1753473600,173.5,173.4689,post
1753477200,173.47,173.48,post
1753480800,173.48,173.4708,post
1753484400,173.4894,173.365,post
1753689600,174.55,174.9,pre
1753693200,174.89,174.65,pre
1753696800,174.64,174.6,pre
1753700400,174.59,174.59,pre
1753704000,174.58,174.635,pre
1753707600,174.6397,174.01,pre
1753709400,174.02,174.925,regular
1753713000,174.92,174.93,regular
1753716600,174.925,175.0299,regular
1753720200,175.0202,175.21,regular
1753723800,175.2,175.475,regular
1753727400,175.48,176.155,regular
1753731000,176.16,176.75,regular
1753732800,176.74,176.84,post
1753736400,176.84,176.865,post
1753740000,176.84,176.925,post
1753743600,176.94,177.13,post
1753776000,178.95,178.88,pre
1753779600,178.87,179.41,pre
1753783200,179.41,179.33,pre
1753786800,179.33,179.48,pre
1753790400,179.47,179.131,pre
1753794000,179.13,178.0097,pre
1753795800,177.96,178.14,regular
1753799400,178.15,175.8599,regular
1753803000,175.855,176.34,regular
1753806600,176.345,176.1953,regular
1753810200,176.2,176.205,regular
1753813800,176.205,175.825,regular
1753817400,175.83,175.51,regular
1753819200,175.56,175.825,post
1753822800,175.85,175.965,post
1753826400,175.98,176.01,post
1753830000,176.02,176.0883,post
1753862400,176.46,176.28,pre
1753866000,176.27,176.42,pre
1753869600,176.41,175.82,pre
1753873200,175.81,176.64,pre
1753876800,176.621,176.54,pre
1753880400,176.54,176.5197,pre
1753882200,176.55,178.46,regular
1753885800,178.4601,178.2652,regular
1753889400,178.2602,178.805,regular
1753893000,178.8001,179.0067,regular
1753896600,179.01,179.555,regular
1753900200,179.555,178.59,regular
1753903800,178.59,179.29,regular
1753905600,179.29,180.97,post
1753909200,180.96,182.78,post
1753912800,182.78,183.19,post
1753916400,183.198,183.355,post
1753948800,182.86,182.55,pre
1753952400,182.54,182.65,pre
1753956000,182.65,182.3,pre
1753959600,182.33,183.15,pre
1753963200,183.19,183.355,pre
1753966800,183.4196,182.91,pre
1753968600,182.93,181.57,regular
1753972200,181.5701,179.8899,regular
1753975800,179.89,181.378,regular
1753979400,181.3723,179.02,regular
1753983000,179.0,177.365,regular
1753986600,177.365,177.4197,regular
1753990200,177.425,177.85,regular
1753992000,177.87,177.7,post
1753995600,177.635,176.08,post
1753999200,176.16,175.9982,post
1754002800,175.97,176.69,post
1754035200,174.49,172.58,pre
1754038800,172.58,173.05,pre
1754042400,173.05,173.58,pre
1754046000,173.56,174.37,pre
1754049600,174.35,174.95,pre
1754053200,174.94,174.01,pre
1754055000,174.09,174.975,regular
1754058600,174.98,174.78,regular
1754062200,174.77,175.82,regular
1754065800,175.82,173.1099,regular
1754069400,173.105,173.2799,regular
1754073000,173.275,173.75,regular
1754076600,173.745,173.59,regular
1754078400,173.58,173.341,post
1754082000,173.3498,173.17,post
1754085600,173.17,172.638,post
1754089200,172.63,172.5,post
1754294400,174.75,175.25,pre
1754298000,175.27,175.35,pre
1754301600,175.42,176.09,pre
1754305200,176.1,175.48,pre
1754308800,175.47,175.5,pre
1754312400,175.4801,175.16,pre
1754314200,175.16,177.95,regular
1754317800,177.9514,177.8499,regular
1754321400,177.83,178.925,regular
1754325000,178.925,179.03,regular
1754328600,179.04,179.27,regular
1754332200,179.2748,179.3139,regular
1754335800,179.3101,179.97,regular
1754337600,179.98,180.85,post
1754341200,180.85,180.76,post
1754344800,180.78,180.76,post
1754348400,180.75,180.675,post
1754380800,180.67,180.46,pre
1754384400,180.48,180.47,pre
1754388000,180.47,180.97,pre
1754391600,180.95,181.23,pre
1754395200,181.22,180.8,pre
1754398800,180.8,179.64,pre
1754400600,179.62,178.24,regular
1754404200,178.25,176.885,regular
1754407800,176.88,177.93,regular
1754411400,177.92,178.03,regular
1754415000,178.04,178.51,regular
1754418600,178.5101,178.7752,regular
1754422200,178.775,178.26,regular
1754424000,178.26,150.6163,post
1754427600,177.14,177.17,post
1754431200,177.25,177.16,post
1754434800,177.145,176.8,post
1754467200,178.3,178.3,pre
1754470800,178.3,177.1,pre
1754474400,177.14,176.85,pre
1754478000,176.86,176.58,pre
1754481600,176.58,176.755,pre
1754485200,176.74,176.2907,pre
1754487000,176.325,178.04,regular
1754490600,178.03,178.15,regular
1754494200,178.15,178.235,regular
1754497800,178.23,178.43,regular
1754501400,178.42,179.23,regular
1754505000,179.22,179.665,regular
1754508600,179.66,179.41,regular
1754510400,179.41,179.43,post
1754514000,179.43,179.86,post
1754517600,179.85,180.5088,post
1754521200,180.54,180.48,post
1754553600,180.43,181.24,pre
1754557200,181.2,181.17,pre
1754560800,181.15,181.56,pre
1754564400,181.55,181.89,pre
1754568000,181.85,181.84,pre
1754571600,181.82,181.61,pre
1754573400,181.55,182.48,regular
1754577000,182.475,181.53,regular
1754580600,181.52,181.15,regular
1754584200,181.1351,179.97,regular
1754587800,179.965,179.4201,regular
1754591400,179.425,179.47,regular
1754595000,179.47,180.87,regular
1754596800,180.875,181.26,post
1754600400,181.33,181.38,post
1754604000,181.46,181.62,post
1754607600,181.62,181.585,post
1754640000,181.65,181.79,pre
1754643600,181.79,182.17,pre
1754647200,182.16,181.9,pre
1754650800,181.89,182.09,pre
1754654400,182.09,181.61,pre
1754658000,181.6,181.54,pre
1754659800,181.55,182.195,regular
1754663400,182.19,183.015,regular
1754667000,183.005,182.9081,regular
1754670600,182.915,181.885,regular
1754674200,181.88,182.615,regular
1754677800,182.6001,182.695,regular
1754681400,182.695,182.75,regular
1754683200,182.77,182.7392,post
1754686800,182.74,182.73,post
1754690400,182.715,182.79,post
1754694000,182.775,182.8306,post
1754899200,182.4,179.95,pre
1754902800,179.95,180.71,pre
1754906400,180.73,181.34,pre
1754910000,181.34,181.44,pre
1754913600,181.41,181.94,pre
1754917200,181.96,182.05,pre
1754919000,182.16,183.3455,regular
1754922600,183.345,183.1801,regular
1754926200,183.1644,183.735,regular
1754929800,183.735,183.2355,regular
1754933400,183.235,182.9,regular
1754937000,182.91,182.16,regular
1754940600,182.16,182.085,regular
1754942400,182.11,181.94,post
1754946000,181.99,182.13,post
1754949600,182.0898,182.11,post
1754953200,182.14,182.08,post
1754985600,181.79,181.57,pre
1754989200,181.58,181.54,pre
1754992800,181.56,182.18,pre
1754996400,182.18,181.9,pre
1755000000,181.89,182.37,pre
1755003600,182.41,182.97,pre
1755005400,182.96,180.93,regular
1755009000,180.9233,182.0147,regular
1755012600,182.0101,182.275,regular
1755016200,182.27,182.24,regular
1755019800,182.24,183.065,regular
1755023400,183.08,182.7845,regular
1755027000,182.79,183.1,regular
1755028800,183.1,182.9,post
1755032400,182.9,182.83,post
1755036000,182.84,182.78,post
1755039600,182.78,182.93,post
1755072000,182.86,183.39,pre
1755075600,183.39,182.78,pre
1755079200,182.78,182.52,pre
1755082800,182.56,182.83,pre
1755086400,182.85,183.09,pre
1755090000,183.0824,182.6,pre
1755091800,182.615,181.411,regular
1755095400,181.395,180.1318,regular
1755099000,180.1399,180.05,regular
1755102600,180.04,180.99,regular
1755106200,180.98,181.3299,regular
1755109800,181.325,181.265,regular
1755113400,181.265,181.57,regular
1755115200,181.55,181.3591,post
1755118800,181.25,181.33,post
1755122400,181.33,181.27,post
1755126000,181.29,181.28,post
1755158400,181.35,181.65,pre
1755162000,181.63,181.46,pre
1755165600,181.46,181.3,pre
1755169200,181.31,181.88,pre
1755172800,181.89,181.76,pre
1755176400,181.77,179.7476,pre
1755178200,179.795,182.58,regular
1755181800,182.5785,181.38,regular
1755185400,181.38,181.1435,regular
1755189000,181.14,182.165,regular
1755192600,182.165,181.525,regular
1755196200,181.53,181.96,regular
1755199800,181.955,182.0,regular
1755201600,181.96,181.685,post
1755205200,181.73,181.66,post
1755208800,181.67,181.78,post
1755212400,181.7792,181.84,post
1755244800,182.0,181.88,pre
1755248400,181.9,181.78,pre
1755252000,181.77,181.6,pre
1755255600,181.62,181.91,pre
1755259200,181.9,181.85,pre
1755262800,181.85,181.55,pre
1755264600,181.76,179.9201,regular
1755268200,179.925,179.505,regular
1755271800,179.505,178.93,regular
1755275400,178.925,179.7001,regular
1755279000,179.7,180.18,regular
1755282600,180.185,179.97,regular
1755286200,179.98,180.44,regular
1755288000,180.44,180.21,post
1755291600,180.2001,180.1899,post
1755295200,180.18,180.28,post
1755298800,180.28,179.75,post
1755504000,180.1,179.42,pre
1755507600,179.39,179.26,pre
1755511200,179.26,179.62,pre
1755514800,179.65,179.85,pre
1755518400,179.87,180.0352,pre
1755522000,180.02,180.585,pre
1755523800,180.65,182.68,regular
1755527400,182.68,181.1519,regular
1755531000,181.16,181.7658,regular
1755534600,181.76,181.4992,regular
1755538200,181.485,181.7621,regular
1755541800,181.76,182.195,regular
1755545400,182.195,181.98,regular
1755547200,181.97,182.04,post
1755550800,182.04,181.97,post
1755554400,181.98,182.065,post
1755558000,182.065,181.965,post
1755590400,182.26,182.36,pre
1755594000,182.39,182.64,pre
1755597600,182.65,182.38,pre
1755601200,182.37,182.44,pre
1755604800,182.44,182.32,pre
1755608400,182.41,182.4497,pre
1755610200,182.43,178.6649,regular
1755613800,178.66,178.2775,regular
1755617400,178.275,177.5399,regular
1755621000,177.54,176.6951,regular
1755624600,176.67,176.5749,regular
1755628200,176.58,176.3325,regular
1755631800,176.335,175.65,regular
1755633600,175.65,176.05,post
1755637200,176.055,175.11,post
1755640800,175.12,175.28,post
1755644400,175.275,175.0399,post
1755676800,174.71,174.71,pre
1755680400,174.72,176.12,pre
1755684000,176.14,176.15,pre
1755687600,176.14,175.35,pre
1755691200,175.35,175.84,pre
1755694800,175.83,175.16,pre
1755696600,175.1,170.31,regular
1755700200,170.31,172.425,regular
1755703800,172.42,174.05,regular
1755707400,174.055,173.475,regular
1755711000,173.47,172.825,regular
1755714600,172.8299,174.58,regular
1755718200,174.58,175.39,regular
1755720000,175.4,175.8,post
1755723600,175.785,175.855,post
1755727200,175.87,175.9597,post
1755730800,175.96,175.81,post
1755763200,175.58,176.44,pre
1755766800,176.41,176.66,pre
1755770400,176.65,176.81,pre
1755774000,176.8,176.5,pre
1755777600,176.5,174.61,pre
1755781200,174.58,174.8324,pre
1755783000,174.83,176.475,regular
1755786600,176.4715,174.965,regular
1755790200,174.93,174.2257,regular
1755793800,174.22,174.265,regular
1755797400,174.265,174.745,regular
1755801000,174.76,174.8019,regular
1755804600,174.8,174.971,regular
1755806400,174.98,174.91,post
1755810000,174.9093,174.77,post
1755813600,174.79,174.96,post
1755817200,174.94,174.7999,post
1755849600,172.57,172.5,pre
1755853200,172.49,172.95,pre
1755856800,172.93,173.13,pre
1755860400,173.12,173.05,pre
1755864000,173.07,173.01,pre
1755867600,173.02,172.58,pre
1755869400,172.655,176.32,regular
1755873000,176.305,178.13,regular
1755876600,178.125,177.0058,regular
1755880200,177.01,178.295,regular
1755883800,178.295,178.115,regular
1755887400,178.115,178.0601,regular
1755891000,178.065,178.02,regular
1755892800,178.02,178.01,post
1755896400,178.0397,178.05,post
1755900000,178.09,178.24,post
1755903600,178.25,178.36,post
1756108800,178.61,178.6,pre
1756112400,178.61,178.3,pre
1756116000,178.29,177.93,pre
1756119600,177.93,177.879,pre
1756123200,177.88,177.58,pre
1756126800,177.59,178.361,pre
1756128600,178.355,178.99,regular
1756132200,178.98,181.2214,regular
1756135800,181.235,181.5241,regular
1756139400,181.51,181.0,regular
1756143000,181.0001,181.3399,regular
1756146600,181.335,181.035,regular
1756150200,181.03,179.84,regular
1756152000,179.84,180.0,post
1756155600,180.0,180.2298,post
1756159200,180.225,180.57,post
1756162800,180.55,180.3,post
1756195200,180.01,180.15,pre
1756198800,180.15,180.3,pre
1756202400,180.32,180.8,pre
1756206000,180.82,180.5,pre
1756209600,180.52,180.7,pre
1756213200,180.6991,180.02,pre
1756215000,180.01,180.98,regular
1756218600,180.96,180.88,regular
1756222200,180.87,181.685,regular
1756225800,181.69,181.62,regular
1756229400,181.615,181.815,regular
1756233000,181.815,182.0255,regular
1756236600,182.02,181.7,regular
1756238400,181.7,182.14,post
1756242000,182.15,182.09,post
1756245600,182.0992,182.295,post
1756249200,182.3,182.34,post
1756281600,182.18,182.46,pre
1756285200,182.49,182.69,pre
1756288800,182.69,182.96,pre
1756292400,182.97,182.9,pre
1756296000,182.9,182.75,pre
1756299600,182.75,181.99,pre
1756301400,182.07,181.06,regular
1756305000,181.0618,181.59,regular
1756308600,181.58,181.4042,regular
1756312200,181.4,181.935,regular
1756315800,181.935,182.2226,regular
1756319400,182.22,181.6646,regular
1756323000,181.665,181.6,regular
1756324800,181.6,176.76,post
1756328400,176.76,176.7,post
1756332000,176.74,176.03,post
1756335600,176.05,175.97,post
1756368000,177.52,178.92,pre
1756371600,178.97,178.6,pre
1756375200,178.63,178.4,pre
1756378800,178.43,178.68,pre
1756382400,178.68,179.25,pre
1756386000,179.22,180.9,pre
1756387800,180.82,177.695,regular
1756391400,177.6719,179.1565,regular
1756395000,179.155,179.69,regular
1756398600,179.68,179.9142,regular
1756402200,179.915,180.8297,regular
1756405800,180.825,180.08,regular
1756409400,180.085,180.2,regular
1756411200,180.2,179.66,post
1756414800,179.66,179.625,post
1756418400,179.625,179.8,post
1756422000,179.7601,179.5801,post
1756454400,179.56,179.31,pre
1756458000,179.31,178.3,pre
1756461600,178.31,178.11,pre
1756465200,178.11,178.39,pre
1756468800,178.37,178.12,pre
1756472400,178.11,178.08,pre
1756474200,178.11,175.065,regular
1756477800,175.06,174.775,regular
1756481400,174.76,174.15,regular
1756485000,174.15,173.52,regular
1756488600,173.535,173.5567,regular
1756492200,173.5742,174.04,regular
1756495800,174.045,174.28,regular
1756497600,174.27,173.81,post
1756501200,173.785,173.88,post
1756504800,173.9,173.88,post
1756508400,173.87,173.6898,post
1756800000,172.42,171.91,pre
1756803600,171.95,172.13,pre
1756807200,172.13,171.53,pre
1756810800,171.5,170.22,pre
1756814400,170.211,169.6888,pre
1756818000,169.6888,170.05,pre
1756819800,170.05,170.6336,regular
1756823400,170.63,169.06,regular
1756827000,169.05,167.935,regular
1756830600,167.94,169.235,regular
1756834200,169.23,169.1982,regular
1756837800,169.2,170.295,regular
1756841400,170.29,170.75,regular
1756843200,170.78,170.2499,post
1756846800,170.22,170.3999,post
1756850400,170.3995,170.15,post
1756854000,170.11,169.6637,post
1756886400,170.24,171.2,pre
1756890000,171.17,171.76,pre
1756893600,171.75,172.03,pre
1756897200,172.03,171.5,pre
1756900800,171.55,171.635,pre
1756904400,171.64,171.05,pre
1756906200,170.966,171.35,regular
1756909800,171.35,170.7059,regular
1756913400,170.7058,171.525,regular
1756917000,171.53,170.7835,regular
1756920600,170.78,169.36,regular
1756924200,169.365,169.365,regular
1756927800,169.36,170.63,regular
1756929600,170.63,170.39,post
1756933200,170.4,170.4589,post
1756936800,170.44,170.262,post
1756940400,170.26,170.395,post
1756972800,170.67,171.66,pre
1756976400,171.67,171.53,pre
1756980000,171.53,171.63,pre
1756983600,171.62,170.5,pre
1756987200,170.5,171.16,pre
1756990800,171.16,170.57,pre
1756992600,170.55,170.8615,regular
1756996200,170.86,170.8,regular
1756999800,170.8084,170.4642,regular
1757003400,170.465,170.45,regular
1757007000,170.455,170.4122,regular
1757010600,170.415,170.905,regular
1757014200,170.89,171.65,regular
1757016000,171.65,171.53,post
1757019600,171.57,171.18,post
1757023200,171.17,171.37,post
1757026800,171.38,171.3,post
1757059200,171.27,171.34,pre
1757062800,171.33,170.78,pre
1757066400,170.77,170.41,pre
1757070000,170.41,170.1,pre
1757073600,170.08,169.5,pre
1757077200,169.51,168.0,pre
1757079000,168.03,165.1373,regular
1757082600,165.13,166.09,regular
1757086200,166.0868,166.3655,regular
1757089800,166.37,166.585,regular
1757093400,166.585,166.7601,regular
1757097000,166.76,167.095,regular
1757100600,167.09,167.04,regular
1757102400,167.04,166.8005,post
1757106000,166.8199,166.6001,post
1757109600,166.61,166.53,post
1757113200,166.56,166.12,post
1757318400,166.86,167.25,pre
1757322000,167.25,167.47,pre
1757325600,167.43,168.07,pre
1757329200,168.09,167.85,pre
1757332800,167.85,167.355,pre
1757336400,167.3699,167.52,pre
1757338200,167.56,170.26,regular
1757341800,170.25,169.9699,regular
1757345400,169.96,170.165,regular
1757349000,170.16,169.865,regular
1757352600,169.87,169.715,regular
1757356200,169.71,169.145,regular
1757359800,169.15,168.37,regular
1757361600,168.38,168.13,post
1757365200,168.1,168.27,post
1757368800,168.28,168.36,post
1757372400,168.36,168.2,post
1757404800,168.88,169.49,pre
1757408400,169.5,169.68,pre
1757412000,169.66,169.55,pre
1757415600,169.55,168.69,pre
1757419200,168.69,169.08,pre
1757422800,169.09,169.09,pre
1757424600,168.92,168.08,regular
1757428200,168.07,167.755,regular
1757431800,167.755,168.705,regular
1757435400,168.71,168.085,regular
1757439000,168.09,168.245,regular
1757442600,168.2599,170.2399,regular
1757446200,170.24,170.7585,regular
1757448000,170.753,173.47,post
1757451600,173.42,173.98,post
1757455200,173.98,173.7,post
1757458800,173.74,174.22,post
1757491200,173.82,173.93,pre
1757494800,173.93,174.08,pre
1757498400,174.1,174.43,pre
1757502000,174.4,175.28,pre
1757505600,175.28,175.84,pre
1757509200,175.83,176.68,pre
1757511000,176.65,177.65,regular
1757514600,177.65,178.6142,regular
1757518200,178.62,177.99,regular
1757521800,177.98,178.0051,regular
1757525400,178.005,176.275,regular
1757529000,176.27,176.725,regular
1757532600,176.73,177.33,regular
1757534400,177.28,176.87,post
1757538000,176.87,176.79,post
1757541600,176.805,177.1999,post
1757545200,177.19,177.15,post
1757577600,177.82,177.97,pre
1757581200,177.94,177.79,pre
1757584800,177.75,178.21,pre
1757588400,178.2,178.29,pre
1757592000,178.3,178.55,pre
1757595600,178.585,179.73,pre
1757597400,179.69,177.255,regular
1757601000,177.255,178.095,regular
1757604600,178.09,177.5581,regular
1757608200,177.5642,177.0942,regular
1757611800,177.095,177.575,regular
1757615400,177.58,177.12,regular
1757619000,177.12,177.09,regular
1757620800,177.06,177.13,post
1757624400,177.13,177.19,post
1757628000,177.15,177.2,post
1757631600,177.19,177.22,post
1757664000,177.13,177.51,pre
1757667600,177.51,177.83,pre
1757671200,177.84,177.43,pre
1757674800,177.41,177.45,pre
1757678400,177.47,177.4948,pre
1757682000,177.48,177.9,pre
1757683800,177.5,177.775,regular
1757687400,177.7764,177.675,regular
1757691000,177.665,178.11,regular
1757694600,178.1,177.525,regular
1757698200,177.52,177.4701,regular
1757701800,177.472,177.685,regular
1757705400,177.6842,177.79,regular
1757707200,177.8,177.77,post
1757710800,177.79,177.7598,post
1757714400,177.75,177.67,post
1757718000,177.6799,177.53,post
1757923200,177.48,173.77,pre
1757926800,173.79,172.68,pre
1757930400,172.71,173.35,pre
1757934000,173.36,174.85,pre
1757937600,174.82,175.4664,pre
1757941200,175.47,175.69,pre
1757943000,175.66,175.489,regular
1757946600,175.49,177.0217,regular
1757950200,177.03,177.585,regular
1757953800,177.585,177.27,regular
1757957400,177.2719,177.525,regular
1757961000,177.525,177.195,regular
1757964600,177.1921,177.78,regular
1757966400,177.79,177.36,post
1757970000,177.3501,177.36,post
1757973600,177.35,177.2,post
1757977200,177.21,177.31,post
1758009600,177.55,177.55,pre
1758029400,177.0,176.315,regular
1758033000,176.31,176.14,regular
1758036600,176.13,175.265,regular
1758040200,175.265,175.15,regular
1758043800,175.1543,174.775,regular
1758047400,174.78,174.75,regular
1758051000,174.745,174.83,regular
1758052800,174.84,175.09,post
1758056400,175.08,175.165,post
1758060000,175.17,175.3,post
1758063600,175.25,175.1509,post
1758096000,175.38,175.28,pre
1758099600,175.28,173.05,pre
1758103200,173.05,172.03,pre
1758106800,172.06,172.39,pre
1758110400,172.39,173.5315,pre
1758114000,173.55,172.54,pre
1758115800,172.58,170.12,regular
1758119400,170.13,170.405,regular
1758123000,170.4,169.8784,regular
1758126600,169.89,170.235,regular
1758130200,170.25,170.1958,regular
1758133800,170.21,171.1885,regular
1758137400,171.1964,170.21,regular
1758139200,170.21,170.68,post
1758142800,170.65,170.64,post
1758146400,170.63,171.19,post
1758150000,171.2,171.35,post
1758182400,172.1,173.17,pre
1758186000,173.16,174.06,pre
1758189600,174.1,174.42,pre
1758193200,174.41,175.8,pre
1758196800,175.79,175.25,pre
1758200400,175.3,173.99,pre
1758202200,174.057,175.7749,regular
1758205800,175.77,176.255,regular
1758209400,176.2557,176.26,regular
1758213000,176.2519,176.62,regular
1758216600,176.62,176.555,regular
1758220200,176.555,176.345,regular
1758223800,176.34,176.28,regular
1758225600,176.32,176.24,post
1758229200,176.2301,176.24,post
1758232800,176.19,176.33,post
1758236400,176.32,176.4,post
1758268800,175.96,175.86,pre
1758272400,175.86,175.7,pre
1758276000,175.67,175.87,pre
1758279600,175.87,175.75,pre
1758283200,175.75,176.1,pre
1758286800,176.08,175.7,pre
1758288600,176.1,177.705,regular
1758292200,177.7,176.3,regular
1758295800,176.2981,176.0677,regular
1758299400,176.06,175.885,regular
1758303000,175.885,175.595,regular
1758306600,175.595,176.315,regular
1758310200,176.31,176.5019,regular
1758312000,176.505,176.42,post
1758315600,176.43,176.23,post
1758319200,176.21,176.12,post
1758322800,176.13,176.04,post
1758528000,175.73,175.44,pre
1758531600,175.47,175.01,pre
1758535200,175.02,175.34,pre
1758538800,175.31,175.54,pre
1758542400,175.539,175.39,pre
1758546000,175.38,175.33,pre
1758547800,175.35,175.42,regular
1758551400,175.42,175.4601,regular
1758555000,175.47,182.2,regular
1758558600,182.2,182.995,regular
1758562200,182.99,182.685,regular
1758565800,182.685,183.2601,regular
1758569400,183.27,183.61,regular
1758571200,183.61,183.413,post
1758574800,183.44,183.22,post
1758634200,181.5314,180.6523,regular
1758637800,180.66,180.215,regular
1758641400,180.23,179.4856,regular
1758645000,179.49,178.69,regular
1758648600,178.69,177.895,regular
1758652200,177.9,178.1,regular
1758655800,178.11,178.45,regular
1758657600,178.45,178.3,post
1758661200,178.29,178.19,post
1758664800,178.17,178.1399,post
1758668400,178.14,177.94,post
1758700800,179.37,179.71,pre
1758704400,179.72,179.58,pre
1758708000,179.59,179.53,pre
1758711600,179.6,179.6,pre
1758715200,179.6,178.67,pre
1758718800,178.675,179.735,pre
1758720600,179.25,178.495,regular
1758724200,178.48,178.3542,regular
1758727800,178.355,176.245,regular
1758731400,176.255,177.1201,regular
1758735000,177.13,176.72,regular
1758738600,176.735,177.06,regular
1758742200,177.0699,176.88,regular
1758744000,176.97,176.67,post
1758747600,176.6512,176.72,post
1758751200,176.72,176.6806,post
1758754800,176.699,176.55,post
1758787200,176.89,177.45,pre
1758790800,177.45,176.9,pre
1758794400,176.87,176.12,pre
1758798000,176.15,175.6,pre
1758801600,175.56,175.39,pre
1758805200,175.33,174.4552,pre
1758807000,174.0,177.145,regular
1758810600,177.155,178.0301,regular
1758814200,178.03,179.2651,regular
1758817800,179.27,177.9799,regular
1758821400,177.975,177.2099,regular
1758825000,177.2018,177.075,regular
1758828600,177.08,177.68,regular
1758830400,177.68,177.35,post
1758834000,177.33,177.28,post
1758837600,177.2897,177.225,post
1758841200,177.225,177.0937,post
1758873600,176.92,176.54,pre
1758877200,176.52,176.26,pre
1758880800,176.28,175.82,pre
1758884400,175.81,176.8,pre
1758888000,176.83,177.9438,pre
1758891600,177.944,178.17,pre
1758893400,177.0,175.59,regular
1758897000,175.5901,176.745,regular
1758900600,176.75,176.53,regular
1758904200,176.5265,177.155,regular
1758907800,177.1534,177.7343,regular
1758911400,177.74,177.685,regular
1758915000,177.6801,178.19,regular
1758916800,178.19,177.9,post
1758920400,177.88,177.635,post
1758924000,177.65,177.655,post
1758927600,177.655,177.6388,post
1759132800,178.98,179.55,pre
1759136400,179.55,179.78,pre
1759140000,179.77,179.44,pre
1759143600,179.44,179.63,pre
1759147200,179.62,180.0,pre
1759150800,180.0,180.39,pre
1759152600,181.5,183.375,regular
1759156200,183.375,182.325,regular
1759159800,182.325,182.03,regular
1759163400,182.0382,181.9032,regular
1759167000,181.9,181.71,regular
1759170600,181.7,180.895,regular
1759174200,180.89,181.82,regular
1759176000,181.85,181.48,post
1759179600,181.48,181.31,post
1759183200,181.33,181.385,post
1759186800,181.36,181.0775,post
1759219200,181.34,181.22,pre
1759222800,181.2,181.6,pre
1759226400,181.62,181.64,pre
1759230000,181.66,182.23,pre
1759233600,182.21,182.0733,pre
1759237200,182.085,182.1,pre
1759239000,182.0,184.7399,regular
1759242600,184.735,186.3099,regular
1759246200,186.295,186.735,regular
1759249800,186.735,185.625,regular
1759253400,185.62,186.2725,regular
1759257000,186.27,185.89,regular
1759260600,185.89,186.56,regular
1759262400,186.57,186.06,post
1759266000,186.0988,186.23,post
1759269600,186.26,186.2,post
1759273200,186.19,185.7317,post
1759305600,185.01,184.64,pre
1759309200,184.7,185.73,pre
1759312800,185.72,185.28,pre
1759316400,185.26,185.55,pre
1759320000,185.52,185.18,pre
1759323600,185.21,185.21,pre
1759325400,186.0,186.655,regular
1759329000,186.655,186.56,regular
1759332600,186.56,186.605,regular
1759336200,186.615,187.57,regular
1759339800,187.58,187.4844,regular
1759343400,187.485,187.1835,regular
1759347000,187.18,187.17,regular
1759348800,187.16,186.88,post
1759352400,186.88,186.815,post
1759356000,186.815,187.0492,post
1759359600,187.0592,186.94,post
1759392000,187.84,188.88,pre
1759395600,188.88,189.47,pre
1759399200,189.45,189.83,pre
1759402800,189.81,189.67,pre
1759406400,189.67,189.97,pre
1759410000,189.97,189.61,pre
1759411800,189.62,190.1049,regular
1759415400,190.105,189.855,regular
1759419000,189.855,189.21,regular
1759422600,189.185,189.1193,regular
1759426200,189.12,188.8751,regular
1759429800,188.87,189.185,regular
1759433400,189.185,188.92,regular
1759435200,188.89,188.63,post
1759438800,188.66,188.48,post
1759442400,188.48,188.5,post
1759446000,188.5,188.9785,post
1759478400,188.36,189.6,pre
1759482000,189.61,189.72,pre
1759485600,189.75,189.79,pre
1759489200,189.8,189.56,pre
1759492800,189.59,189.75,pre
1759496400,189.76,189.18,pre
1759498200,189.185,188.9437,regular
1759501800,188.95,189.4739,regular
1759505400,189.47,188.7002,regular
1759509000,188.7,187.1775,regular
1759512600,187.16,187.475,regular
1759516200,187.48,187.325,regular
1759519800,187.32,187.621,regular
1759521600,187.619,187.485,post
1759525200,187.49,187.65,post
1759528800,187.68,187.665,post
1759532400,187.68,187.68,post
1759737600,188.01,188.64,pre
1759741200,188.63,188.83,pre
1759744800,188.82,189.54,pre
1759748400,189.57,184.28,pre
1759752000,184.3,185.25,pre
1759755600,185.25,185.57,pre
1759757400,185.56,185.5,regular
1759761000,185.54,185.9699,regular
1759764600,185.98,186.93,regular
1759768200,186.9337,186.1499,regular
1759771800,186.15,185.59,regular
1759775400,185.5972,185.81,regular
1759779000,185.81,185.53,regular
1759780800,185.53,185.84,post
1759784400,185.88,185.82,post
1759788000,185.85,185.615,post
1759791600,185.615,185.6208,post
1759824000,185.99,186.29,pre
1759827600,186.28,186.15,pre
1759831200,186.16,186.07,pre
1759834800,186.09,186.1,pre
1759838400,186.12,186.3398,pre
1759842000,186.34,186.27,pre
1759843800,186.26,188.0151,regular
1759847400,188.02,185.24,regular
1759851000,185.24,185.47,regular
1759854600,185.47,185.9098,regular
1759858200,185.865,185.895,regular
1759861800,185.91,185.5863,regular
1759865400,185.59,184.96,regular
1759867200,184.95,185.15,post
1759870800,185.2,185.32,post
1759874400,185.32,185.3802,post
1759878000,185.4,184.99,post
1759910400,185.69,186.39,pre
1759914000,186.37,185.89,pre
1759917600,185.89,186.1,pre
1759921200,186.13,185.86,pre
1759924800,185.86,186.0262,pre
1759928400,186.0036,186.63,pre
1759930200,186.63,189.045,regular
1759933800,189.045,188.27,regular
1759937400,188.27,188.185,regular
1759941000,188.18,188.15,regular
1759944600,188.16,188.4224,regular
1759948200,188.43,188.59,regular
1759951800,188.59,189.07,regular
1759953600,189.06,189.1008,post
1759957200,188.93,188.965,post
1759960800,189.08,189.05,post
1759964400,189.1,189.17,post
1759996800,191.01,191.2,pre
1760000400,190.7,190.69,pre
1760004000,190.53,191.75,pre
1760007600,191.35,191.561,pre
1760011200,192.39,192.77,pre
1760014800,192.8399,192.41,pre
1760016600,191.9787,194.055,regular
1760020200,193.39,193.735,regular
1760023800,193.6363,193.85,regular
1760027400,193.875,192.61,regular
1760031000,192.7357,192.875,regular
1760034600,192.4504,193.12,regular
1760038200,192.75,192.295,regular
1760040000,192.32,192.33,post
1760043600,192.275,192.16,post
1760047200,192.255,192.77,post
1760050800,192.7205,192.825,post
1760083200,193.16,193.17,pre
1760086800,193.63,193.9,pre
1760090400,193.77,193.61,pre
1760094000,193.31,193.73,pre
1760097600,193.8,193.91,pre
1760101200,193.82,193.73,pre
1760103000,192.61,195.255,regular
1760106600,195.126,188.5999,regular
1760110200,188.1735,189.15,regular
1760113800,189.14,188.16,regular
1760117400,188.15,187.72,regular
1760121000,187.72,186.4,regular
1760124600,186.42,183.14,regular
1760126400,183.12,181.3,post
1760130000,181.2,180.0,post
1760133600,179.9988,182.8899,post
1760137200,182.87,183.39,post
1760342400,188.0,189.07,pre
1760346000,189.2,189.62,pre
1760349600,189.64,189.37,pre
1760353200,189.33,187.74,pre
1760356800,187.75,188.68,pre
1760360400,188.65,187.95,pre
1760362200,187.965,188.49,regular
1760365800,188.5,188.275,regular
1760369400,188.28,188.4318,regular
1760373000,188.4209,188.55,regular
1760376600,188.55,187.925,regular
1760380200,187.925,187.8026,regular
1760383800,187.8,188.32,regular
1760385600,188.31,188.34,post
1760389200,188.34,188.315,post
1760392800,188.31,188.6095,post
1760396400,188.6,188.53,post
1760428800,184.85,185.39,pre
1760432400,185.4,185.1,pre
1760436000,185.09,184.28,pre
1760439600,184.23,184.89,pre
1760443200,184.88,185.62,pre
1760446800,185.59,184.76,pre
1760448600,184.78,182.385,regular
1760452200,182.38,181.55,regular
1760455800,181.56,183.4363,regular
1760459400,183.44,183.225,regular
1760463000,183.23,182.18,regular
1760466600,182.18,181.8999,regular
1760470200,181.896,180.07,regular
1760472000,180.03,181.0698,post
1760475600,181.035,181.24,post
1760479200,181.22,181.4229,post
1760482800,181.37,181.2066,post
1760515200,183.06,183.9,pre
1760518800,183.9,184.22,pre
1760522400,184.2,184.46,pre
1760526000,184.47,184.01,pre
1760529600,184.0,184.55,pre
1760533200,184.53,184.825,pre
1760535000,184.84,182.3699,regular
1760538600,182.3698,181.7109,regular
1760542200,181.71,180.6902,regular
1760545800,180.69,178.18,regular
1760549400,178.18,179.7949,regular
1760553000,179.795,180.16,regular
1760556600,180.17,179.87,regular
1760558400,179.83,180.28,post
1760562000,180.28,180.63,post
1760565600,180.62,180.8698,post
1760569200,180.87,180.84,post
1760601600,181.81,181.75,pre
1760605200,181.72,182.03,pre
1760608800,182.03,182.27,pre
1760612400,182.27,182.14,pre
1760616000,182.14,182.13,pre
1760619600,182.12,182.29,pre
1760621400,182.19,182.41,regular
1760625000,182.42,182.3214,regular
1760628600,182.3225,180.965,regular
1760632200,180.97,182.33,regular
1760635800,182.325,180.34,regular
1760639400,180.3401,180.785,regular
1760643000,180.8,181.811,regular
1760644800,181.82,181.41,post
1760648400,181.41,181.25,post
1760652000,181.3,180.92,post
1760655600,180.95,180.715,post
1760688000,177.59,176.66,pre
1760691600,176.6,177.55,pre
1760695200,177.58,177.81,pre
1760698800,177.8,179.64,pre
1760702400,179.64,180.42,pre
1760706000,180.4152,180.2,pre
1760707800,180.01,183.28,regular
1760711400,183.28,180.872,regular
1760715000,180.88,182.63,regular
1760718600,182.62,182.36,regular
1760722200,182.37,183.69,regular
1760725800,183.691,183.71,regular
1760729400,183.71,183.24,regular
1760731200,183.24,183.26,post
1760734800,183.2596,183.16,post
1760738400,183.16,183.0998,post
1760742000,183.09,183.36,post
1760947200,184.29,183.93,pre
1760950800,183.91,183.6,pre
1760954400,183.6,183.64,pre
1760958000,183.67,183.68,pre
1760961600,183.68,182.95,pre
1760965200,182.96,183.0985,pre
1760967000,183.07,184.944,regular
1760970600,184.94,183.785,regular
1760974200,183.78,183.81,regular
1760977800,183.81,183.816,regular
1760981400,183.81,183.6341,regular
1760985000,183.6253,182.9553,regular
1760988600,182.96,182.57,regular
1760990400,182.56,182.87,post
1760994000,182.89,182.95,post
1760997600,182.98,182.8516,post
1761001200,182.89,182.7704,post
1761033600,182.53,182.78,pre
1761037200,182.78,182.31,pre
1761040800,182.38,182.45,pre
1761044400,182.45,182.85,pre
1761048000,182.83,183.12,pre
1761051600,183.1295,182.79,pre
1761053400,182.78,180.185,regular
1761057000,180.196,181.91,regular
1761060600,181.91,182.49,regular
1761064200,182.49,181.48,regular
1761067800,181.4801,181.23,regular
1761071400,181.23,181.335,regular
1761075000,181.335,181.14,regular
1761076800,181.14,181.0001,post
1761080400,181.02,181.19,post
1761084000,181.19,181.0702,post
1761087600,181.075,180.74,post
1761120000,181.32,181.25,pre
1761123600,181.28,181.05,pre
1761127200,181.02,181.78,pre
1761130800,181.72,181.31,pre
1761134400,181.34,181.21,pre
1761138000,181.21,181.1017,pre
1761139800,181.13,180.3969,regular
1761143400,180.42,178.8701,regular
1761147000,178.9,179.22,regular
1761150600,179.22,177.69,regular
1761154200,177.68,177.705,regular
1761157800,177.69,179.4767,regular
1761161400,179.48,180.29,regular
1761163200,180.29,179.83,post
1761166800,179.83,179.58,post
1761170400,179.59,179.9,post
1761174000,179.92,179.7,post
1761206400,180.44,180.91,pre
1761210000,180.91,180.47,pre
1761213600,180.46,180.39,pre
1761217200,180.39,179.99,pre
1761220800,179.95,179.635,pre
1761224400,179.63,180.42,pre
1761226200,180.375,181.5801,regular
1761229800,181.58,181.995,regular
1761233400,182.0,181.82,regular
1761237000,181.82,181.785,regular
1761240600,181.78,182.71,regular
1761244200,182.71,182.785,regular
1761247800,182.785,182.2,regular
1761249600,182.21,182.46,post
1761253200,182.46,182.2,post
1761256800,182.1892,182.23,post
1761260400,182.24,182.35,post
1761292800,182.76,183.21,pre
1761296400,183.23,183.12,pre
1761300000,183.15,183.27,pre
1761303600,183.3,183.27,pre
1761307200,183.25,183.19,pre
1761310800,183.12,183.86,pre
1761312600,183.835,184.615,regular
1761316200,184.6,185.19,regular
1761319800,185.19,185.09,regular
1761323400,185.09,185.0,regular
1761327000,185.01,185.275,regular
1761330600,185.27,186.91,regular
1761334200,186.91,186.26,regular
1761336000,186.26,186.7706,post
1761339600,186.805,186.58,post
1761343200,186.59,186.3601,post
1761346800,186.37,186.46,post
1761552000,189.77,190.07,pre
1761555600,190.04,190.53,pre
1761559200,190.52,191.0,pre
1761562800,190.98,190.769,pre
1761566400,190.76,190.4,pre
1761570000,190.39,190.02,pre
1761571800,189.98,189.88,regular
1761575400,189.88,190.9245,regular
1761579000,190.9241,190.925,regular
1761582600,190.93,191.3341,regular
1761586200,191.335,190.56,regular
1761589800,190.555,190.7253,regular
1761593400,190.73,191.43,regular
1761595200,191.43,191.6402,post
1761598800,191.65,191.57,post
1761602400,191.57,191.4099,post
1761606000,191.4,191.5678,post
1761638400,191.29,190.72,pre
1761642000,190.75,191.46,pre
1761645600,191.5,191.47,pre
1761649200,191.47,192.22,pre
1761652800,192.24,192.99,pre
1761656400,193.02,193.05,pre
1761658200,193.05,192.825,regular
1761661800,192.825,192.805,regular
1761665400,192.8,193.7001,regular
1761669000,193.705,194.5893,regular
1761672600,194.59,199.312,regular
1761676200,199.315,202.015,regular
1761679800,202.015,201.03,regular
1761681600,201.035,204.6285,post
1761685200,204.63,204.1018,post
1761688800,204.1,203.28,post
1761692400,203.28,204.42,post
1761724800,206.12,206.95,pre
1761728400,206.94,207.35,pre
1761732000,207.37,208.15,pre
1761735600,208.15,209.14,pre
1761739200,209.14,207.89,pre
1761742800,207.89,208.01,pre
1761744600,207.98,210.61,regular
1761748200,210.62,208.795,regular
1761751800,208.79,206.59,regular
1761755400,206.579,206.789,regular
1761759000,206.78,206.94,regular
1761762600,206.94,207.04,regular
1761766200,207.025,207.05,regular
1761768000,207.03,207.64,post
1761771600,207.63,204.9791,post
1761775200,204.98,207.48,post
1761778800,207.4706,207.69,post
1761811200,207.47,207.14,pre
1761814800,207.11,206.61,pre
1761818400,206.64,205.77,pre
1761822000,205.75,207.25,pre
1761825600,207.3,205.1117,pre
1761829200,205.0616,205.065,pre
1761831000,205.205,202.2059,regular
1761834600,202.2,203.075,regular
1761838200,203.08,203.4299,regular
1761841800,203.43,203.055,regular
1761845400,203.06,203.5905,regular
1761849000,203.585,202.5499,regular
1761852600,202.56,202.8,regular
1761854400,202.89,204.04,post
1761858000,204.04,204.07,post
1761861600,204.01,204.47,post
1761865200,204.49,204.5499,post
1761897600,205.86,206.75,pre
1761901200,206.73,206.54,pre
1761904800,206.55,207.09,pre
1761908400,207.14,206.92,pre
1761912000,206.89,207.23,pre
1761915600,207.23,206.485,pre
1761917400,206.45,205.48,regular
1761921000,205.49,205.2801,regular
1761924600,205.29,203.985,regular
1761928200,203.98,202.8365,regular
1761931800,202.81,204.27,regular
1761935400,204.28,204.41,regular
1761939000,204.41,202.41,regular
1761940800,202.39,202.4813,post
1761944400,202.49,202.8502,post
1761948000,202.85,202.7781,post
1761951600,202.78,202.62,post
1762160400,203.98,204.64,pre
1762164000,204.63,205.23,pre
1762167600,205.21,205.97,pre
1762171200,205.97,206.36,pre
1762174800,206.35,206.3379,pre
1762180200,208.055,207.795,regular
1762183800,207.795,207.915,regular
1762187400,207.91,209.42,regular
1762191000,209.42,210.9599,regular
1762194600,210.955,207.705,regular
1762198200,207.69,207.075,regular
1762201800,207.08,207.0,regular
1762203600,206.88,207.28,post
1762207200,207.2301,207.175,post
1762210800,207.17,207.23,post
1762246800,204.08,203.18,pre
1762250400,203.18,202.46,pre
1762254000,202.45,203.06,pre
1762257600,203.08,203.4,pre
1762261200,203.37,201.95,pre
1762264800,201.99,203.07,pre
1762266600,202.945,201.6595,regular
1762270200,201.645,201.85,regular
1762273800,201.85,200.975,regular
1762277400,200.9776,199.8251,regular
1762281000,199.82,200.19,regular
1762284600,200.18,199.885,regular
1762288200,199.89,198.54,regular
1762290000,198.69,198.0,post
1762293600,197.95,196.9699,post
1762297200,196.97,195.925,post
1762333200,197.11,197.71,pre
1762336800,197.65,197.26,pre
1762340400,197.24,196.09,pre
1762344000,196.06,197.18,pre
1762347600,197.16,198.6795,pre
1762351200,198.6794,198.73,pre
1762353000,198.72,200.63,regular
1762356600,200.6301,202.34,regular
1762360200,202.3401,201.27,regular
1762363800,201.275,200.95,regular
1762367400,200.95,201.035,regular
1762371000,201.04,199.5301,regular
1762374600,199.53,195.17,regular
1762376400,195.15,195.9,post
1762380000,195.95,197.17,post
1762383600,197.2,197.33,post
1762419600,196.98,197.51,pre
1762423200,197.52,198.14,pre
1762426800,198.09,198.3,pre
1762430400,198.32,198.23,pre
1762434000,198.24,197.73,pre
1762437600,197.73,196.45,pre
1762439400,196.355,193.065,regular
1762443000,193.0782,190.7,regular
1762446600,190.685,186.82,regular
1762450200,186.81,189.2064,regular
1762453800,189.19,190.5,regular
1762457400,190.49,189.82,regular
1762461000,189.815,188.17,regular
1762462800,188.08,189.28,post
1762466400,189.265,188.55,post
1762470000,188.55,188.9697,post
1762506000,189.6,188.92,pre
1762509600,188.93,187.46,pre
1762513200,187.4,186.0,pre
1762516800,186.07,186.68,pre
1762520400,186.64,185.09,pre
1762524000,185.15,184.92,pre
1762525800,184.86,182.428,regular
1762529400,182.4347,180.1122,regular
1762533000,180.1,182.06,regular
1762536600,182.04,184.44,regular
1762540200,184.44,184.985,regular
1762543800,184.99,186.135,regular
1762547400,186.135,188.2299,regular
1762549200,188.26,189.88,post
1762552800,189.85,189.79,post
1762556400,189.79,189.99,post
1762765200,193.56,194.07,pre
1762768800,194.08,194.54,pre
1762772400,194.55,194.04,pre
1762776000,194.0,193.98,pre
1762779600,193.98,194.2921,pre
1762783200,194.3284,195.08,pre
1762785000,195.11,196.62,regular
1762788600,196.62,194.1218,regular
1762792200,194.12,195.8656,regular
1762795800,195.885,196.7118,regular
1762799400,196.725,197.92,regular
1762803000,197.9139,198.74,regular
1762806600,198.735,199.04,regular
1762808400,199.03,199.33,post
1762812000,199.3492,199.235,post
1762815600,199.25,199.53,post
1762851600,198.52,197.87,pre
1762855200,197.85,196.48,pre
1762858800,196.5,196.27,pre
1762862400,196.25,195.75,pre
1762866000,195.73,195.09,pre
1762869600,195.09,195.14,pre
1762871400,195.155,192.53,regular
1762875000,192.54,192.375,regular
1762878600,192.38,192.42,regular
1762882200,192.415,193.65,regular
1762885800,193.66,193.9751,regular
1762889400,193.9798,194.105,regular
1762893000,194.105,193.23,regular
1762894800,193.26,193.2491,post
1762898400,193.215,194.0398,post
1762902000,194.02,193.91,post
1762938000,195.57,196.06,pre
1762941600,196.01,196.04,pre
1762945200,196.07,195.48,pre
1762948800,195.48,196.14,pre
1762952400,196.2,195.72,pre
1762956000,195.79,195.72,pre
1762957800,195.695,192.69,regular
1762961400,192.69,193.1,regular
1762965000,193.085,192.05,regular
1762968600,192.04,192.63,regular
1762972200,192.6082,192.1299,regular
1762975800,192.13,192.41,regular
1762979400,192.4,193.85,regular
1762981200,193.85,193.37,post
1762984800,193.33,193.2401,post
1762988400,193.25,192.25,post
1763024400,193.47,191.82,pre
1763028000,191.86,192.65,pre
1763031600,192.63,192.66,pre
1763035200,192.64,192.48,pre
1763038800,192.44,192.35,pre
1763042400,192.32,191.05,pre
1763044200,191.04,188.0961,regular
1763047800,188.1,186.29,regular
1763051400,186.295,186.9299,regular
1763055000,186.92,184.865,regular
1763058600,184.86,186.01,regular
1763062200,186.0,185.95,regular
1763065800,185.96,186.96,regular
1763067600,186.97,185.99,post
1763071200,185.945,186.39,post
1763074800,186.37,186.615,post
1763110800,184.59,184.03,pre
1763114400,184.05,184.61,pre
1763118000,184.61,182.92,pre
1763121600,182.91,181.13,pre
1763125200,181.12,181.3031,pre
1763128800,181.39,182.79,pre
1763130600,182.86,186.9644,regular
1763134200,186.9551,189.9798,regular
1763137800,189.98,190.035,regular
1763141400,190.04,189.2,regular
1763145000,189.19,189.96,regular
1763148600,189.98,190.1,regular
1763152200,190.1,190.28,regular
1763154000,190.28,189.98,post
1763157600,189.95,190.305,post
1763161200,190.31,190.82,post
1763370000,192.24,191.85,pre
1763373600,191.86,190.13,pre
1763377200,190.16,189.39,pre
1763380800,189.34,188.1,pre
1763384400,188.07,187.1212,pre
1763388000,187.16,185.98,pre
1763389800,185.9,187.55,regular
1763393400,187.55,187.2,regular
1763397000,187.2001,187.58,regular
1763400600,187.59,186.73,regular
1763404200,186.72,185.33,regular
1763407800,185.33,184.935,regular
1763411400,184.94,186.59,regular
1763413200,186.59,186.56,post
1763416800,186.54,186.0588,post
1763420400,186.13,186.1422,post
1763456400,185.13,185.25,pre
1763460000,185.21,184.64,pre
1763463600,184.71,184.65,pre
1763467200,184.64,184.41,pre
1763470800,184.41,184.455,pre
1763474400,184.4774,183.375,pre
1763476200,183.33,181.85,regular
1763479800,181.86,182.89,regular
1763483400,182.9,181.58,regular
1763487000,181.57,183.62,regular
1763490600,183.64,183.45,regular
1763494200,183.4699,182.91,regular
1763497800,182.89,181.3,regular
1763499600,181.37,181.17,post
1763503200,181.12,180.85,post
1763506800,180.87,181.15,post
1763542800,182.05,181.83,pre
1763546400,181.83,182.55,pre
1763550000,182.58,182.91,pre
1763553600,182.86,184.37,pre
1763557200,184.4,184.76,pre
1763560800,184.7375,184.75,pre
1763562600,184.8,187.63,regular
1763566200,187.6359,185.39,regular
1763569800,185.38,184.39,regular
1763573400,184.3849,184.26,regular
1763577000,184.25,184.63,regular
1763580600,184.63,186.705,regular
1763584200,186.715,186.6918,regular
1763586000,186.52,194.65,post
1763589600,194.6725,194.4,post
1763593200,194.4,196.18,post
1763629200,196.06,196.92,pre
1763632800,196.92,195.63,pre
1763636400,195.6,195.12,pre
1763640000,195.12,195.54,pre
1763643600,195.54,196.06,pre
1763647200,196.1,195.81,pre
1763649000,195.95,193.92,regular
1763652600,193.91,189.76,regular
1763656200,189.7301,183.6852,regular
1763659800,183.6853,184.51,regular
1763663400,184.5,182.72,regular
1763667000,182.71,182.38,regular
1763670600,182.385,180.94,regular
1763672400,180.64,179.87,post
1763676000,179.93,178.9703,post
1763679600,179.0,180.64,post
1763715600,181.02,178.94,pre
1763719200,178.87,175.35,pre
1763722800,175.39,177.44,pre
1763726400,177.44,176.29,pre
1763730000,176.32,181.45,pre
1763733600,181.4982,181.27,pre
1763735400,181.235,175.79,regular
1763739000,175.81,178.86,regular
1763742600,178.8547,181.07,regular
1763746200,181.08,179.3347,regular
1763749800,179.32,184.19,regular
1763753400,184.1935,180.39,regular
1763757000,180.37,178.94,regular
1763758800,178.94,180.15,post
1763762400,180.15,180.11,post
1763766000,180.1,180.22,post
1763974800,181.36,179.26,pre
1763978400,179.23,179.03,pre
1763982000,179.01,179.53,pre
1763985600,179.57,180.17,pre
1763989200,180.17,180.02,pre
1763992800,180.01,179.455,pre
1763994600,179.5,178.0,regular
1763998200,178.0086,182.09,regular
1764001800,182.06,182.47,regular
1764005400,182.465,182.1,regular
1764009000,182.095,181.87,regular
1764012600,181.8762,181.67,regular
1764016200,181.67,182.55,regular
1764018000,182.55,181.9,post
1764021600,181.91,179.6861,post
1764025200,179.69,179.8316,post
1764061200,178.47,176.2,pre
1764064800,176.2,175.94,pre
1764068400,175.97,175.73,pre
1764072000,175.74,176.13,pre
1764075600,176.13,175.0,pre
1764079200,175.0,174.96,pre
1764081000,174.91,171.075,regular
1764084600,171.07,174.7238,regular
1764088200,174.72,175.535,regular
1764091800,175.53,176.205,regular
1764095400,176.205,174.775,regular
1764099000,174.78,176.8417,regular
1764102600,176.845,177.8,regular
1764104400,177.79,176.74,post
1764108000,176.74,177.3,post
1764111600,177.3,176.9,post
1764147600,177.09,174.8,pre
1764151200,174.8,175.65,pre
1764154800,175.61,176.97,pre
1764158400,177.0,176.53,pre
1764162000,176.5,178.16,pre
1764165600,178.17,181.61,pre
1764167400,181.63,179.585,regular
1764171000,179.585,180.91,regular
1764174600,180.92,180.78,regular
1764178200,180.7803,180.81,regular
1764181800,180.81,180.55,regular
1764185400,180.55,180.51,regular
1764189000,180.505,180.19,regular
1764190800,180.16,179.73,post
1764194400,179.73,179.84,post
1764198000,179.85,179.707,post
1764320400,180.31,180.03,pre
1764324000,180.03,180.42,pre
1764327600,180.41,180.35,pre
1764331200,180.36,180.98,pre
1764334800,180.98,180.6,pre
1764338400,180.6,179.0,pre
1764340200,178.7896,177.29,regular
1764343800,177.24,177.0814,regular
1764347400,177.085,177.1342,regular
1764352800,177.1335,176.62,regular
1764356400,176.63,176.685,regular
1764360000,176.69,176.57,regular
1764363600,176.58,176.64,post
1764579600,175.62,175.27,pre
1764583200,175.3,175.25,pre
1764586800,175.26,175.37,pre
1764590400,175.37,173.54,pre
1764594000,173.52,174.45,pre
1764597600,174.4409,174.775,pre
1764599400,174.7,178.86,regular
1764603000,178.85,178.96,regular
1764606600,178.94,179.835,regular
1764610200,179.835,179.405,regular
1764613800,179.41,179.09,regular
1764617400,179.09,179.3799,regular
1764621000,179.38,179.99,regular
1764622800,179.93,179.92,post
1764626400,179.88,179.95,post
1764630000,179.955,179.7646,post
1764666000,179.94,180.18,pre
1764669600,180.18,180.15,pre
1764673200,180.15,181.26,pre
1764676800,181.3,181.42,pre
1764680400,181.41,181.35,pre
1764684000,181.37,181.75,pre
1764685800,182.25,183.255,regular
1764689400,183.225,180.56,regular
1764693000,180.53,182.16,regular
1764696600,182.16,181.715,regular
1764700200,181.71,181.0,regular
1764703800,180.98,181.43,regular
1764707400,181.4175,181.36,regular
1764709200,181.29,181.4511,post
1764712800,181.465,181.45,post
1764716400,181.455,181.41,post
1764752400,182.03,181.76,pre
1764756000,181.79,182.27,pre
1764759600,182.25,182.56,pre
1764763200,182.55,182.911,pre
1764766800,182.92,183.63,pre
1764770400,183.61,181.0996,pre
1764772200,181.065,180.33,regular
1764775800,180.32,180.55,regular
1764779400,180.545,180.375,regular
1764783000,180.37,180.65,regular
1764786600,180.66,180.745,regular
1764790200,180.7441,180.02,regular
1764793800,180.02,179.64,regular
1764795600,179.65,179.83,post
1764799200,179.83,179.95,post
1764802800,179.9699,180.01,post
1764838800,180.19,180.39,pre
1764842400,180.39,180.8,pre
1764846000,180.81,180.36,pre
1764849600,180.36,180.32,pre
1764853200,180.32,180.36,pre
1764856800,180.38,181.7416,pre
1764858600,180.86,181.0801,regular
1764862200,181.085,182.6351,regular
1764865800,182.6326,183.545,regular
1764869400,183.54,183.615,regular
1764873000,183.6,182.315,regular
1764876600,182.3101,182.3235,regular
1764880200,182.325,183.4,regular
1764882000,183.39,183.51,post
1764885600,183.51,183.15,post
1764889200,183.19,183.2092,post
1764925200,184.3,184.87,pre
1764928800,184.85,184.63,pre
1764932400,184.63,184.36,pre
1764936000,184.39,184.13,pre
1764939600,184.15,183.945,pre
1764943200,183.93,183.9,pre
1764945000,183.86,182.7699,regular
1764948600,182.75,182.06,regular
1764952200,182.07,181.7798,regular
1764955800,181.78,182.24,regular
1764959400,182.23,181.4551,regular
1764963000,181.47,181.8575,regular
1764966600,181.84,182.35,regular
1764968400,182.34,182.44,post
1764972000,182.4403,182.3601,post
1764975600,182.37,182.2499,post
1765184400,182.46,182.08,pre
1765188000,182.11,182.71,pre
1765191600,182.71,182.76,pre
1765195200,182.76,182.81,pre
1765198800,182.81,182.4655,pre
1765202400,182.49,182.68,pre
1765204200,182.63,183.0506,regular
1765207800,183.05,183.485,regular
1765211400,183.47,183.405,regular
1765215000,183.4039,185.8941,regular
1765218600,185.88,184.7065,regular
1765222200,184.7001,184.885,regular
1765225800,184.9,185.58,regular
1765227600,185.59,189.2,post
1765231200,189.19,190.16,post
1765234800,190.14,189.495,post
1765270800,189.57,188.39,pre
1765274400,188.4,189.0,pre
1765278000,189.0,185.8,pre
1765281600,185.82,187.35,pre
1765285200,187.36,186.9,pre
1765288800,186.92,185.57,pre
1765290600,185.55,184.63,regular
1765294200,184.63,185.07,regular
1765297800,185.07,184.888,regular
1765301400,184.89,184.8582,regular
1765305000,184.85,184.545,regular
1765308600,184.545,184.33,regular
1765312200,184.33,184.97,regular
1765314000,184.97,184.549,post
1765317600,184.53,184.5752,post
1765321200,184.58,184.51,post
1765357200,184.83,184.62,pre
1765360800,184.65,184.5,pre
1765364400,184.5,185.04,pre
1765368000,185.03,185.24,pre
1765371600,185.23,185.52,pre
1765375200,185.58,184.97,pre
1765377000,184.99,183.8596,regular
1765380600,183.85,182.8455,regular
1765384200,182.84,182.57,regular
1765387800,182.565,182.61,regular
1765391400,182.61,183.0958,regular
1765395000,183.13,183.79,regular
1765398600,183.79,183.78,regular
1765400400,183.78,182.1,post
1765404000,182.09,181.41,post
1765407600,181.41,181.4883,post
1765443600,180.45,180.83,pre
1765447200,180.89,180.47,pre
1765450800,180.48,180.55,pre
1765454400,180.55,181.3,pre
1765458000,181.29,181.2,pre
1765461600,181.2,180.27,pre
1765463400,180.275,178.085,regular
1765467000,178.1,177.0599,regular
1765470600,177.05,178.4862,regular
1765474200,178.49,179.305,regular
1765477800,179.3,180.9065,regular
1765481400,180.91,180.3699,regular
1765485000,180.36,180.9355,regular
1765486800,180.93,171.2708,post
1765490400,180.95,180.54,post
1765494000,180.55,180.2204,post
1765530000,180.17,179.34,pre
1765533600,179.31,179.47,pre
1765537200,179.47,180.19,pre
1765540800,180.19,181.05,pre
1765544400,181.04,182.415,pre
1765548000,182.43,181.11,pre
1765549800,181.26,179.54,regular
1765553400,179.53,176.635,regular
1765557000,176.6,176.52,regular
1765560600,176.53,177.45,regular
1765564200,177.4515,176.2137,regular
1765567800,176.21,175.905,regular
1765571400,175.9,174.99,regular
1765573200,175.02,175.0915,post
1765576800,175.02,174.99,post
1765580400,175.0,174.98,post
1765789200,176.33,177.05,pre
1765792800,177.06,177.04,pre
1765796400,177.02,177.13,pre
1765800000,177.11,176.97,pre
1765803600,176.98,177.05,pre
1765807200,177.07,177.95,pre
1765809000,177.0,175.4516,regular
1765812600,175.44,178.252,regular
1765816200,178.26,177.595,regular
1765819800,177.5999,177.125,regular
1765823400,177.11,177.14,regular
1765827000,177.15,176.33,regular
1765830600,176.33,176.23,regular
1765832400,176.23,176.5699,post
1765836000,176.57,176.44,post
1765839600,176.45,176.06,post
1765875600,174.72,175.3,pre
1765879200,175.35,175.36,pre
1765882800,175.35,175.54,pre
1765886400,175.57,176.83,pre
1765890000,176.84,177.203,pre
1765893600,177.32,176.22,pre
1765895400,176.26,176.1501,regular
1765899000,176.15,176.02,regular
1765902600,176.02,176.485,regular
1765906200,176.48,176.22,regular
1765909800,176.22,176.74,regular
1765913400,176.745,177.1788,regular
1765917000,177.175,177.51,regular
1765918800,177.72,177.24,post
1765922400,177.27,177.26,post
1765926000,177.27,177.0936,post
1765962000,177.65,177.83,pre
1765965600,177.82,178.1,pre
1765969200,178.09,177.8,pre
1765972800,177.86,177.9,pre
1765976400,177.9,177.2163,pre
1765980000,177.22,176.05,pre
1765981800,176.1,174.38,regular
1765985400,174.37,171.135,regular
1765989000,171.13,171.4499,regular
1765992600,171.45,172.25,regular
1765996200,172.24,170.9499,regular
1765999800,170.93,171.19,regular
1766003400,171.19,170.92,regular
1766005200,170.92,170.98,post
1766008800,170.93,171.6264,post
1766012400,171.61,171.11,post
1766048400,172.36,172.39,pre
1766052000,172.37,173.0,pre
1766055600,173.02,173.35,pre
1766059200,173.35,172.81,pre
1766062800,172.82,173.07,pre
1766066400,173.04,174.52,pre
1766068200,174.53,175.04,regular
1766071800,175.04,174.8801,regular
1766075400,174.87,174.04,regular
1766079000,174.03,174.9144,regular
1766082600,174.91,174.55,regular
1766086200,174.56,174.675,regular
1766089800,174.6725,174.01,regular
1766091600,174.0,174.0568,post
1766095200,174.075,174.81,post
1766098800,174.8,175.07,post
1766134800,176.41,176.41,pre
1766138400,176.42,176.66,pre
1766142000,176.63,177.03,pre
1766145600,177.07,176.01,pre
1766149200,176.04,175.9902,pre
1766152800,176.0,176.78,pre
1766154600,176.665,178.66,regular
1766158200,178.64,179.3,regular
1766161800,179.32,180.5201,regular
1766165400,180.5201,179.965,regular
1766169000,179.964,180.5742,regular
1766172600,180.57,180.4485,regular
1766176200,180.44,180.99,regular
1766178000,180.99,180.98,post
1766181600,180.9899,180.9514,post
1766185200,180.96,181.2599,post
1766394000,182.49,182.9,pre
1766397600,182.89,183.18,pre
1766401200,183.19,183.53,pre
1766404800,183.53,184.32,pre
1766408400,184.32,184.0,pre
1766412000,184.0,183.92,pre
1766413800,183.38,183.4,regular
1766417400,183.41,183.63,regular
1766421000,183.62,183.1,regular
1766424600,183.105,183.2256,regular
1766428200,183.23,183.38,regular
1766431800,183.39,183.285,regular
1766435400,183.285,183.61,regular
1766437200,183.6,183.44,post
1766440800,183.44,183.43,post
1766444400,183.4295,183.32,post
1766480400,183.39,183.59,pre
1766484000,183.55,183.11,pre
1766487600,183.13,183.14,pre
1766491200,183.06,182.85,pre
1766494800,182.85,182.869,pre
1766498400,182.88,182.97,pre
1766500200,184.3948,185.275,regular
1766503800,185.28,187.9101,regular
1766507400,187.915,188.2144,regular
1766511000,188.22,187.995,regular
1766514600,187.995,188.6181,regular
1766518200,188.61,188.7864,regular
1766521800,188.78,189.21,regular
1766523600,189.22,188.7499,post
1766527200,188.74,188.6168,post
1766530800,188.61,188.5,post
1766566800,189.0,188.56,pre
1766570400,188.55,188.35,pre
1766574000,188.36,188.29,pre
1766577600,188.29,188.45,pre
1766581200,188.45,188.705,pre
1766584800,188.71,187.95,pre
1766586600,188.0,187.23,regular
1766590200,187.2265,187.945,regular
1766593800,187.945,188.225,regular
1766599200,188.225,188.28,regular
1766602800,188.265,188.42,regular
1766606400,188.43,188.325,regular
1766610000,188.33,188.05,post
1766739600,190.19,189.83,pre
1766743200,189.82,189.88,pre
1766746800,189.82,189.74,pre
1766750400,189.73,189.579,pre
1766754000,189.58,190.1102,pre
1766757600,190.1284,189.91,pre
1766759400,190.0,191.58,regular
1766763000,191.57,191.025,regular
1766766600,191.037,190.7797,regular
1766770200,190.77,191.5329,regular
1766773800,191.535,192.24,regular
1766777400,192.2444,191.43,regular
1766781000,191.42,190.54,regular
1766782800,190.54,190.2501,post
1766786400,190.25,190.23,post
1766790000,190.2309,190.14,post
1766998800,188.4,188.3,pre
1767002400,188.28,188.12,pre
1767006000,188.13,188.08,pre
1767009600,188.07,188.4,pre
1767013200,188.42,188.301,pre
1767016800,188.32,187.6877,pre
1767018600,187.0,187.255,regular
1767022200,187.26,187.2446,regular
1767025800,187.24,186.88,regular
1767029400,186.8799,187.4599,regular
1767033000,187.455,187.375,regular
1767036600,187.38,187.9645,regular
1767040200,187.97,188.23,regular
1767042000,188.21,188.04,post
1767045600,188.04,187.9207,post
1767049200,187.9607,187.71,post
1767085200,187.84,188.16,pre
1767088800,188.16,187.94,pre
1767092400,187.99,188.02,pre
1767096000,188.04,188.51,pre
1767099600,188.54,188.52,pre
1767103200,188.52,188.26,pre
1767105000,188.375,187.1703,regular
1767108600,187.17,188.26,regular
1767112200,188.25,187.9099,regular
1767115800,187.905,188.216,regular
1767119400,188.21,188.1542,regular
1767123000,188.15,187.58,regular
1767126600,187.58,187.55,regular
1767128400,187.54,187.24,post
1767132000,187.23,187.27,post
1767135600,187.27,187.23,post
1767171600,187.19,186.86,pre
1767175200,186.8,186.91,pre
1767178800,186.92,187.69,pre
1767182400,187.68,188.2,pre
1767186000,188.19,188.77,pre
1767189600,188.78,189.6016,pre
1767191400,189.75,189.015,regular
1767195000,189.01,188.846,regular
1767198600,188.845,188.9199,regular
1767202200,188.916,188.97,regular
1767205800,188.965,188.045,regular
1767209400,188.05,187.135,regular
1767213000,187.14,186.49,regular
1767214800,186.5,186.55,post
1767218400,186.5687,186.58,post
1767222000,186.6,186.53,post
1767344400,189.24,190.15,pre
1767348000,190.1,190.01,pre
1767351600,190.01,189.86,pre
1767355200,189.88,189.41,pre
1767358800,189.41,189.1301,pre
1767362400,189.1316,189.8327,pre
1767364200,190.0,190.589,regular
1767367800,190.57,189.5994,regular
1767371400,189.6,189.48,regular
1767375000,189.5,189.3617,regular
1767378600,189.37,189.2057,regular
1767382200,189.205,188.955,regular
1767385800,188.95,188.8099,regular
1767387600,188.8,188.65,post
1767391200,188.66,188.78,post
1767394800,188.78,188.935,post
1767603600,189.91,190.2,pre
1767607200,190.17,190.38,pre
1767610800,190.31,191.12,pre
1767614400,191.06,191.47,pre
1767618000,191.47,191.415,pre
1767621600,191.41,191.73,pre
1767623400,191.715,190.075,regular
1767627000,190.07,190.19,regular
1767630600,190.185,187.62,regular
1767634200,187.61,187.785,regular
1767637800,187.78,186.6432,regular
1767641400,186.65,187.47,regular
1767645000,187.47,188.11,regular
1767646800,188.1167,187.59,post
1767650400,187.55,187.6468,post
1767654000,187.64,187.89,post
1767690000,189.04,188.37,pre
1767693600,188.38,189.21,pre
1767697200,189.21,189.1,pre
1767700800,189.15,189.3,pre
1767704400,189.33,189.55,pre
1767708000,189.5484,190.5097,pre
1767709800,190.43,191.4,regular
1767713400,191.3896,188.59,regular
1767717000,188.59,189.0399,regular
1767720600,189.04,188.29,regular
1767724200,188.18,187.96,regular
1767727800,188.05,186.94,regular
1767731400,186.94,187.25,regular
1767733200,187.53,187.725,post
1767736800,187.71,187.99,post
1767740400,187.99,188.1792,post
1767776400,187.72,187.64,pre
1767780000,187.69,187.45,pre
1767783600,187.45,187.4,pre
1767787200,187.4,188.46,pre
1767790800,188.5,188.212,pre
1767794400,188.2148,188.61,pre
1767796200,188.57,191.015,regular
1767799800,191.02,189.58,regular
1767803400,189.57,190.003,regular
1767807000,190.005,189.625,regular
1767810600,189.625,189.2801,regular
1767814200,189.285,188.99,regular
1767817800,188.98,189.25,regular
1767819600,189.25,189.12,post
1767823200,189.12,189.1492,post
1767826800,189.135,189.0312,post
1767862800,189.68,189.67,pre
1767866400,189.69,189.51,pre
1767870000,189.43,189.97,pre
1767873600,189.96,189.99,pre
1767877200,189.91,189.88,pre
1767880800,189.88,189.11,pre
1767882600,189.0,186.1,regular
1767886200,186.08,184.88,regular
1767889800,184.87,184.2558,regular
1767893400,184.255,184.75,regular
1767897000,184.74,184.15,regular
1767900600,184.155,185.1865,regular
1767904200,185.21,185.13,regular
1767906000,185.04,185.11,post
1767909600,185.11,185.23,post
1767913200,185.23,185.03,post
1767949200,184.88,185.66,pre
1767952800,185.65,185.75,pre
1767956400,185.75,185.62,pre
1767960000,185.67,185.6,pre
1767963600,185.61,185.7605,pre
1767967200,185.8,185.03,pre
1767969000,185.055,184.962,regular
1767972600,184.99,185.31,regular
1767976200,185.305,184.9541,regular
1767979800,184.95,185.185,regular
1767983400,185.185,185.8801,regular
1767987000,185.885,185.555,regular
1767990600,185.55,184.85,regular
1767992400,184.86,185.0199,post
1767996000,185.02,184.9803,post
1767999600,184.98,184.9,post
1768208400,182.74,182.61,pre
1768212000,182.62,182.69,pre
1768215600,182.7,182.71,pre
1768219200,182.69,182.96,pre
1768222800,182.95,183.23,pre
1768226400,183.2207,183.3,pre
1768228200,183.19,184.62,regular
1768231800,184.6155,185.2399,regular
1768235400,185.235,186.285,regular
1768239000,186.28,186.7801,regular
1768242600,186.78,186.99,regular
1768246200,186.9924,186.01,regular
1768249800,186.005,184.9,regular
1768251600,184.94,184.83,post
1768255200,184.85,184.9799,post
1768258800,184.95,184.74,post
1768294800,185.63,185.6,pre
1768298400,185.55,185.21,pre
1768302000,185.22,185.29,pre
1768314600,184.31,183.9175,regular
1768318200,183.91,185.23,regular
1768321800,185.24,186.4,regular
1768325400,186.4,185.0699,regular
1768329000,185.07,184.7899,regular
1768332600,184.78,184.72,regular
1768336200,184.7227,185.82,regular
1768338000,185.81,185.5,post
1768341600,185.49,185.8485,post
1768345200,185.85,185.77,post
1768381200,185.33,185.03,pre
1768384800,185.03,184.52,pre
1768388400,184.48,184.47,pre
1768392000,184.48,184.56,pre
1768395600,184.56,184.9,pre
1768399200,184.91,184.33,pre
1768401000,184.33,181.675,regular
1768404600,181.6546,181.985,regular
1768408200,181.9917,182.1,regular
1768411800,182.09,182.22,regular
1768415400,182.22,181.82,regular
1768419000,181.84,182.15,regular
1768422600,182.15,183.17,regular
1768424400,183.2,182.9962,post
1768428000,182.9361,182.79,post
1768431600,182.79,182.8402,post
1768467600,186.5,185.36,pre
1768471200,185.36,185.72,pre
1768474800,185.71,186.4,pre
1768478400,186.39,184.92,pre
1768482000,184.92,185.3,pre
1768485600,185.29,186.5,pre
1768487400,186.49,187.6,regular
1768491000,187.6,187.5201,regular
1768494600,187.51,188.6135,regular
1768498200,188.62,189.2301,regular
1768501800,189.23,188.395,regular
1768505400,188.39,187.425,regular
1768509000,187.42,187.14,regular
1768510800,187.16,187.25,post
1768514400,187.255,187.37,post
1768518000,187.375,187.5012,post
1768554000,188.47,188.86,pre
1768557600,188.87,188.74,pre
1768561200,188.71,188.86,pre
1768564800,188.86,188.55,pre
1768568400,188.52,188.23,pre
1768572000,188.22,189.075,pre
1768573800,188.9875,187.6384,regular
1768577400,187.6301,187.99,regular
1768581000,187.985,188.03,regular
1768584600,188.02,187.935,regular
1768588200,187.94,187.69,regular
1768591800,187.6801,187.74,regular
1768595400,187.74,186.23,regular
1768597200,186.23,186.3491,post
1768600800,186.35,186.3797,post
1768604400,186.38,186.3961,post
1768899600,181.49,180.3,pre
1768903200,180.28,181.47,pre
1768906800,181.55,181.61,pre
1768910400,181.64,182.37,pre
1768914000,182.36,182.11,pre
1768917600,182.095,181.9096,pre
1768919400,181.9,180.8,regular
1768923000,180.77,180.3199,regular
1768926600,180.315,180.0199,regular
1768930200,180.01,179.52,regular
1768933800,179.5,179.435,regular
1768937400,179.41,178.495,regular
1768941000,178.495,178.21,regular
1768942800,178.22,178.75,post
1768946400,178.75,178.87,post
1768950000,178.89,178.74,post
1768986000,179.85,179.48,pre
1768989600,179.44,179.51,pre
1768993200,179.51,179.3,pre
1768996800,179.34,178.23,pre
1769000400,178.221,178.7679,pre
1769004000,178.73,179.08,pre
1769005800,179.56,180.81,regular
1769009400,180.81,182.7355,regular
1769013000,182.72,179.435,regular
1769016600,179.435,180.245,regular
1769020200,180.2601,182.98,regular
1769023800,183.395,183.79,regular
1769027400,183.78,183.34,regular
1769029200,183.34,183.41,post
1769032800,183.425,183.98,post
1769036400,183.97,183.8085,post
1769072400,185.0,185.23,pre
1769076000,185.22,184.83,pre
1769079600,184.85,184.86,pre
1769083200,184.85,184.93,pre
1769086800,184.9,184.81,pre
1769090400,184.83,184.729,pre
1769092200,184.745,184.87,regular
1769095800,184.87,185.7355,regular
1769099400,185.734,184.975,regular
1769103000,185.09,184.7255,regular
1769106600,184.71,184.655,regular
1769110200,184.65,184.11,regular
1769113800,184.1,184.85,regular
1769115600,184.81,184.27,post
1769119200,184.84,184.11,post
1769122800,184.04,184.1092,post
1769158800,184.25,184.1,pre
1769162400,184.09,183.79,pre
1769166000,183.79,188.15,pre
1769169600,188.19,187.79,pre
1769173200,187.78,186.4179,pre
1769176800,186.4179,187.5006,pre
1769178600,188.52,187.655,regular
1769182200,187.645,187.76,regular
1769185800,187.75,187.7401,regular
1769189400,187.75,187.895,regular
1769193000,187.81,187.83,regular
1769196600,187.81,187.23,regular
1769200200,187.22,187.67,regular
1769202000,187.65,187.475,post
1769205600,187.47,187.235,post
1769209200,187.2399,187.25,post
1769418000,187.1,186.42,pre
1769421600,186.48,186.38,pre
1769425200,186.39,186.21,pre
1769428800,186.16,186.25,pre
1769432400,186.2,186.44,pre
1769436000,186.45,187.185,pre
1769437800,187.07,187.346,regular
1769441400,187.3345,186.805,regular
1769445000,186.79,186.66,regular
1769448600,186.64,186.43,regular
1769452200,186.41,186.575,regular
1769455800,186.5687,186.445,regular
1769459400,186.45,186.39,regular
1769461200,186.36,186.275,post
1769464800,186.27,186.36,post
1769468400,186.39,186.45,post
1769504400,187.24,187.39,pre
1769508000,187.34,187.68,pre
1769511600,187.68,187.42,pre
1769515200,187.42,187.25,pre
1769518800,187.28,187.0592,pre
1769522400,187.06,187.24,pre
1769524200,187.24,188.9151,regular
1769527800,188.92,189.7058,regular
1769531400,189.71,189.685,regular
1769535000,189.69,189.485,regular
1769538600,189.49,189.125,regular
1769542200,189.13,189.425,regular
1769545800,189.42,188.54,regular
1769547600,188.533,188.8013,post
1769551200,188.82,188.87,post
1769554800,188.86,188.855,post
1769590800,191.79,191.84,pre
1769594400,191.81,191.59,pre
1769598000,191.55,191.6,pre
1769601600,191.6,192.31,pre
1769605200,192.3,191.73,pre
1769608800,191.745,191.28,pre
1769610600,191.29,191.405,regular
1769614200,191.405,191.78,regular
1769617800,191.77,191.0958,regular
1769621400,191.085,191.72,regular
1769625000,191.735,191.52,regular
1769628600,191.51,191.623,regular
1769632200,191.62,191.53,regular
1769634000,191.53,192.245,post
1769637600,192.28,192.18,post
1769641200,192.16,190.63,post
1769677200,191.29,190.91,pre
1769680800,190.89,190.66,pre
1769684400,190.66,191.2,pre
1769688000,191.22,191.199,pre
1769691600,191.18,191.345,pre
1769695200,191.3783,191.46,pre
1769697000,191.34,188.93,regular
1769700600,188.93,187.835,regular
1769704200,187.83,189.545,regular
1769707800,189.54,190.055,regular
1769711400,190.06,190.36,regular
1769715000,190.36,190.945,regular
1769718600,190.935,192.43,regular
1769720400,192.4,192.0101,post
1769724000,192.025,191.25,post
1769727600,191.16,191.325,post
1769763600,189.97,189.2,pre
1769767200,189.21,189.39,pre
1769770800,189.39,189.82,pre
1769774400,189.82,190.52,pre
1769778000,190.55,190.58,pre
1769781600,190.52,191.2,pre
1769783400,191.215,191.655,regular
1769787000,191.645,192.2312,regular
1769790600,192.2192,192.83,regular
1769794200,192.835,191.27,regular
1769797800,191.28,191.47,regular
1769801400,191.47,189.845,regular
1769805000,189.84,191.285,regular
1769806800,191.272,190.42,post
1769810400,190.42,190.1,post
1769814000,190.1,189.945,post
1770022800,187.73,187.7,pre
1770026400,187.74,187.63,pre
1770030000,187.57,187.82,pre
1770033600,187.72,189.12,pre
1770037200,189.09,188.41,pre
1770040800,188.527,187.15,pre
1770042600,187.2,188.5875,regular
1770046200,188.57,189.1399,regular
1770049800,189.13,189.2101,regular
1770053400,189.2101,189.735,regular
1770057000,189.73,189.92,regular
1770060600,189.915,186.175,regular
1770064200,186.185,185.69,regular
1770066000,185.61,185.0107,post
1770069600,185.02,186.66,post
1770073200,186.61,186.21,post
1770109200,186.93,186.32,pre
1770112800,186.43,186.5,pre
1770116400,186.5,186.31,pre
1770120000,186.31,187.05,pre
1770123600,187.011,186.91,pre
1770127200,186.91,186.25,pre
1770129000,186.235,180.2999,regular
1770132600,180.28,179.1,regular
1770136200,179.0901,180.0001,regular
1770139800,180.0,179.1585,regular
1770143400,179.145,178.695,regular
1770147000,178.675,178.697,regular
1770150600,178.6951,180.33,regular
1770152400,180.34,179.8588,post
1770156000,179.86,178.96,post
1770159600,178.95,179.2718,post
1770195600,179.77,179.27,pre
1770199200,179.25,180.18,pre
1770202800,180.16,180.7,pre
1770206400,180.7,180.85,pre
1770210000,180.88,180.1812,pre
1770213600,180.15,179.478,pre
1770215400,179.44,177.1952,regular
1770219000,177.2,175.25,regular
1770222600,175.24,173.35,regular
1770226200,173.34,174.1266,regular
1770229800,174.14,174.9401,regular
1770233400,174.93,175.271,regular
1770237000,175.2711,174.2,regular
1770238800,174.19,177.44,post
1770242400,177.47,177.32,post
1770246000,177.32,177.16,post
1770282000,177.19,177.93,pre
1770285600,177.94,178.33,pre
1770289200,178.28,176.97,pre
1770292800,177.0,175.26,pre
1770296400,175.25,173.96,pre
1770300000,173.99,175.0,pre
1770301800,174.925,171.585,regular
1770305400,171.58,174.255,regular
1770309000,174.27,175.285,regular
1770312600,175.2999,174.33,regular
1770316200,174.31,173.67,regular
1770319800,173.655,172.2601,regular
1770323400,172.25,171.82,regular
1770325200,171.93,171.405,post
1770328800,171.4,171.1,post
1770332400,171.28,170.26,post
1770368400,172.88,175.31,pre
1770372000,175.3,176.01,pre
1770375600,176.02,177.2,pre
1770379200,177.2,176.71,pre
1770382800,176.73,176.61,pre
1770386400,176.6,176.775,pre
1770388200,176.69,182.65,regular
1770391800,182.6425,183.98,regular
1770395400,183.98,184.5312,regular
1770399000,184.52,184.5103,regular
1770402600,184.5135,184.445,regular
1770406200,184.45,185.335,regular
1770409800,185.33,185.41,regular
1770411600,185.41,185.41,post
1770415200,185.44,185.16,post
1770418800,185.1508,185.27,post
1770627600,184.93,184.51,pre
1770631200,184.49,183.3,pre
1770634800,183.3,183.85,pre
1770638400,183.85,183.91,pre
1770642000,183.9,184.8512,pre
1770645600,184.88,184.2688,pre
1770647400,184.1,190.66,regular
1770651000,190.7,191.825,regular
1770654600,191.81,191.59,regular
1770658200,191.59,190.993,regular
1770661800,190.9851,191.01,regular
1770665400,191.005,189.9,regular
1770669000,189.89,189.79,regular
1770670800,189.78,190.0,post
1770674400,189.985,190.0,post
1770678000,190.02,189.9003,post
1770714000,190.56,191.3,pre
1770717600,191.3,191.02,pre
1770721200,191.01,190.76,pre
1770724800,190.79,192.16,pre
1770728400,192.16,191.07,pre
1770732000,191.05,191.4,pre
1770733800,191.405,189.1732,regular
1770737400,189.16,189.1201,regular
1770741000,189.12,189.69,regular
1770744600,189.68,189.245,regular
1770748200,189.24,189.215,regular
1770751800,189.22,189.1,regular
1770755400,189.1,188.61,regular
1770757200,188.56,188.62,post
1770760800,188.64,188.55,post
1770764400,188.59,188.979,post
1770800400,188.58,188.7,pre
1770804000,188.69,188.31,pre
1770807600,188.24,189.87,pre
1770811200,189.85,189.53,pre
1770814800,189.53,190.194,pre
1770818400,190.2,192.45,pre
1770820200,192.42,188.92,regular
1770823800,188.925,191.2898,regular
1770827400,191.28,191.985,regular
1770831000,191.98,191.431,regular
1770834600,191.44,192.045,regular
1770838200,192.04,191.06,regular
1770841800,191.05,190.03,regular
1770843600,190.03,190.4723,post
1770847200,190.455,190.3512,post
1770850800,190.375,190.4,post
1770886800,190.81,191.48,pre
1770890400,191.48,191.38,pre
1770894000,191.38,192.07,pre
1770897600,192.05,192.4,pre
1770901200,192.4,192.1,pre
1770904800,192.1,193.08,pre
1770906600,193.03,191.69,regular
1770910200,191.7007,187.305,regular
1770913800,187.32,189.575,regular
1770917400,189.56,189.25,regular
1770921000,189.25,189.05,regular
1770924600,189.07,187.6,regular
1770928200,187.59,186.91,regular
1770930000,186.97,187.88,post
1770933600,187.94,187.93,post
1770937200,187.88,187.98,post
1770973200,187.04,187.64,pre
1770976800,187.7,188.04,pre
1770980400,188.08,186.5,pre
1770984000,186.41,187.11,pre
1770987600,187.1,186.7,pre
1770991200,186.25,187.51,pre
1770993000,187.465,184.08,regular
1770996600,184.06,183.595,regular
1771000200,183.59,184.55,regular
1771003800,184.56,184.22,regular
1771007400,184.24,183.69,regular
1771011000,183.72,182.3059,regular
1771014600,182.295,182.785,regular
1771016400,182.77,183.1,post
1771020000,183.05,183.0,post
1771023600,183.0,182.9,post
1771318800,181.86,181.71,pre
1771322400,181.73,181.6,pre
1771326000,181.66,180.97,pre
1771329600,181.0,181.14,pre
1771333200,181.14,181.14,pre
1771336800,181.1,181.77,pre
1771338600,181.72,180.41,regular
1771342200,180.4,183.58,regular
1771345800,183.57,184.705,regular
1771349400,184.745,185.35,regular
1771353000,185.36,186.417,regular
1771356600,186.43,185.425,regular
1771360200,185.38,184.98,regular
1771362000,185.01,186.8,post
1771365600,186.8,186.6999,post
1771369200,186.68,185.6,post
1771405200,187.82,188.02,pre
1771408800,188.11,188.46,pre
1771412400,188.46,188.1,pre
1771416000,188.12,188.72,pre
1771419600,188.71,189.0008,pre
1771423200,189.02,188.76,pre
1771425000,188.75,189.7757,regular
1771428600,189.77,189.775,regular
1771432200,189.77,189.1399,regular
1771435800,189.1399,188.94,regular
1771439400,188.94,188.5642,regular
1771443000,188.555,186.97,regular
1771446600,186.96,187.89,regular
1771448400,187.87,187.808,post
1771452000,187.75,188.305,post
1771455600,188.25,188.0706,post
1771491600,188.46,188.05,pre
1771495200,188.01,187.21,pre
1771498800,187.15,187.33,pre
1771502400,187.35,187.49,pre
1771506000,187.44,187.1745,pre
1771509600,187.18,187.06,pre
1771511400,187.03,187.6191,regular
1771515000,187.61,187.31,regular
1771518600,187.33,186.63,regular
1771522200,186.62,186.1994,regular
1771525800,186.18,186.53,regular
1771529400,186.5215,186.7951,regular
1771533000,186.79,187.89,regular
1771534800,187.88,187.37,post
1771538400,187.37,187.2475,post
1771542000,187.2,187.39,post
1771578000,187.9,188.7,pre
1771581600,188.69,188.5,pre
1771585200,188.54,188.02,pre
1771588800,188.02,186.92,pre
1771592400,186.93,187.4127,pre
1771596000,187.45,186.5201,pre
1771597800,186.52,187.815,regular
1771601400,187.84,188.795,regular
1771605000,188.795,187.94,regular
1771608600,187.935,188.68,regular
1771612200,188.7,189.365,regular
1771615800,189.36,189.42,regular
1771619400,189.43,189.83,regular
1771621200,189.82,189.52,post
1771624800,189.5207,189.96,post
1771628400,189.9631,189.85,post
1771837200,189.03,190.28,pre
1771840800,190.26,189.92,pre
1771844400,189.92,189.93,pre
1771848000,189.93,189.46,pre
1771851600,189.48,190.605,pre
1771855200,190.61,191.39,pre
1771857000,191.445,191.32,regular
1771860600,191.33,190.4966,regular
1771864200,190.49,190.95,regular
1771867800,190.94,191.46,regular
1771871400,191.4559,190.58,regular
1771875000,190.57,190.89,regular
1771878600,190.89,191.61,regular
1771880400,191.66,191.74,post
1771884000,191.73,191.67,post
1771887600,191.67,191.661,post
1771923600,192.42,192.72,pre
1771927200,192.72,192.39,pre
1771930800,192.4,192.33,pre
1771934400,192.31,190.23,pre
1771938000,190.23,190.31,pre
1771941600,190.2993,191.5,pre
1771943400,191.485,192.01,regular
1771947000,192.0,192.15,regular
1771950600,192.1501,193.235,regular
1771954200,193.2399,192.9401,regular
1771957800,192.945,192.43,regular
1771961400,192.435,192.785,regular
1771965000,192.79,192.87,regular
1771966800,192.855,192.62,post
1771970400,192.6,192.631,post
1771974000,192.64,192.801,post
1772010000,193.55,193.67,pre
1772013600,193.69,193.93,pre
1772017200,193.88,194.31,pre
1772020800,194.28,194.27,pre
1772024400,194.28,194.55,pre
1772028000,194.56,194.47,pre
1772029800,194.47,196.0451,regular
1772033400,196.0401,196.34,regular
1772037000,196.33,197.36,regular
1772040600,197.3501,196.7299,regular
1772044200,196.725,197.0999,regular
1772047800,197.089,196.895,regular
1772051400,196.89,195.88,regular
1772053200,195.83,201.07,post
1772056800,201.1,197.4,post
1772060400,197.48,196.0489,post
1772096400,197.45,198.64,pre
1772100000,198.62,197.74,pre
1772103600,197.74,197.18,pre
1772107200,197.09,198.38,pre
1772110800,198.38,197.38,pre
1772114400,197.4,194.27,pre
1772116200,194.21,186.095,regular
1772119800,186.1,187.825,regular
1772123400,187.78,187.575,regular
1772127000,187.57,185.355,regular
1772130600,185.345,185.2999,regular
1772134200,185.295,184.6899,regular
1772137800,184.68,184.9,regular
1772139600,184.89,185.2982,post
1772143200,185.3,185.18,post
1772146800,185.17,185.16,post
1772182800,186.35,186.43,pre
1772186400,186.42,185.85,pre
1772190000,185.85,185.45,pre
1772193600,185.44,184.6,pre
1772197200,184.6,182.51,pre
1772200800,182.51,181.21,pre
1772202600,181.22,181.835,regular
1772206200,181.84,181.02,regular
1772209800,181.03,179.915,regular
1772213400,179.925,178.97,regular
1772217000,178.9789,178.665,regular
1772220600,178.67,178.9,regular
1772224200,178.89,177.16,regular
1772226000,177.14,177.48,post
1772229600,177.48,177.97,post
1772233200,177.9899,178.04,post
1772442000,174.96,175.09,pre
1772445600,175.1,174.45,pre
1772449200,174.44,174.87,pre
1772452800,174.88,174.499,pre
1772456400,174.47,175.18,pre
1772460000,175.18,175.0,pre
1772461800,174.8,180.5,regular
1772465400,180.49,180.92,regular
1772469000,180.935,183.06,regular
1772472600,183.055,182.4451,regular
1772476200,182.45,182.645,regular
1772479800,182.645,182.15,regular
1772483400,182.17,182.36,regular
1772485200,182.36,182.02,post
1772488800,182.01,182.12,post
1772492400,182.12,181.8769,post
1772528400,177.05,176.92,pre
1772532000,176.95,176.6,pre
1772535600,176.6,177.15,pre
1772539200,177.2,178.41,pre
1772542800,178.4,178.07,pre
1772546400,178.05,178.65,pre
1772548200,178.4775,177.77,regular
1772551800,177.76,179.315,regular
1772555400,179.315,180.105,regular
1772559000,180.1,180.15,regular
1772562600,180.17,179.55,regular
1772566200,179.56,180.205,regular
1772569800,180.2,179.99,regular
1772571600,180.05,179.535,post
1772575200,179.54,179.6298,post
1772578800,179.625,179.4018,post
1772614800,179.64,180.35,pre
1772618400,180.35,182.32,pre
1772622000,182.45,182.66,pre
1772625600,182.66,180.82,pre
1772629200,180.82,182.089,pre
1772632800,182.13,180.41,pre
1772634600,180.37,183.47,regular
1772638200,183.48,182.4,regular
1772641800,182.4,182.485,regular
1772645400,182.49,183.0499,regular
1772649000,183.04,184.305,regular
1772652600,184.305,183.07,regular
1772656200,183.075,182.9,regular
1772658000,182.9,182.75,post
1772661600,182.74,183.23,post
1772665200,183.215,183.13,post
1772701200,182.2,182.79,pre
1772704800,182.71,182.87,pre
1772708400,182.95,182.83,pre
1772712000,182.81,182.45,pre
1772715600,182.45,182.06,pre
1772719200,182.0589,181.0645,pre
1772721000,181.17,181.695,regular
1772724600,181.7,182.78,regular
1772728200,182.8,181.07,regular
1772731800,181.07,178.8799,regular
1772735400,178.87,180.73,regular
1772739000,180.73,181.875,regular
1772742600,181.88,183.33,regular
1772744400,183.34,182.46,post
1772748000,182.499,182.37,post
1772751600,182.34,182.435,post
1772787600,182.77,181.92,pre
1772791200,181.9,182.05,pre
1772794800,181.9,181.53,pre
1772798400,181.54,180.89,pre
1772802000,180.9,181.27,pre
1772805600,181.3,179.7902,pre
1772807400,179.84,181.8201,regular
1772811000,181.82,181.71,regular
1772814600,181.7185,181.14,regular
1772818200,181.14,181.4601,regular
1772821800,181.45,180.53,regular
1772825400,180.52,177.13,regular
1772829000,177.14,177.73,regular
1772830800,177.82,177.87,post
1772834400,177.8698,178.035,post
1772838000,178.06,178.08,post
1773043200,175.7,175.5,pre
1773046800,175.5,176.82,pre
1773050400,176.84,176.45,pre
1773054000,176.42,176.18,pre
1773057600,176.24,176.5,pre
1773061200,176.48,176.84,pre
1773063000,176.83,178.11,regular
1773066600,178.09,179.185,regular
1773070200,179.16,180.49,regular
1773073800,180.49,179.39,regular
1773077400,179.4,179.91,regular
1773081000,179.9,182.0261,regular
1773084600,182.03,182.68,regular
1773086400,182.65,181.98,post
1773090000,181.98,181.81,post
1773093600,181.83,181.47,post
1773097200,181.44,181.36,post
1773129600,182.34,183.45,pre
1773133200,183.41,183.4,pre
1773136800,183.4,182.94,pre
1773140400,182.93,182.84,pre
1773144000,182.85,181.66,pre
1773147600,181.64,182.44,pre
1773149400,182.4,184.045,regular
1773153000,184.04,185.95,regular
1773156600,185.97,185.3077,regular
1773160200,185.32,186.135,regular
1773163800,186.13,184.8899,regular
1773167400,184.89,184.4,regular
1773171000,184.4,184.76,regular
1773172800,184.76,184.91,post
1773176400,184.92,184.765,post
1773180000,184.74,184.58,post
1773183600,184.57,184.7603,post
1773216000,185.22,185.46,pre
1773219600,185.39,184.77,pre
1773223200,184.78,185.06,pre
1773226800,185.06,185.24,pre
1773230400,185.21,185.36,pre
1773234000,185.37,185.91,pre
1773235800,185.92,186.91,regular
1773239400,186.8901,185.075,regular
1773243000,185.0761,185.555,regular
1773246600,185.55,185.61,regular
1773250200,185.62,185.154,regular
1773253800,185.16,185.36,regular
1773257400,185.3699,186.01,regular
1773259200,186.01,185.5,post
1773262800,185.55,185.655,post
1773266400,185.65,184.91,post
1773270000,185.0,184.42,post
1773302400,184.88,184.88,pre
1773306000,184.86,184.95,pre
1773309600,184.99,185.02,pre
1773313200,185.06,185.25,pre
1773316800,185.24,184.735,pre
1773320400,184.74,184.0,pre
1773322200,184.05,182.085,regular
1773325800,182.085,182.88,regular
1773329400,182.87,184.26,regular
1773333000,184.26,183.76,regular
1773336600,183.77,183.555,regular
1773340200,183.54,183.44,regular
1773343800,183.435,183.01,regular
1773345600,183.07,183.25,post
1773349200,183.21,183.0,post
1773352800,183.06,183.18,post
1773356400,183.18,182.9087,post
1773388800,182.74,182.29,pre
1773392400,182.29,183.23,pre
1773396000,183.25,183.74,pre
1773399600,183.69,184.6,pre
1773403200,184.6,184.7,pre
1773406800,184.7,184.93,pre
1773408600,184.91,183.9221,regular
1773412200,183.925,181.8834,regular
1773415800,181.89,181.14,regular
1773419400,181.135,181.54,regular
1773423000,181.54,180.545,regular
1773426600,180.54,180.7,regular
1773430200,180.71,180.265,regular
1773432000,180.25,180.045,post
1773435600,180.03,180.2495,post
1773439200,180.26,180.36,post
1773442800,180.36,180.1982,post
1773648000,181.92,181.92,pre
1773651600,181.92,182.0,pre
1773655200,181.99,182.42,pre
1773658800,182.44,182.18,pre
1773662400,182.23,183.0877,pre
1773666000,183.11,182.96,pre
1773667800,182.97,184.07,regular
1773671400,184.07,184.7278,regular
1773675000,184.72,183.895,regular
1773678600,183.905,184.7601,regular
1773682200,184.77,184.935,regular
1773685800,184.9399,181.8338,regular
1773689400,181.85,183.13,regular
1773691200,183.22,182.5886,post
1773694800,182.589,182.65,post
1773698400,182.7,182.6501,post
1773702000,182.6448,182.7846,post
1773734400,183.21,183.22,pre
1773738000,183.25,183.78,pre
1773741600,183.74,183.75,pre
1773745200,183.74,183.53,pre
1773748800,183.54,183.6913,pre
1773752400,183.7,185.07,pre
1773754200,185.05,183.09,regular
1773757800,183.08,182.435,regular
1773761400,182.435,182.6983,regular
1773765000,182.7,182.41,regular
1773768600,182.41,183.04,regular
1773772200,183.03,182.6401,regular
1773775800,182.6301,181.96,regular
1773777600,181.97,182.04,post
1773781200,182.05,181.99,post
1773784800,181.99,182.3602,post
1773788400,182.3602,182.345,post
1773820800,183.25,183.49,pre
1773824400,183.45,183.68,pre
1773828000,183.7,183.9,pre
1773831600,183.9,183.13,pre
1773835200,183.14,182.6222,pre
1773838800,182.55,182.57,pre
1773840600,182.49,182.2795,regular
1773844200,182.2806,182.54,regular
1773847800,182.54,182.74,regular
1773851400,182.74,182.07,regular
1773855000,182.07,182.315,regular
1773858600,182.31,181.245,regular
1773862200,181.23,180.35,regular
1773864000,180.39,180.23,post
1773867600,180.24,180.32,post
1773871200,180.31,180.1699,post
1773874800,180.19,180.24,post
1773907200,179.88,179.88,pre
1773910800,179.87,179.12,pre
1773914400,179.17,180.03,pre
1773918000,180.02,179.66,pre
1773921600,179.68,178.53,pre
1773925200,178.55,178.01,pre
1773927000,178.01,177.59,regular
1773930600,177.59,178.2322,regular
1773934200,178.24,178.785,regular
1773937800,178.79,178.545,regular
1773941400,178.54,178.9699,regular
1773945000,178.98,179.135,regular
1773948600,179.13,178.5,regular
1773950400,178.51,179.0693,post
1773954000,179.0695,179.0899,post
1773957600,179.089,179.375,post
1773961200,179.38,179.1692,post
1773993600,178.66,178.61,pre
1773997200,178.55,178.22,pre
1774000800,178.2,177.47,pre
1774004400,177.44,177.73,pre
1774008000,177.73,178.36,pre
1774011600,178.3623,178.01,pre
1774013400,178.0,175.735,regular
1774017000,175.75,175.695,regular
1774020600,175.7,175.9885,regular
1774024200,175.985,175.07,regular
1774027800,175.065,174.2601,regular
1774031400,174.265,172.43,regular
1774035000,172.425,173.0,regular
1774036800,173.0,174.1499,post
1774040400,174.08,175.08,post
1774044000,175.0882,175.1693,post
1774047600,175.1792,174.9,post
1774252800,170.29,171.45,pre
1774256400,171.43,171.37,pre
1774260000,171.38,170.75,pre
1774263600,170.74,176.72,pre
1774267200,176.68,176.4499,pre
1774270800,176.43,177.37,pre
1774272600,177.25,177.875,regular
1774276200,177.865,177.58,regular
1774279800,177.59,174.81,regular
1774283400,174.815,175.295,regular
1774287000,175.28,176.105,regular
1774290600,176.1,176.23,regular
1774294200,176.225,175.51,regular
1774296000,175.51,175.5519,post
1774299600,175.5519,175.76,post
1774303200,175.75,176.1848,post
1774306800,176.15,176.0,post
1774339200,176.46,175.91,pre
1774342800,175.83,175.45,pre
1774346400,175.48,175.75,pre
1774350000,175.74,175.89,pre
1774353600,175.88,175.495,pre
1774357200,175.49,174.76,pre
1774359000,174.762,174.25,regular
1774362600,174.255,175.615,regular
1774366200,175.61,175.325,regular
1774369800,175.33,174.7073,regular
1774373400,174.7,175.425,regular
1774377000,175.43,175.515,regular
1774380600,175.5178,175.31,regular
1774382400,175.32,177.15,post
1774386000,177.15,176.9,post
1774389600,176.93,176.96,post
1774393200,176.9599,176.95,post
1774425600,177.01,177.8,pre
1774429200,177.8,177.48,pre
1774432800,177.49,177.64,pre
1774436400,177.64,177.96,pre
1774440000,177.99,177.67,pre
1774443600,177.74,177.05,pre
1774445400,177.1,180.06,regular
1774449000,180.05,180.0,regular
1774452600,179.995,179.12,regular
1774456200,179.11,178.93,regular
1774459800,178.94,179.02,regular
1774463400,179.02,178.6,regular
1774467000,178.595,178.67,regular
1774468800,178.71,178.46,post
1774472400,178.44,178.38,post
1774476000,178.39,178.12,post
1774479600,178.15,178.04,post
1774512000,177.6,176.97,pre
1774515600,176.97,176.74,pre
1774519200,176.74,177.0,pre
1774522800,176.95,176.64,pre
1774526400,176.64,176.36,pre
1774530000,176.36,176.16,pre
1774531800,176.17,174.82,regular
1774535400,174.815,174.0701,regular
1774539000,174.065,173.775,regular
1774542600,173.775,173.5401,regular
1774546200,173.54,172.095,regular
1774549800,172.095,172.125,regular
1774553400,172.1232,171.23,regular
1774555200,171.25,172.13,post
1774558800,172.13,172.19,post
1774562400,172.19,172.23,post
1774566000,172.205,172.28,post
1774598400,172.5,171.99,pre
1774602000,172.0,171.98,pre
1774605600,171.99,171.67,pre
1774609200,171.65,171.34,pre
1774612800,171.33,171.72,pre
1774616400,171.72,169.98,pre
1774618200,169.99,167.85,regular
1774621800,167.83,169.5699,regular
1774625400,169.56,168.82,regular
1774629000,168.81,167.84,regular
1774632600,167.84,168.0,regular
1774636200,168.005,167.43,regular
1774639800,167.44,167.46,regular
1774641600,167.46,167.5,post
1774645200,167.465,167.31,post
1774648800,167.3,167.03,post
1774652400,167.06,166.59,post
1774857600,167.77,168.3431,pre
1774861200,168.4,169.3464,pre
1774864800,169.34,168.578,pre
1774868400,168.5758,169.22,pre
1774872000,169.23,169.05,pre
1774875600,169.09,168.76,pre
1774877400,168.735,166.91,regular
1774881000,166.905,167.005,regular
1774884600,167.0,166.475,regular
1774888200,166.48,165.875,regular
1774891800,165.87,165.695,regular
1774895400,165.7,164.4631,regular
1774899000,164.465,165.06,regular
1774900800,165.06,165.15,post
1774904400,165.15,164.83,post
1774908000,164.87,164.55,post
1774911600,164.55,163.5187,post
1774944000,166.32,166.74,pre
1774947600,166.74,166.88,pre
1774951200,166.8,166.6502,pre
1774954800,166.6463,167.0763,pre
1774958400,167.08,167.75,pre
1774962000,167.72,167.02,pre
1774963800,166.97,170.98,regular
1774967400,170.98,170.305,regular
1774971000,170.3,171.05,regular
1774974600,171.05,173.275,regular
1774978200,173.28,173.265,regular
1774981800,173.26,173.935,regular
1774985400,173.93,174.38,regular
1774987200,174.37,174.24,post
1774990800,174.27,173.93,post
1774994400,173.87,174.26,post
1774998000,174.29,174.97,post
1775030400,175.77,175.72,pre
1775034000,175.72,175.1517,pre
1775037600,175.19,175.64,pre
1775041200,175.6,176.84,pre
1775044800,176.81,176.3526,pre
1775048400,176.35,176.0,pre
1775050200,176.0,176.2,regular
1775053800,176.19,176.485,regular
1775057400,176.48,177.1,regular
1775061000,177.1,176.665,regular
1775064600,176.665,175.08,regular
1775068200,175.08,176.01,regular
1775071800,176.005,175.8,regular
1775073600,175.81,175.78,post
1775077200,175.72,175.8565,post
1775080800,175.83,176.13,post
1775084400,176.2,176.0799,post
1775116800,172.14,171.71,pre
1775120400,171.7,171.8,pre
1775124000,171.84,171.2587,pre
1775127600,171.25,170.6956,pre
1775131200,170.7,170.8305,pre
1775134800,170.7884,172.18,pre
1775136600,172.18,174.045,regular
1775140200,174.03,176.68,regular
1775143800,176.7,176.125,regular
1775147400,176.12,176.775,regular
1775151000,176.79,176.54,regular
1775154600,176.55,176.905,regular
1775158200,176.9,177.4,regular
1775160000,177.39,177.0488,post
1775163600,177.0,176.905,post
1775167200,176.92,176.73,post
1775170800,176.71,176.6707,post
1775462400,177.9488,178.64,pre
1775466000,178.65,178.9569,pre
1775469600,178.95,178.3525,pre
1775473200,178.31,177.82,pre
1775476800,177.82,177.955,pre
1775480400,177.97,177.1335,pre
1775482200,177.155,176.78,regular
1775485800,176.78,176.4861,regular
1775489400,176.49,177.155,regular
1775493000,177.1501,176.935,regular
1775496600,176.932,176.985,regular
1775500200,176.975,177.2201,regular
1775503800,177.22,177.64,regular
1775505600,177.64,177.4805,post
1775509200,177.49,177.25,post
1775512800,177.24,176.8305,post
1775516400,176.8297,176.75,post
1775548800,176.5025,177.16,pre
1775552400,177.15,176.8812,pre
1775556000,176.8412,176.5817,pre
1775559600,176.56,175.5978,pre
1775563200,175.61,175.5,pre
1775566800,175.45,175.63,pre
1775568600,175.75,175.08,regular
1775572200,175.09,175.0101,regular
1775575800,175.02,175.41,regular
1775579400,175.4,175.39,regular
1775583000,175.39,175.6996,regular
1775586600,175.695,176.29,regular
1775590200,176.275,178.095,regular
1775592000,178.1,178.317,post
1775595600,178.26,178.6,post
1775599200,178.7,182.4101,post
1775602800,182.4103,183.2601,post
1775635200,183.5,184.47,pre
1775638800,184.48,184.76,pre
1775642400,184.76,185.03,pre
1775646000,185.01,184.47,pre
1775649600,184.44,184.4521,pre
1775653200,184.4587,184.47,pre
1775655000,184.45,181.8,regular
1775658600,181.7951,181.3,regular
1775662200,181.3,181.45,regular
1775665800,181.45,181.445,regular
1775669400,181.445,181.7003,regular
1775673000,181.7076,181.705,regular
1775676600,181.7,182.1,regular
1775678400,182.11,181.74,post
1775682000,181.74,181.53,post
1775685600,181.549,181.13,post
1775689200,181.09,180.9401,post
1775721600,182.0,180.33,pre
1775725200,180.33,180.69,pre
1775728800,180.73,180.6807,pre
1775732400,180.7053,180.79,pre
1775736000,180.7797,181.05,pre
1775739600,181.09,181.8,pre
1775741400,181.84,181.625,regular
1775745000,181.61,182.835,regular
1775748600,182.83,183.535,regular
1775752200,183.53,183.46,regular
1775755800,183.455,183.1,regular
1775759400,183.08,183.645,regular
1775763000,183.65,183.85,regular
1775764800,183.91,183.68,post
1775768400,183.67,183.52,post
1775772000,183.525,183.19,post
1775775600,183.2,183.02,post
1775808000,183.19,183.05,pre
1775811600,183.0537,182.9877,pre
1775815200,182.99,183.166,pre
1775818800,183.06,183.34,pre
1775822400,183.33,183.73,pre
1775826000,183.74,184.3,pre
1775827800,184.42,187.825,regular
1775831400,187.835,189.48,regular
1775835000,189.485,188.4547,regular
1775838600,188.45,188.1471,regular
1775842200,188.14,188.585,regular
1775845800,188.58,189.39,regular
1775849400,189.385,188.64,regular
1775851200,188.73,188.7305,post
1775854800,188.75,188.4,post
1775858400,188.4,188.1809,post
1775862000,188.18,188.4199,post
1776067200,186.19,186.02,pre
1776070800,186.0253,186.54,pre
1776074400,186.54,186.2658,pre
1776078000,186.25,186.2052,pre
1776081600,186.29,185.749,pre
1776085200,185.73,186.0,pre
1776087000,186.02,188.4199,regular
1776090600,188.41,188.6108,regular
1776094200,188.62,188.4451,regular
1776097800,188.44,188.205,regular
1776101400,188.21,188.0199,regular
1776105000,188.01,188.705,regular
1776108600,188.7,189.21,regular
1776110400,189.2,188.9773,post
1776114000,189.0,188.99,post
1776117600,189.03,189.25,post
1776121200,189.25,189.0065,post
1776153600,189.59,189.8985,pre
1776157200,189.9,189.8716,pre
1776160800,189.87,189.7025,pre
1776164400,189.7,190.56,pre
1776168000,190.5695,190.6868,pre
1776171600,190.6883,190.9108,pre
1776173400,190.83,192.86,regular
1776177000,192.87,193.445,regular
1776180600,193.445,194.7999,regular
1776184200,194.8059,194.725,regular
1776187800,194.73,194.58,regular
1776191400,194.575,196.2099,regular
1776195000,196.2,196.49,regular
1776196800,196.49,196.35,post
1776200400,196.37,195.82,post
1776204000,195.81,195.845,post
1776207600,195.84,196.19,post
1776240000,195.87,196.1,pre
1776243600,196.15,195.54,pre
1776247200,195.49,194.9706,pre
1776250800,195.0021,196.075,pre
1776254400,196.07,195.46,pre
1776258000,195.48,196.51,pre
1776259800,196.55,199.24,regular
1776263400,199.2599,199.81,regular
1776267000,199.795,199.125,regular
1776270600,199.1202,196.97,regular
1776274200,196.955,196.9699,regular
1776277800,196.96,198.2399,regular
1776281400,198.24,198.8678,regular
1776283200,198.85,198.3124,post
1776286800,198.325,198.19,post
1776290400,198.15,198.41,post
1776294000,198.4115,198.49,post
1776326400,199.51,199.53,pre
1776330000,199.52,199.625,pre
1776333600,199.59,198.89,pre
1776337200,198.87,198.01,pre
1776340800,198.03,197.765,pre
1776344400,197.7541,197.46,pre
1776346200,197.43,197.37,regular
1776349800,197.37,199.01,regular
1776353400,199.02,198.62,regular
1776357000,198.615,198.415,regular
1776360600,198.4174,197.495,regular
1776364200,197.49,198.12,regular
1776367800,198.12,198.24,regular
1776369600,198.25,197.9687,post
1776373200,197.97,197.665,post
1776376800,197.67,197.8901,post
1776380400,197.8903,197.8997,post
1776412800,198.0665,198.37,pre
1776416400,198.36,198.56,pre
1776420000,198.56,198.74,pre
1776423600,198.7,198.765,pre
1776427200,198.76,199.4,pre
1776430800,199.4,199.835,pre
1776432600,199.88,200.375,regular
1776436200,200.375,200.64,regular
1776439800,200.635,200.69,regular
1776443400,200.7,199.88,regular
1776447000,199.87,200.65,regular
1776450600,200.66,201.26,regular
1776454200,201.28,201.65,regular
1776456000,201.63,201.4,post
1776459600,201.4,201.2515,post
1776463200,201.25,201.119,post
1776466800,201.105,201.0,post
1776675600,199.181,199.2188,pre
1776679200,199.2,199.4988,pre
1776682800,199.4645,199.56,pre
1776686400,199.53,199.78,pre
1776690000,199.77,199.92,pre
1776691800,199.98,199.13,regular
1776695400,199.115,199.27,regular
1776699000,199.26,199.185,regular
1776702600,199.2,199.5299,regular
1776706200,199.53,200.59,regular
1776709800,200.6,201.13,regular
1776713400,201.13,202.11,regular
1776715200,202.06,201.92,post
1776718800,201.915,201.66,post
1776722400,201.66,201.94,post
1776726000,201.93,201.725,post
1776758400,201.8,201.87,pre
1776762000,201.87,201.85,pre
1776765600,201.83,202.01,pre
1776769200,201.99,202.6,pre
1776772800,202.5921,202.9,pre
1776776400,202.9,202.21,pre
1776778200,202.13,201.89,regular
1776781800,201.89,201.05,regular
1776785400,201.06,199.895,regular
1776789000,199.89,199.32,regular
1776792600,199.3401,199.931,regular
1776796200,199.95,200.957,regular
1776799800,200.96,199.91,regular
1776801600,199.88,200.38,post
1776805200,200.425,200.35,post
1776808800,200.35,200.4095,post
1776812400,200.4074,200.7003,post
1776844800,201.357,201.0491,pre
1776848400,201.04,201.2407,pre
1776852000,201.2663,201.0,pre
1776855600,200.9988,201.08,pre
1776859200,201.0794,201.07,pre
1776862800,201.06,200.955,pre
1776864600,201.0,200.36,regular
1776868200,200.3501,201.6009,regular
1776871800,201.6,201.095,regular
1776875400,201.09,201.745,regular
1776879000,201.76,201.665,regular
1776882600,201.665,201.675,regular
1776886200,201.6699,202.42,regular
1776888000,202.4,202.2099,post
1776891600,202.2,202.45,post
1776895200,202.35,202.17,post
1776898800,202.2,202.2587,post
1776931200,201.7,201.17,pre
1776934800,201.17,200.784,pre
1776938400,200.75,200.9685,pre
1776942000,200.94,201.53,pre
1776945600,201.57,202.25,pre
1776949200,202.26,202.35,pre
1776951000,202.4,201.7601,regular
1776954600,201.7888,202.5085,regular
1776958200,202.505,201.1063,regular
1776961800,201.105,199.435,regular
1776965400,199.45,199.14,regular
1776969000,199.14,199.11,regular
1776972600,199.12,199.71,regular
1776974400,199.71,198.89,post
1776978000,198.825,198.83,post
1776981600,198.81,199.16,post
1776985200,199.175,199.5,post
1777017600,199.9975,200.0017,pre
1777021200,200.01,199.44,pre
1777024800,199.44,199.86,pre
1777028400,199.86,201.46,pre
1777032000,201.45,200.64,pre
1777035600,200.69,199.998,pre
1777037400,199.96,202.605,regular
1777041000,202.605,208.9159,regular
1777044600,208.9197,209.575,regular
1777048200,209.575,209.33,regular
1777051800,209.31,208.1927,regular
1777055400,208.185,208.518,regular
1777059000,208.51,208.19,regular
1777060800,208.17,208.07,post
1777064400,208.09,207.83,post
1777068000,207.8301,207.9492,post
1777071600,207.935,208.1205,post
1777276800,208.54,208.46,pre
1777280400,208.45,209.06,pre
1777284000,209.03,210.2465,pre
1777287600,210.25,211.67,pre
1777291200,211.67,210.6,pre
1777294800,210.6783,209.7,pre
1777296600,209.645,208.695,regular
1777300200,208.7,209.88,regular
1777303800,209.89,211.455,regular
1777307400,211.46,213.61,regular
1777311000,213.62,215.7,regular
1777314600,215.665,215.49,regular
1777318200,215.485,216.63,regular
1777320000,216.63,217.15,post
1777323600,217.14,217.3301,post
1777327200,217.33,217.9982,post
1777330800,217.96,218.74,post
1777363200,215.9497,215.55,pre
1777366800,215.48,214.02,pre
1777370400,214.0,213.15,pre
1777374000,213.19,211.61,pre
1777377600,211.61,209.0,pre
1777381200,208.99,209.51,pre
1777383000,209.505,212.375,regular
1777386600,212.37,209.1,regular
1777390200,209.1099,210.11,regular
1777393800,210.1,210.79,regular
1777397400,210.79,212.845,regular
1777401000,212.8499,214.065,regular
1777404600,214.06,213.15,regular
1777406400,213.16,212.53,post
1777410000,212.5595,212.3982,post
1777413600,212.365,212.335,post
1777417200,212.36,212.6195,post
1777449600,213.51,213.28,pre
1777453200,213.29,213.2,pre
1777456800,213.2,214.28,pre
1777460400,214.27,214.19,pre
1777464000,214.14,213.42,pre
1777467600,213.45,212.7,pre
1777469400,212.715,211.11,regular
1777473000,211.11,210.8,regular
1777476600,210.81,209.67,regular
1777480200,209.66,209.437,regular
1777483800,209.45,208.045,regular
1777487400,208.05,209.325,regular
1777491000,209.31,209.315,regular
1777492800,209.35,208.36,post
1777496400,208.33,208.94,post
1777500000,208.88,210.7999,post
1777503600,210.78,211.125,post
1777536000,209.95,210.23,pre
1777539600,210.24,210.48,pre
1777543200,210.55,210.8012,pre
1777546800,210.84,211.04,pre
1777550400,211.035,210.9322,pre
1777554000,210.97,210.0,pre
1777555800,209.939,200.615,regular
1777559400,200.61,201.321,regular
1777563000,201.3,200.14,regular
1777566600,200.145,200.48,regular
1777570200,200.48,200.775,regular
1777573800,200.77,200.82,regular
1777577400,200.81,199.53,regular
1777579200,199.531,200.16,post
1777582800,200.13,200.2,post
1777586400,200.21,200.2,post
1777590000,200.155,200.0097,post
1777622400,200.6,200.29,pre
1777626000,200.3,200.33,pre
1777629600,200.31,200.302,pre
1777633200,200.31,200.38,pre
1777636800,200.3499,201.03,pre
1777640400,201.0293,201.37,pre
1777642200,201.28,199.3,regular
1777645800,199.305,198.93,regular
1777649400,198.93,198.655,regular
1777653000,198.6424,199.85,regular
1777656600,199.85,199.1301,regular
1777660200,199.13,199.715,regular
1777663800,199.72,198.42,regular
1777665600,198.39,198.26,post
1777669200,198.35,198.28,post
1777672800,198.28,198.1395,post
1777676400,198.14,198.13,post
1777881600,199.75,199.4352,pre
1777885200,199.44,199.6385,pre
1777888800,199.62,197.45,pre
1777892400,197.46,198.3504,pre
1777896000,198.35,199.16,pre
1777899600,199.16,199.58,pre
1777901400,199.54,197.375,regular
1777905000,197.38,195.756,regular
1777908600,195.8,196.22,regular
1777912200,196.2298,197.3,regular
1777915800,197.29,198.23,regular
1777919400,198.24,198.64,regular
1777923000,198.63,198.56,regular
1777924800,198.56,197.82,post
1777928400,197.81,198.05,post
1777932000,198.0,197.77,post
1777935600,197.79,197.67,post
1777968000,198.84,198.78,pre
1777971600,198.7785,198.76,pre
1777975200,198.77,199.11,pre
1777978800,199.08,198.43,pre
1777982400,198.469,199.02,pre
1777986000,199.0425,199.3,pre
1777987800,199.3,198.525,regular
1777991400,198.5201,197.0302,regular
1777995000,197.035,197.975,regular
1777998600,197.9699,197.785,regular
1778002200,197.785,197.5,regular
1778005800,197.5,196.31,regular
1778009400,196.305,196.5,regular
1778011200,196.47,196.7848,post
1778014800,196.79,196.135,post
1778018400,196.135,196.76,post
1778022000,196.75,197.4204,post
1778054400,196.6,197.15,pre
1778058000,197.12,199.2185,pre
1778061600,199.2,201.08,pre
1778065200,201.03,201.19,pre
1778068800,201.1935,200.4234,pre
1778072400,200.37,199.839,pre
1778074200,199.81,203.95,regular
1778077800,203.9694,206.35,regular
1778081400,206.38,205.2699,regular
1778085000,205.26,205.0699,regular
1778088600,205.07,207.02,regular
1778092200,207.0388,207.62,regular
1778095800,207.61,207.665,regular
1778097600,207.83,207.1,post
1778101200,207.04,205.84,post
1778104800,205.9,206.34,post
1778108400,206.32,207.2595,post
1778140800,209.0,208.96,pre
1778144400,209.0,208.81,pre
1778148000,208.79,208.6,pre
1778151600,208.65,207.91,pre
1778155200,207.99,207.1995,pre
1778158800,207.18,208.3352,pre
1778160600,208.315,213.13,regular
1778164200,213.13,211.956,regular
1778167800,211.985,213.575,regular
1778171400,213.57,212.0,regular
1778175000,211.95,212.7885,regular
1778178600,212.77,212.03,regular
1778182200,212.0307,211.51,regular
1778184000,211.5,211.8901,post
1778187600,211.895,209.8604,post
1778191200,209.92,210.29,post
1778194800,210.255,211.4335,post
1778227200,213.79,214.0299,pre
1778230800,214.01,214.15,pre
1778234400,214.15,213.63,pre
1778238000,213.64,213.45,pre
1778241600,213.47,213.3,pre
1778245200,213.26,212.987,pre
1778247000,213.03,215.29,regular
1778250600,215.3112,216.26,regular
1778254200,216.28,215.89,regular
1778257800,215.9,215.675,regular
1778261400,215.685,215.363,regular
1778265000,215.37,214.85,regular
1778268600,214.85,215.21,regular
1778270400,215.2,214.985,post
1778274000,214.9804,214.97,post
1778277600,214.98,215.03,post
1778281200,215.03,215.05,post
1778486400,214.91,213.8115,pre
1778490000,213.86,213.4997,pre
1778493600,213.48,213.4108,pre
1778497200,213.41,214.12,pre
1778500800,214.17,213.904,pre
1778504400,213.9,214.0535,pre
1778506200,213.93,217.97,regular
1778509800,217.985,221.985,regular
1778513400,221.985,221.9888,regular
1778517000,221.9811,220.765,regular
1778520600,220.72,221.4289,regular
1778524200,221.41,219.14,regular
1778527800,219.145,219.48,regular
1778529600,219.44,219.239,post
1778533200,219.239,219.3299,post
1778536800,219.32,219.62,post
1778540400,219.61,219.6996,post
1778572800,217.69,216.85,pre
1778576400,216.891,217.5029,pre
1778580000,217.51,217.79,pre
1778583600,217.82,217.5,pre
1778587200,217.57,217.525,pre
1778590800,217.6,218.545,pre
1778592600,218.545,218.92,regular
1778596200,218.895,215.46,regular
1778599800,215.42,217.505,regular
1778603400,217.5199,217.72,regular
1778607000,217.72,218.96,regular
1778610600,218.95,220.73,regular
1778614200,220.74,220.87,regular
1778616000,220.91,220.19,post
1778619600,220.19,219.95,post
1778623200,219.95,219.97,post
1778626800,220.0,219.4786,post
1778659200,224.7,226.1,pre
1778662800,226.09,226.03,pre
1778666400,226.02,226.39,pre
1778670000,226.38,225.3997,pre
1778673600,225.4,225.68,pre
1778677200,225.69,224.9,pre
1778679000,224.93,224.44,regular
1778682600,224.46,226.21,regular
1778686200,226.22,227.33,regular
1778689800,227.3,226.95,regular
1778693400,226.9301,226.96,regular
1778697000,226.96,226.7801,regular
1778700600,226.7851,225.87,regular
1778702400,225.89,226.525,post
1778706000,226.55,226.85,post
1778709600,226.86,227.345,post
1778713200,227.35,227.78,post
1778745600,231.6597,231.67,pre
1778749200,231.64,230.19,pre
1778752800,230.15,229.85,pre
1778756400,229.85,229.445,pre
1778760000,229.43,231.0868,pre
1778763600,231.06,229.98,pre
1778765400,229.73,233.03,regular
1778769000,233.035,235.04,regular
1778772600,235.07,234.7401,regular
1778776200,234.75,234.125,regular
1778779800,234.11,235.5007,regular
1778783400,235.515,235.63,regular
1778787000,235.61,235.745,regular
1778788800,235.8,235.3678,post
1778792400,235.42,235.965,post
1778796000,235.9591,236.4372,post
1778799600,236.43,237.8674,post
1778832000,233.18,230.15,pre
1778835600,230.16,229.58,pre
1778839200,229.62,229.21,pre
1778842800,229.29,231.1,pre
1778846400,231.07,229.4,pre
1778850000,229.32,229.8,pre
1778851800,229.75,226.605,regular
1778855400,226.66,227.765,regular
1778859000,227.79,228.3,regular
1778862600,228.3199,229.1601,regular
1778866200,229.16,229.8498,regular
1778869800,229.85,227.045,regular
1778873400,227.05,225.23,regular
1778875200,225.32,225.13,post
1778878800,225.0622,224.76,post
1778882400,224.75,224.67,post
1778886000,224.665,224.411,post
1779091200,225.24,227.06,pre
1779094800,227.1088,227.86,pre
1779098400,227.92,226.9,pre
1779102000,226.9153,226.6999,pre
1779105600,226.65,228.19,pre
1779109200,228.2074,229.84,pre
1779111000,229.82,222.825,regular
1779114600,222.81,221.68,regular
1779118200,221.695,220.41,regular
1779121800,220.42,221.48,regular
1779125400,221.47,219.92,regular
1779129000,219.93,220.185,regular
1779132600,220.1901,222.35,regular
1779134400,222.32,222.34,post
1779138000,222.36,223.0499,post
1779141600,223.09,223.37,post
1779145200,223.3715,222.75,post
1779177600,220.41,220.75,pre
1779181200,220.8,220.13,pre
1779184800,220.13,220.6997,pre
1779188400,220.7197,220.6,pre
1779192000,220.6,219.89,pre
1779195600,219.8507,219.61,pre
1779197400,219.695,218.575,regular
1779201000,218.6,220.515,regular
1779204600,220.49,221.905,regular
1779208200,221.86,223.345,regular
1779211800,223.3101,222.65,regular
1779215400,222.64,221.896,regular
1779219000,221.92,220.63,regular
1779220800,220.61,220.81,post
1779224400,220.905,221.7752,post
1779228000,221.8,221.515,post
1779231600,221.515,221.54,post
1779264000,222.77,223.7,pre
1779267600,223.74,223.84,pre
1779271200,223.783,224.42,pre
1779274800,224.45,224.185,pre
1779278400,224.22,224.3487,pre
1779282000,224.35,223.2,pre
1779283800,223.1,224.3399,regular
1779287400,224.35,225.245,regular
1779291000,225.25,224.2601,regular
1779294600,224.28,224.92,regular
1779298200,224.92,224.27,regular
1779301800,224.265,222.88,regular
1779305400,222.8892,223.435,regular
1779307200,223.41,222.42,post
1779310800,222.49,220.7448,post
1779314400,220.75,221.2502,post
1779318000,221.3,220.66,post
1779350400,221.38,223.8,pre
1779354000,223.79,223.94,pre
1779357600,223.98,224.0057,pre
1779361200,224.05,224.35,pre
1779364800,224.38,222.83,pre
1779368400,222.87,222.31,pre
1779370200,222.2,218.97,regular
1779373800,218.93,218.855,regular
1779377400,218.865,219.535,regular
1779381000,219.54,221.1199,regular
1779384600,221.11,220.26,regular
1779388200,220.25,220.33,regular
1779391800,220.32,219.5,regular
1779393600,219.51,219.515,post
1779397200,219.52,219.4969,post
1779400800,219.49,219.75,post
1779404400,219.75,220.1202,post
1779436800,220.74,221.6,pre
1779440400,221.5783,220.07,pre
1779444000,220.09,219.5,pre
1779447600,219.5229,219.98,pre
1779451200,219.97,220.495,pre
1779454800,220.5,220.96,pre
1779456600,220.904,216.33,regular
1779460200,216.337,218.155,regular
1779463800,218.15,217.1,regular
1779467400,217.11,218.24,regular
1779471000,218.2402,216.045,regular
1779474600,216.04,215.335,regular
1779478200,215.325,215.25,regular
1779480000,215.24,215.01,post
1779483600,215.01,215.0499,post
1779487200,215.05,214.64,post
1779490800,214.65,214.2974,post
1779782400,217.14,217.12,pre
1779786000,217.14,217.07,pre
1779789600,217.08,218.39,pre
1779793200,218.38,217.9355,pre
1779796800,217.93,218.1,pre
1779800400,218.1143,216.57,pre
1779802200,216.5775,217.5701,regular
1779805800,217.6,214.43,regular
1779809400,214.44,213.1,regular
1779813000,213.12,213.643,regular
1779816600,213.64,213.885,regular
1779820200,213.885,213.608,regular
1779823800,213.605,214.83,regular
1779825600,214.855,214.4,post
1779829200,214.4,214.3943,post
1779832800,214.37,213.98,post
1779836400,213.9991,213.9508,post
1779868800,213.77,214.3721,pre
1779872400,214.37,214.7155,pre
1779876000,214.77,215.86,pre
1779879600,215.88,216.13,pre
1779883200,216.13,215.8695,pre
1779886800,215.86,214.1379,pre
1779888600,214.12,209.92,regular
1779892200,209.93,209.79,regular
1779895800,209.8,210.6899,regular
1779899400,210.68,211.97,regular
1779903000,211.97,213.2,regular
1779906600,213.18,212.44,regular
1779910200,212.45,212.58,regular
1779912000,212.67,212.39,post
1779915600,212.4,212.235,post
1779919200,212.25,212.08,post
1779922800,212.08,211.7401,post
1779955200,211.57,211.2975,pre
1779958800,211.3,211.27,pre
1779962400,211.27,210.89,pre
1779966000,210.82,210.3,pre
1779969600,210.33,210.6505,pre
1779973200,210.65,211.34,pre
1779975000,211.275,212.4513,regular
1779978600,212.47,212.67,regular
1779982200,212.68,212.995,regular
1779985800,212.9975,213.23,regular
1779989400,213.246,214.38,regular
1779993000,214.3646,214.1,regular
1779996600,214.12,214.3,regular
1779998400,214.25,213.96,post
1780002000,213.94,214.155,post
1780005600,214.12,214.1007,post
1780009200,214.1004,214.15,post
1780041600,215.25,214.9379,pre
1780045200,214.92,214.88,pre
1780048800,214.88,214.8,pre
1780052400,214.8,215.25,pre
1780056000,215.27,215.1502,pre
1780059600,215.155,214.61,pre
1780061400,214.45,215.92,regular
1780065000,215.915,215.39,regular
1780068600,215.42,215.9899,regular
1780072200,215.99,216.28,regular
1780075800,216.29,216.97,regular
1780079400,217.0,216.99,regular
1780083000,216.995,211.15,regular
1780084800,211.1375,212.497,post
1780088400,212.47,212.5,post
1780092000,212.5,212.98,post
1780095600,212.99,212.49,post
1780300800,215.77,214.82,pre
1780304400,214.8,214.9576,pre
1780308000,214.9985,215.19,pre
1780311600,215.19,216.0,pre
1780315200,215.9803,215.8394,pre
1780318800,215.84,215.7,pre
1780320600,215.78,221.37,regular
1780324200,221.34,219.4,regular
1780327800,219.39,221.95,regular
1780331400,221.94,221.96,regular
1780335000,221.96,224.616,regular
1780338600,224.61,224.0,regular
1780342200,223.9807,224.42,regular
1780344000,224.42,224.4001,post
1780347600,224.4012,224.91,post
1780351200,224.871,224.06,post
1780354800,224.06,223.92,post
1780387200,228.85,227.13,pre
1780390800,227.17,227.7688,pre
1780394400,227.7124,228.52,pre
1780398000,228.5103,228.2288,pre
1780401600,228.24,227.2431,pre
1780405200,227.24,227.2,pre
1780407000,227.19,228.5299,regular
1780410600,228.51,225.939,regular
1780414200,225.9499,224.85,regular
1780417800,224.83,224.1601,regular
1780421400,224.1617,222.98,regular
1780425000,222.97,222.63,regular
1780428600,222.62,222.82,regular
1780430400,222.82,222.88,post
1780434000,222.88,222.45,post
1780437600,222.425,221.7,post
1780441200,221.7,221.8,post
1780473600,222.5433,222.3,pre
1780477200,222.3134,221.5,pre
1780480800,221.46,221.3038,pre
1780484400,221.3,223.08,pre
1780488000,223.0504,223.3,pre
1780491600,223.2826,221.73,pre
1780493400,221.685,216.17,regular
1780497000,216.17,216.28,regular
1780500600,216.27,215.64,regular
1780504200,215.63,215.765,regular
1780507800,215.775,215.995,regular
1780511400,215.995,215.29,regular
1780515000,215.28,214.835,regular
1780516800,214.75,214.9991,post
1780520400,214.954,214.365,post
1780524000,214.43,213.625,post
1780527600,213.62,214.26,post
1780560000,215.13,213.84,pre
1780563600,213.85,212.6948,pre
1780567200,212.6,212.66,pre
1780570800,212.66,212.35,pre
1780574400,212.37,211.7599,pre
1780578000,211.75,213.9974,pre
1780579800,213.905,213.4899,regular
1780583400,213.46,215.9767,regular
1780587000,215.985,217.6398,regular
1780590600,217.635,218.8501,regular
1780594200,218.86,220.7399,regular
1780597800,220.735,220.22,regular
1780601400,220.23,218.715,regular
1780603200,218.66,217.32,post
1780606800,217.331,217.44,post
1780610400,217.44,216.965,post
1780614000,216.98,216.31,post
1780646400,215.23,216.161,pre
1780650000,216.19,215.7801,pre
1780653600,215.6047,216.2012,pre
1780657200,216.2487,215.8702,pre
1780660800,215.8457,215.2437,pre
1780664400,215.3632,214.5,pre
1780666200,214.43,211.255,regular
1780669800,211.2409,208.71,regular
1780673400,208.7,208.73,regular
1780677000,208.7495,207.745,regular
1780680600,207.695,206.015,regular
1780684200,206.01,206.38,regular
1780687800,206.3899,205.105,regular
1780689600,205.1,205.0,post
1780693200,205.02,205.65,post
1780696800,205.64,205.23,post
1780700400,205.2,204.0378,post
1780905600,207.06,207.82,pre
1780909200,207.8431,207.97,pre
1780912800,208.0,208.6453,pre
1780916400,208.6477,209.76,pre
1780920000,209.72,210.1569,pre
1780923600,210.1585,209.9983,pre
1780925400,210.18,207.825,regular
1780929000,207.835,207.67,regular
1780932600,207.67,208.575,regular
1780936200,208.595,208.61,regular
1780939800,208.59,209.25,regular
1780943400,209.26,207.815,regular
1780947000,207.835,208.61,regular
1780948800,208.64,208.05,post
1780952400,208.01,208.2015,post
1780956000,208.22,207.73,post
1780959600,207.74,207.65,post
1780992000,209.722,210.6,pre
1780995600,210.6,210.2192,pre
1780999200,210.2192,209.832,pre
1781002800,209.85,209.52,pre
1781006400,209.4622,208.9567,pre
1781010000,209.0,210.6767,pre
1781011800,210.615,206.975,regular
1781015400,206.9601,203.4,regular
1781019000,203.42,201.48,regular
1781022600,201.47,203.9,regular
1781026200,203.9,206.4574,regular
1781029800,206.44,205.93,regular
1781033400,205.92,208.19,regular
1781035200,208.19,207.4577,post
1781038800,207.5,206.9,post
1781042400,206.94,206.22,post
1781046000,206.19,206.4273,post
1781078400,205.98,205.3032,pre
1781082000,205.43,204.15,pre
1781085600,204.23,204.01,pre
1781089200,204.04,203.3165,pre
1781092800,203.18,204.0,pre
1781096400,204.06,204.303,pre
1781098200,204.425,206.195,regular
1781101800,206.13,202.725,regular
1781105400,202.725,202.865,regular
1781109000,202.85,202.51,regular
1781112600,202.52,202.26,regular
1781116200,202.26,200.2067,regular
1781119800,200.21,200.34,regular
1781121600,200.42,200.04,post
1781125200,200.048,200.0,post
1781128800,200.08,199.52,post
1781132400,199.5194,199.1992,post
1781164800,202.3,203.1537,pre
1781168400,203.32,203.1,pre
1781172000,203.1357,202.8052,pre
1781175600,202.75,202.16,pre
1781179200,202.0527,202.15,pre
1781182800,202.1,201.57,pre
1781184600,201.395,202.345,regular
1781188200,202.36,200.7,regular
1781191800,200.67,201.33,regular
1781195400,201.315,202.81,regular
1781199000,202.825,202.76,regular
1781202600,202.7899,204.47,regular
1781206200,204.48,204.67,regular
1781208000,204.87,214.971,post
1781211600,205.1747,205.13,post
1781215200,205.12,206.04,post
1781218800,206.0405,205.98,post
1781251200,204.8575,205.6317,pre
1781254800,205.6317,205.9812,pre
1781258400,206.0385,205.5122,pre
1781262000,205.5953,206.2,pre
1781265600,206.205,205.46,pre
1781269200,205.4987,204.844,pre
1781271000,204.73,205.69,regular
1781274600,205.66,206.955,regular
1781278200,206.96,204.999,regular
1781281800,204.97,205.03,regular
1781285400,205.0695,204.92,regular
1781289000,204.93,204.75,regular
1781292600,204.72,205.13,regular
1781294400,205.146,205.3395,post
1781298000,205.3388,205.3297,post
1781301600,205.32,205.2,post
1781305200,205.2,205.4238,post
1781510400,209.98,210.47,pre
1781514000,210.45,209.6861,pre
1781517600,209.6027,209.62,pre
1781521200,209.57,209.39,pre
1781524800,209.38,207.99,pre
1781528400,207.96,208.985,pre
1781530200,208.855,209.395,regular
1781533800,209.4,211.165,regular
1781537400,211.165,212.345,regular
1781541000,212.35,212.53,regular
1781544600,212.52,211.94,regular
1781548200,211.96,211.66,regular
1781551800,211.65,212.46,regular
1781553600,212.45,212.07,post
1781557200,212.09,212.08,post
1781560800,212.04,211.57,post
1781564400,211.5,211.9398,post
1781596800,211.57,211.6,pre
1781600400,211.57,211.199,pre
1781604000,211.162,211.39,pre
1781607600,211.39,212.1869,pre
1781611200,212.1801,211.42,pre
1781614800,211.44,210.86,pre
1781616600,211.115,209.07,regular
1781620200,209.075,209.15,regular
1781623800,209.16,209.285,regular
1781627400,209.29,209.1,regular
1781631000,209.095,209.4501,regular
1781634600,209.4501,208.9301,regular
1781638200,208.93,207.29,regular
1781640000,207.41,207.655,post
1781643600,207.72,207.74,post
1781647200,207.72,207.98,post
1781650800,207.89,207.5492,post
1781683200,208.66,208.5109,pre
1781686800,208.5221,208.44,pre
1781690400,208.44,208.29,pre
1781694000,208.18,207.8357,pre
1781697600,207.81,208.02,pre
1781701200,208.02,208.49,pre
1781703000,208.53,207.8944,regular
1781706600,207.9,206.45,regular
1781710200,206.44,207.43,regular
1781713800,207.425,207.364,regular
1781717400,207.38,205.965,regular
1781721000,205.96,204.72,regular
1781724600,204.71,204.678,regular
1781726400,204.65,205.1294,post
1781730000,205.1299,205.44,post
1781733600,205.44,205.45,post
1781737200,205.4001,206.3,post
1781769600,206.31,206.89,pre
1781773200,206.9,206.94,pre
1781776800,206.99,207.18,pre
1781780400,207.1712,206.9,pre
1781784000,206.9,207.14,pre
1781787600,207.1,207.58,pre
1781789400,207.275,209.1301,regular
1781793000,209.13,208.885,regular
1781796600,208.9,209.985,regular
1781800200,209.985,210.06,regular
1781803800,210.065,210.195,regular
1781807400,210.19,209.855,regular
1781811000,209.85,210.23,regular
1781812800,210.69,210.21,post
1781816400,210.23,210.645,post
1781820000,210.55,210.16,post
1781823600,210.15,210.33,post
1782115200,209.95,209.2994,pre
1782118800,209.29,209.42,pre
1782122400,209.41,209.6067,pre
1782126000,209.56,210.19,pre
1782129600,210.11,210.3,pre
1782133200,210.3,211.44,pre
1782135000,211.445,211.11,regular
1782138600,211.12,209.83,regular
1782142200,209.83,209.765,regular
1782145800,209.76,208.99,regular
1782149400,208.992,208.75,regular
1782153000,208.76,208.01,regular
1782156600,208.0001,208.56,regular
1782158400,208.65,208.095,post
1782162000,208.095,208.0368,post
1782165600,208.035,207.69,post
1782169200,207.69,207.825,post
1782201600,202.6,201.88,pre
1782205200,201.93,202.73,pre
1782208800,202.7449,202.13,pre
1782212400,202.2901,203.1658,pre
1782216000,203.2,203.2006,pre
1782219600,203.25,202.16,pre
1782221400,202.16,203.06,regular
1782225000,203.0928,200.765,regular
1782228600,200.76,202.23,regular
1782232200,202.24,202.51,regular
1782235800,202.5,201.655,regular
1782239400,201.65,201.225,regular
1782243000,201.21,200.021,regular
1782244800,200.03,200.47,post
1782248400,200.4698,201.0,post
1782252000,200.95,200.54,post
1782255600,200.6,200.9,post
1782288000,201.01,201.3785,pre
1782291600,201.3916,201.41,pre
1782295200,201.43,201.51,pre
1782298800,201.51,200.9975,pre
1782302400,200.96,201.4,pre
1782306000,201.4,200.23,pre
1782307800,200.07,199.87,regular
1782311400,199.8799,200.91,regular
1782315000,200.905,200.735,regular
1782318600,200.74,197.96,regular
1782322200,197.979,198.57,regular
1782325800,198.585,197.74,regular
1782329400,197.74,199.09,regular
1782331200,199.0,200.4,post
1782334800,200.3983,200.5,post
1782338400,200.5,199.9,post
1782342000,199.9,200.6875,post
1782374400,200.79,201.6,pre
1782378000,201.6,201.8787,pre
1782381600,201.8312,201.2788,pre
1782385200,201.31,200.59,pre
1782388800,200.6,200.8988,pre
1782392400,200.86,200.03,pre
1782394200,200.08,194.49,regular
1782397800,194.4901,195.17,regular
1782401400,195.18,196.0,regular
1782405000,196.0,195.395,regular
1782408600,195.4,195.76,regular
1782412200,195.77,194.38,regular
1782415800,194.37,195.74,regular
1782417600,195.76,195.32,post
1782421200,195.28,195.51,post
1782424800,195.52,194.7794,post
1782428400,194.78,194.8,post
1782460800,193.92,193.4465,pre
1782464400,193.48,193.04,pre
1782468000,193.0,193.75,pre
1782471600,193.67,193.715,pre
1782475200,193.715,193.42,pre
1782478800,193.4261,193.12,pre
1782480600,193.105,193.72,regular
1782484200,193.734,193.63,regular
1782487800,193.64,194.17,regular
1782491400,194.1699,195.035,regular
1782495000,195.035,194.02,regular
1782498600,194.025,193.95,regular
1782502200,193.98,191.72,regular
1782504000,191.72,192.21,post
1782507600,192.28,192.37,post
1782511200,192.35,192.8991,post
1782514800,192.875,192.79,post
1782720000,194.97,194.947,pre
1782723600,194.8655,194.65,pre
1782727200,194.6332,194.36,pre
1782730800,194.3721,194.465,pre
1782734400,194.49,194.4405,pre
1782738000,194.44,193.85,pre
1782739800,193.785,192.7,regular
1782743400,192.72,194.26,regular
1782747000,194.27,192.835,regular
1782750600,192.84,194.67,regular
1782754200,194.67,193.8,regular
1782757800,193.825,194.71,regular
1782761400,194.71,194.9,regular
1782763200,194.97,194.86,post
1782766800,194.86,194.88,post
1782770400,194.91,195.2326,post
1782774000,195.233,195.12,post
1782806400,195.3132,195.3432,pre
1782810000,195.46,194.8,pre
1782813600,194.8,195.78,pre
1782817200,195.71,196.7599,pre
1782820800,196.76,196.6,pre
1782824400,196.6,197.15,pre
1782826200,197.195,197.7,regular
1782829800,197.72,198.24,regular
1782833400,198.24,197.95,regular
1782837000,197.95,198.21,regular
1782840600,198.21,198.93,regular
1782844200,198.93,199.28,regular
1782847800,199.27,199.77,regular
1782849600,199.76,199.615,post
1782853200,199.67,199.45,post
1782856800,199.4324,199.325,post
1782860400,199.3,199.53,post
1782892800,198.13,198.18,pre
1782896400,198.24,198.44,pre
1782900000,198.4597,198.93,pre
1782903600,198.96,198.87,pre
1782907200,198.89,198.7,pre
1782910800,198.71,196.08,pre
1782912600,196.17,196.2,regular
1782916200,196.205,196.93,regular
1782919800,196.9303,197.062,regular
1782923400,197.08,198.205,regular
1782927000,198.2,198.095,regular
1782930600,198.095,199.3,regular
1782934200,199.3,197.58,regular
1782936000,197.58,197.21,post
1782939600,197.2039,197.73,post
1782943200,197.72,197.8317,post
1782946800,197.8317,197.04,post
1782979200,196.3,195.65,pre
1782982800,195.65,196.09,pre
1782986400,196.09,195.6,pre
1782990000,195.6,196.46,pre
1782993600,196.4609,197.7562,pre
1782997200,197.7304,197.17,pre
1782999000,197.15,197.85,regular
1783002600,197.89,194.7795,regular
1783006200,194.78,193.79,regular
1783009800,193.79,193.05,regular
1783013400,193.045,193.7626,regular
1783017000,193.76,193.105,regular
1783020600,193.115,194.62,regular
1783022400,194.48,194.53,post
1783026000,194.53,194.5591,post
1783029600,194.55,194.66,post
1783033200,194.66,194.3965,post
1783324800,195.03,195.09,pre
1783328400,195.11,195.36,pre
1783332000,195.3599,195.3,pre
1783335600,195.35,195.83,pre
1783339200,195.83,195.16,pre
1783342800,195.17,194.42,pre
1783344600,194.39,196.574,regular
1783348200,196.5899,196.5135,regular
1783351800,196.5,197.0,regular
1783355400,197.0051,195.97,regular
1783359000,195.97,196.27,regular
1783362600,196.27,196.85,regular
1783366200,196.855,195.575,regular
1783368000,195.55,195.25,post
1783371600,195.2842,195.5,post
1783375200,195.5,195.3922,post
1783378800,195.4,194.6983,post
1783411200,193.99,193.9985,pre
1783414800,193.9415,193.98,pre
1783418400,194.0188,193.91,pre
1783422000,193.9,191.08,pre
1783425600,191.0,192.6091,pre
1783429200,192.6017,192.3,pre
1783431000,192.37,191.8601,regular
1783434600,191.87,193.05,regular
1783438200,193.05,197.39,regular
1783441800,197.3895,197.44,regular
1783445400,197.43,197.275,regular
1783449000,197.28,196.145,regular
1783452600,196.15,196.93,regular
1783454400,196.977,196.6,post
1783458000,196.58,195.68,post
1783461600,195.77,195.95,post
1783465200,195.95,195.89,post
1783497600,196.385,194.09,pre
1783501200,194.0,193.3,pre
1783504800,193.18,193.66,pre
1783508400,193.8,193.74,pre
1783512000,193.71,195.03,pre
1783515600,195.03,195.1,pre
1783517400,195.13,197.01,regular
1783521000,197.01,196.59,regular
1783524600,196.55,199.2528,regular
1783528200,199.26,203.08,regular
1783531800,203.09,202.19,regular
1783535400,202.2,204.455,regular
1783539000,204.455,204.15,regular
1783540800,204.12,202.9,post
1783544400,202.93,203.1969,post
1783548000,203.1988,202.9178,post
1783551600,202.88,203.62,post
1783584000,205.12,204.6,pre
1783587600,204.69,204.39,pre
1783591200,204.38,204.69,pre
1783594800,204.61,205.179,pre
1783598400,205.28,205.8305,pre
1783602000,205.775,204.41,pre
1783603800,204.46,200.235,regular
1783607400,200.2485,201.72,regular
1783611000,201.74,202.1763,regular
1783614600,202.19,202.83,regular
1783618200,202.83,203.51,regular
1783621800,203.53,203.79,regular
1783625400,203.78,202.73,regular
1783627200,202.69,202.54,post
1783630800,202.52,202.7487,post
1783634400,202.75,202.3607,post
1783638000,202.395,202.315,post
1783670400,201.22,201.5382,pre
1783674000,201.5363,201.66,pre
1783677600,201.66,201.79,pre
1783681200,201.8662,201.89,pre
1783684800,201.89,201.57,pre
1783688400,201.56,201.98,pre
1783690200,201.92,207.3,regular
1783693800,207.29,208.57,regular
1783697400,208.59,209.79,regular
1783701000,209.795,210.19,regular
1783704600,210.19,210.31,regular
1783708200,210.32,209.9661,regular
1783711800,209.97,210.95,regular
1783713600,210.96,210.6682,post
1783717200,210.5822,210.34,post
1783720800,210.3512,210.612,post
1783724400,210.639,210.57,post
1783929600,207.72,207.1,pre
1783933200,207.02,208.14,pre
1783936800,208.1793,207.35,pre
1783940400,207.35,208.41,pre
1783944000,208.42,207.81,pre
1783947600,207.78,208.61,pre
1783949400,208.54,208.63,regular
1783953000,208.63,207.805,regular
1783956600,207.81,205.92,regular
1783960200,205.92,204.24,regular
1783963800,204.25,203.63,regular
1783967400,203.615,203.83,regular
1783971000,203.85,203.48,regular
1783972800,203.94,203.6571,post
1783976400,203.64,203.62,post
1783980000,203.62,203.45,post
1783983600,203.47,203.25,post
1784016000,204.997,205.3,pre
1784019600,205.2985,204.44,pre
1784023200,204.49,204.54,pre
1784026800,204.54,206.0135,pre
1784030400,206.0109,206.2708,pre
1784034000,206.3,208.2,pre
1784035800,208.2,205.5322,regular
1784039400,205.54,209.1,regular
1784043000,209.12,209.555,regular
1784046600,209.56,211.03,regular
1784050200,211.03,211.7797,regular
1784053800,211.78,211.275,regular
1784057400,211.28,211.8,regular
1784059200,211.771,211.631,post
1784062800,211.63,211.53,post
1784066400,211.56,211.4987,post
1784070000,211.4547,211.8192,post
1784102400,212.1657,210.91,pre
1784106000,210.855,211.1659,pre
1784109600,211.12,210.94,pre
1784113200,210.97,211.43,pre
1784116800,211.4629,211.09,pre
1784120400,211.0,212.0,pre
1784122200,212.01,210.68,regular
1784125800,210.68,209.5,regular
1784129400,209.505,206.86,regular
1784133000,206.855,209.03,regular
1784136600,209.03,210.47,regular
1784140200,210.49,210.9685,regular
1784143800,211.0,212.49,regular
1784145600,212.5,212.07,post
1784149200,212.1,211.82,post
1784152800,211.88,211.67,post
1784156400,211.66,211.2502,post
1784188800,210.92,209.38,pre
1784192400,209.5,210.02,pre
1784196000,210.02,209.5668,pre
1784199600,209.68,209.2,pre
1784203200,209.1202,209.315,pre
1784206800,209.315,210.17,pre
1784208600,210.265,208.9699,regular
1784212200,208.95,207.06,regular
1784215800,207.03,207.22,regular
1784219400,207.23,207.3226,regular
1784223000,207.33,206.89,regular
1784226600,206.88,206.47,regular
1784230200,206.46,207.47,regular
1784232000,207.49,206.87,post
1784235600,206.8712,206.7295,post
1784239200,206.715,206.36,post
1784242800,206.3565,205.965,post
1784275200,201.23,200.595,pre
1784278800,200.65,201.3072,pre
1784282400,201.3,202.33,pre
1784286000,202.31,202.25,pre
1784289600,202.35,201.91,pre
1784293200,201.95,202.9,pre
1784295000,202.4,203.8,regular
1784298600,203.82,203.925,regular
1784302200,203.925,204.835,regular
1784305800,204.825,206.135,regular
1784309400,206.14,203.3958,regular
1784313000,203.36,202.965,regular
1784316600,202.97,202.64,regular
1784318400,202.647,202.76,post
1784322000,202.76,202.675,post
1784325600,202.61,202.7246,post
1784329200,202.7492,202.4887,post
1784534400,203.12,203.89,pre
1784538000,203.86,203.79,pre
1784541600,203.75,204.17,pre
1784545200,204.13,205.1,pre
1784548800,205.06,205.97,pre
1784552400,205.99,206.13,pre
1784554200,206.038,205.935,regular
1784557800,205.9261,206.49,regular
1784561400,206.4605,205.275,regular
1784565000,205.29,203.79,regular
1784568600,203.79,204.31,regular
1784572200,204.3106,202.9599,regular
1784575800,202.95,203.38,regular
1784577600,203.38,202.72,post
1784581200,202.72,202.86,post
1784584800,202.9,202.4,post
1784588400,202.4475,203.0892,post
1784620800,204.59,205.53,pre
1784624400,205.5,205.524,pre
1784628000,205.6662,205.5214,pre
1784631600,205.5,205.38,pre
1784635200,205.361,205.75,pre
1784638800,205.75,207.5,pre
1784640600,207.54,205.39,regular
1784644200,205.37,206.6,regular
1784647800,206.62,205.085,regular
1784651400,205.08,206.125,regular
1784655000,206.125,206.25,regular
1784658600,206.2499,206.77,regular
1784662200,206.79,207.18,regular
1784664000,207.29,206.7,post
1784667600,206.77,206.77,post
1784671200,206.73,206.4,post
1784674800,206.4982,206.35,post
1784707200,205.55,205.2,pre
1784710800,205.2,205.42,pre
1784714400,205.38,205.695,pre
1784718000,205.695,205.1975,pre
1784721600,205.14,205.0,pre
1784725200,204.99,205.77,pre
1784727000,205.805,206.7995,regular
1784730600,206.8,212.2,regular
1784734200,212.225,213.5,regular
1784737800,213.49,213.76,regular
1784741400,213.77,213.74,regular
1784745000,213.73,213.35,regular
1784748600,213.35,212.0599,regular
1784750400,212.0601,212.89,post
1784754000,212.89,211.07,post
1784757600,211.07,211.1166,post
1784761200,211.12,212.04,post
1784793600,210.501,210.898,pre
1784797200,210.8798,211.0762,pre
1784800800,210.97,210.312,pre
1784804400,210.388,210.5,pre
1784808000,210.45,209.65,pre
1784811600,209.62,209.46,pre
1784813400,209.395,208.576,regular
1784817000,208.54,206.38,regular
1784820600,206.345,209.63,regular
1784824200,209.64,210.13,regular
1784827800,210.135,208.57,regular
1784831400,208.5798,207.845,regular
1784835000,207.85,208.7,regular
1784836800,208.78,209.15,post
1784840400,209.1,208.4,post
1784844000,208.43,208.38,post
1784847600,208.4975,207.99,post
1784880000,206.59,207.3271,pre
1784883600,207.39,208.274,pre
1784887200,208.2642,207.9927,pre
1784890800,207.9732,208.24,pre
1784894400,208.25,208.4859,pre
1784898000,208.45,207.45,pre
1784899800,207.56,208.11,regular
1784903400,208.11,209.21,regular
1784907000,209.21,210.77,regular
1784910600,210.775,210.25,regular
1784914200,210.27,207.825,regular
1784917800,207.83,205.6066,regular
1784921400,205.6,206.96,regular
1784923200,206.98,207.03,post
1784926800,207.03,206.905,post
1784930400,206.9005,206.7127,post
1784934000,206.7246,206.7995,post
1785139200,208.7,209.282,pre
1785142800,209.32,209.1877,pre
1785146400,209.13,208.75,pre
1785150000,208.7867,207.88,pre
1785153600,207.89,208.1387,pre
1785157200,208.1387,208.19,pre
1785159000,208.11,198.945,regular
1785162600,198.95,197.065,regular
1785166200,197.075,197.78,regular
1785169800,197.78,195.57,regular
1785173400,195.58,196.705,regular
1785177000,196.695,197.73,regular
1785180600,197.73,196.52,regular
1785182400,196.53,196.94,post
1785186000,196.91,197.01,post
1785189600,197.01,196.36,post
1785193200,196.3887,196.14,post
1785225600,194.2,194.33,pre
1785229200,194.36,194.65,pre
1785232800,194.65,194.6512,pre
1785236400,194.7,194.7999,pre
1785240000,194.75,195.79,pre
1785243600,195.86,195.05,pre
1785245400,194.95,194.09,regular
1785249000,194.09,196.72,regular
1785252600,196.7,197.28,regular
1785256200,197.28,197.7,regular
1785259800,197.6901,196.705,regular
1785263400,196.705,197.89,regular
1785267000,197.91,196.95,regular
1785268800,197.01,197.21,post
1785272400,197.21,196.89,post
1785276000,196.8966,195.53,post
1785279600,195.5001,197.63,post
1785312000,196.13,195.6685,pre
1785315600,195.78,197.33,pre
1785319200,197.27,197.58,pre
1785322800,197.63,197.48,pre
1785326400,197.48,196.37,pre
1785330000,196.43,195.81,pre
1785331800,195.845,191.635,regular
1785335400,191.61,192.375,regular
1785339000,192.375,191.59,regular
1785342600,191.575,192.1695,regular
1785346200,192.1101,193.2,regular
1785349800,193.171,193.37,regular
1785353400,193.38,190.06,regular
1785355200,190.01,189.6912,post
1785358800,189.6529,189.29,post
1785362400,189.28,190.98,post
1785366000,190.98,191.2641,post
1785398400,191.3,191.4304,pre
1785402000,191.45,192.45,pre
1785405600,192.48,192.58,pre
1785409200,192.697,193.3483,pre
1785412800,193.3485,193.64,pre
1785416400,193.5507,193.31,pre
1785418200,193.45,196.81,regular
1785421800,196.81,193.51,regular
1785425400,193.51,193.81,regular
1785429000,193.81,193.62,regular
1785432600,193.62,193.49,regular
1785436200,193.49,194.055,regular
1785439800,194.04,195.15,regular
1785441600,195.04,195.4754,post
1785445200,195.48,195.48,post
1785448800,195.48,196.01,post
1785452400,196.07,196.839,post
1785484800,198.4897,198.7,pre
1785488400,198.68,198.0977,pre
1785492000,198.11,198.0215,pre
1785495600,198.02,197.25,pre
1785499200,197.32,196.99,pre
1785502800,196.9888,198.57,pre
1785504600,198.4405,196.995,regular
1785508200,197.0,195.62,regular
1785511800,195.6,198.02,regular
1785515400,198.045,199.255,regular
1785519000,199.255,198.5501,regular
1785522600,198.595,200.305,regular
1785526200,200.305,200.81,regular
1785528000,200.75,199.49,post
1785531600,199.5294,199.04,post
1785535200,199.05,198.9671,post
1785538800,198.9671,198.9495,post
1785744000,201.99,199.99,pre
1785747600,199.92,200.72,pre
1785751200,200.63,199.95,pre
1785754800,199.96,199.343,pre
1785758400,199.31,198.53,pre
1785762000,198.7582,197.69,pre
1785763800,197.73,205.3901,regular
1785767400,205.39,206.415,regular
1785771000,206.42,207.09,regular
1785774600,207.0868,208.595,regular
1785778200,208.5999,207.71,regular
1785781800,207.7,207.84,regular
1785785400,207.85,206.69,regular
1785787200,206.68,206.6546,post
1785790800,206.67,206.76,post
1785794400,206.7491,206.9934,post
1785798000,206.99,206.8031,post
1785830400,207.76,208.45,pre
1785834000,208.41,208.35,pre
1785837600,208.37,208.5575,pre
1785841200,208.55,209.63,pre
1785844800,209.6062,210.0803,pre
1785848400,210.08,211.44,pre
1785850200,211.49,210.2624,regular
1785853800,210.24,209.9,regular
1785857400,209.9,210.2203,regular
1785861000,210.22,211.46,regular
1785864600,211.4699,212.56,regular
1785868200,212.57,212.49,regular
1785871800,212.485,211.84,regular
1785873600,211.94,213.73,post
1785877200,213.7472,215.1,post
1785880800,215.1003,216.58,post
1785884400,216.4901,216.5,post
1785916800,216.64,216.2267,pre
1785920400,216.15,216.14,pre
1785924000,216.178,215.97,pre
1785927600,215.99,215.5,pre
1785931200,215.43,215.15,pre
1785934800,215.1162,216.85,pre
1785936600,216.86,220.7278,regular
1785940200,220.7,219.11,regular
1785943800,219.099,221.17,regular
1785947400,221.17,221.05,regular
1785951000,221.06,221.7398,regular
1785954600,221.74,221.835,regular
1785958200,221.83,219.2,regular
1785960000,219.22,219.9604,post
1785963600,219.96,219.86,post
1785967200,219.83,220.82,post
1785970800,220.84,220.7423,post
1786003200,220.1187,219.43,pre
1786006800,219.49,218.83,pre
1786010400,218.82,219.8475,pre
1786014000,219.75,220.6083,pre
1786017600,220.6424,221.4331,pre
1786021200,221.4,221.5983,pre
1786023000,221.53,219.815,regular
1786026600,219.8218,218.2041,regular
1786030200,218.21,218.53,regular
1786033800,218.54,218.96,regular
1786037400,218.97,220.41,regular
1786041000,220.415,219.85,regular
1786044600,219.86,218.99,regular
1786046400,218.99,218.9688,post
1786050000,218.95,218.7122,post
1786053600,218.83,219.56,post
1786057200,219.57,219.42,post
1786089600,218.84,219.8,pre
1786093200,219.9,219.99,pre
1786096800,219.95,219.54,pre
1786100400,219.62,220.33,pre
1786104000,220.3475,219.9504,pre
1786107600,219.98,221.52,pre
1786109400,221.585,223.3499,regular
1786113000,223.33,224.2,regular
1786116600,224.21,222.45,regular
1786120200,222.46,221.825,regular
1786123800,221.825,221.945,regular
1786127400,221.96,223.04,regular
1786131000,223.04,223.98,regular
1786132800,223.96,223.6,post
1786136400,223.6183,223.3547,post
1786140000,223.354,223.44,post
1786143600,223.44,223.7619,post
1786348800,224.858,224.99,pre
1786352400,224.98,224.78,pre
1786356000,224.78,224.87,pre
1786359600,224.87,224.62,pre
1786363200,224.6102,223.33,pre
1786366800,223.3299,223.32,pre
1786368600,223.45,220.4001,regular
1786372200,220.4,219.45,regular
1786375800,219.43,218.3401,regular
1786379400,218.36,218.4981,regular
1786383000,218.4899,218.54,regular
1786386600,218.545,219.1488,regular
1786390200,219.15,217.56,regular
1786392000,217.541,219.3412,post
1786395600,219.35,218.959,post
1786399200,218.94,218.64,post
1786402800,218.66,217.99,post
1786435200,218.6085,218.65,pre
1786438800,218.64,219.75,pre
1786442400,219.79,219.89,pre
1786446000,219.89,219.8701,pre
1786449600,219.9132,221.161,pre
1786453200,221.18,222.45,pre
1786455000,222.15,219.575,regular
1786458600,219.59,219.08,regular
1786462200,219.09,218.67,regular
1786465800,218.67,217.2851,regular
1786469400,217.285,216.47,regular
1786473000,216.48,217.855,regular
1786476600,217.86,217.48,regular
1786478400,217.48,217.6012,post
1786482000,217.6487,217.9139,post
1786485600,217.9877,218.2165,post
1786489200,218.229,218.0385,post
1786521600,218.31,218.95,pre
1786525200,218.96,219.61,pre
1786528800,219.5112,220.0052,pre
1786532400,220.0071,219.3,pre
1786536000,219.2822,219.735,pre
1786539600,219.79,220.79,pre
1786541400,221.04,224.4766,regular
1786545000,224.45,223.8399,regular
1786548600,223.85,223.22,regular
1786552200,223.2208,224.1001,regular
1786555800,224.0905,224.12,regular
1786559400,224.12,223.0,regular
1786563000,222.99,224.13,regular
1786564800,224.09,223.4765,post
1786568400,223.41,223.7805,post
1786572000,223.7995,223.55,post
1786575600,223.549,223.7415,post
1786608000,224.43,224.1105,pre
1786611600,224.08,223.5537,pre
1786615200,223.5012,224.3755,pre
1786618800,224.35,223.83,pre
1786622400,223.85,223.639,pre
1786626000,223.6338,225.11,pre
1786627800,225.055,226.03,regular
1786631400,226.035,224.45,regular
1786635000,224.4482,225.29,regular
1786638600,225.3,225.345,regular
1786642200,225.345,225.625,regular
1786645800,225.6285,225.78,regular
1786649400,225.76,225.37,regular
1786651200,225.3,225.36,post
1786654800,225.3828,225.54,post
1786658400,225.5209,225.6434,post
1786662000,225.795,225.4256,post
1786694400,225.05,225.3037,pre
1786698000,225.3078,226.0071,pre
1786701600,226.0,226.045,pre
1786705200,226.09,225.8092,pre
1786708800,225.78,225.7,pre
1786712400,225.7,226.75,pre
1786714200,226.8,225.115,regular
1786717800,225.115,225.548,regular
1786721400,225.54,225.65,regular
1786725000,225.64,225.12,regular
1786728600,225.12,224.72,regular
1786732200,224.7,225.13,regular
1786735800,225.165,225.16,regular
1786737600,225.09,224.9604,post
1786741200,224.9987,224.9614,post
1786744800,224.9614,224.87,post
1786748400,224.88,224.72,post
1786953600,225.79,226.32,pre
1786957200,226.34,226.0275,pre
1786960800,225.95,226.45,pre
1786964400,226.38,226.5423,pre
1786968000,226.54,226.88,pre
1786971600,226.86,226.01,pre
1786973400,226.02,226.6,regular
1786977000,226.6,227.44,regular
1786980600,227.465,227.0304,regular
1786984200,227.0309,225.92,regular
1786987800,225.91,225.53,regular
1786991400,225.5301,225.5,regular
1786995000,225.49,225.05,regular
1786996800,225.01,225.0222,post
1787000400,225.0062,225.06,post
1787004000,225.06,225.08,post
1787007600,225.075,225.15,post
1787040000,222.315,221.04,pre
1787043600,221.07,219.89,pre
1787047200,219.83,220.355,pre
1787050800,220.39,220.62,pre
1787054400,220.61,220.7601,pre
1787058000,220.76,220.31,pre
1787059800,220.45,219.97,regular
1787063400,219.94,219.5397,regular
1787067000,219.53,219.53,regular
1787070600,219.53,220.33,regular
1787074200,220.31,219.935,regular
1787077800,219.93,219.24,regular
1787081400,219.24,219.8,regular
1787083200,219.81,219.62,post
1787086800,219.63,219.4302,post
1787090400,219.49,219.05,post
1787094000,219.03,219.25,post
1787126400,219.4,220.71,pre
1787130000,220.708,220.22,pre
1787133600,220.4,220.45,pre
1787137200,220.47,220.19,pre
1787140800,220.1987,220.19,pre
1787144400,220.23,221.67,pre
1787146200,221.67,218.15,regular
1787149800,218.15,219.27,regular
1787153400,219.255,219.4001,regular
1787157000,219.38,218.9814,regular
1787160600,218.9804,219.16,regular
1787164200,219.16,219.535,regular
1787167800,219.54,217.65,regular
1787169600,217.56,218.0446,post
1787173200,218.06,218.3193,post
1787176800,218.32,218.6,post
1787180400,218.67,218.8244,post
1787212800,219.09,218.34,pre
1787216400,218.48,218.51,pre
1787220000,218.46,218.6159,pre
1787223600,218.6475,218.0457,pre
1787227200,218.04,216.97,pre
1787230800,216.97,218.38,pre
1787232600,218.36,217.5,regular
1787236200,217.5,216.83,regular
1787239800,216.8,216.84,regular
1787243400,216.835,216.295,regular
1787247000,216.3,216.92,regular
1787250600,216.881,217.45,regular
1787254200,217.44,217.05,regular
1787256000,217.01,217.0,post
1787259600,217.02,217.1605,post
1787263200,217.199,217.15,post
1787266800,217.1912,217.05,post
1787299200,217.75,218.0,pre
1787302800,217.96,216.51,pre
1787306400,216.48,217.6,pre
1787310000,217.6,218.219,pre
1787313600,218.22,218.12,pre
1787317200,218.136,218.45,pre
1787319000,218.42,214.6446,regular
1787322600,214.6499,215.83,regular
1787326200,215.82,215.68,regular
1787329800,215.6701,215.08,regular
1787333400,215.085,215.37,regular
1787337000,215.36,214.88,regular
1787340600,214.88,214.75,regular
1787342400,214.76,215.03,post
1787346000,215.04,215.18,post
1787349600,215.179,215.3619,post
1787353200,215.3643,215.38,post
1787558400,215.18,214.87,pre
1787562000,215.0,214.7627,pre
1787565600,214.7828,214.9,pre
1787569200,214.9,214.01,pre
1787572800,214.1,214.7,pre
1787576400,214.7,215.73,pre
1787578200,215.38,209.36,regular
1787581800,209.35,209.87,regular
1787585400,209.855,210.67,regular
1787589000,210.67,209.2723,regular
1787592600,209.28,210.39,regular
1787596200,210.39,209.37,regular
1787599800,209.37,208.46,regular
1787601600,208.49,208.67,post
1787605200,208.66,208.7759,post
1787608800,208.8,208.69,post
1787612400,208.69,208.8,post
1787644800,210.52,210.6817,pre
1787648400,210.7482,210.89,pre
1787652000,210.8974,211.1897,pre
1787655600,211.1973,210.54,pre
1787659200,210.5727,211.27,pre
1787662800,211.29,211.05,pre
1787664600,211.025,211.8199,regular
1787668200,211.8001,211.195,regular
1787671800,211.2,212.2,regular
1787675400,212.22,212.26,regular
1787679000,212.27,212.255,regular
1787682600,212.26,212.035,regular
1787686200,212.03,212.98,regular
1787688000,212.97,213.59,post
1787691600,213.59,213.99,post
1787695200,213.95,214.14,post
1787698800,214.17,213.67,post
1787731200,213.83,213.8167,pre
1787734800,213.6932,213.55,pre
1787738400,213.4922,213.6182,pre
1787742000,213.5515,213.5115,pre
1787745600,213.5115,213.3,pre
1787749200,213.2972,212.4915,pre
1787751000,212.42,210.5026,regular
1787754600,210.4901,211.0827,regular
1787758200,211.0899,210.1799,regular
1787761800,210.175,210.065,regular
1787765400,210.06,210.785,regular
1787769000,210.785,210.89,regular
1787772600,210.895,209.95,regular
1787774400,209.96,210.54,post
1787778000,210.4977,219.02,post
1787781600,219.0012,218.7,post
1787785200,218.6977,219.53,post
1787817600,222.0,225.71,pre
1787821200,225.6,224.7485,pre
1787824800,224.75,223.9572,pre
1787828400,223.93,222.3003,pre
1787832000,222.3002,223.2999,pre
1787835600,223.2959,222.86,pre
1787837400,222.585,225.72,regular
1787841000,225.72,225.45,regular
1787844600,225.45,228.525,regular
1787848200,228.53,229.2495,regular
1787851800,229.24,226.09,regular
1787855400,226.1,227.21,regular
1787859000,227.2,228.05,regular
1787860800,227.91,226.8255,post
1787864400,226.802,225.95,post
1787868000,226.01,226.3,post
1787871600,226.3599,226.149,post
1787904000,226.6,225.43,pre
1787907600,225.43,225.71,pre
1787911200,225.71,226.4673,pre
1787914800,226.4457,227.2685,pre
1787918400,227.2111,227.81,pre
1787922000,227.8243,227.3,pre
1787923800,227.33,225.115,regular
1787927400,225.115,224.0,regular
1787931000,224.0,220.18,regular
1787934600,220.2,218.69,regular
1787938200,218.7,218.395,regular
1787941800,218.395,217.28,regular
1787945400,217.29,217.54,regular
1787947200,217.51,217.7499,post
1787950800,217.7303,217.7805,post
1787954400,217.7809,217.8769,post
1787958000,217.88,217.89,post
1788163200,218.9988,218.73,pre
1788166800,218.73,219.17,pre
1788170400,219.17,219.11,pre
1788174000,219.11,218.962,pre
1788177600,218.95,218.7,pre
1788181200,218.7,218.98,pre
1788183000,218.862,220.07,regular
1788186600,220.07,220.27,regular
1788190200,220.25,220.2254,regular
1788193800,220.2299,219.37,regular
1788197400,219.36,218.97,regular
1788201000,218.95,219.82,regular
1788204600,219.82,220.88,regular
1788206400,220.85,220.66,post
1788210000,220.65,220.53,post
1788213600,220.5298,220.28,post
1788217200,220.271,220.27,post
1788249600,220.205,218.44,pre
1788253200,218.48,217.61,pre
1788256800,217.65,218.31,pre
1788260400,218.3,218.01,pre
1788264000,218.0,217.4773,pre
1788267600,217.45,216.77,pre
1788269400,216.61,217.61,regular
1788273000,217.61,218.8,regular
1788276600,218.8,219.58,regular
1788280200,219.6,218.3597,regular
1788283800,218.345,217.4593,regular
1788287400,217.46,217.59,regular
1788291000,217.6,217.54,regular
1788292800,217.58,218.3371,post
1788296400,217.5107,217.6,post
1788300000,217.6,217.49,post
1788303600,217.48,217.4798,post
1788336000,217.496,217.34,pre
1788339600,217.35,216.6888,pre
1788343200,216.65,216.7032,pre
1788346800,216.7975,216.9688,pre
1788350400,216.92,218.3031,pre
1788354000,218.3,218.86,pre
1788355800,218.785,222.83,regular
1788359400,222.84,226.31,regular
1788363000,226.32,227.04,regular
1788366600,227.0332,225.5072,regular
1788370200,225.5199,224.96,regular
1788373800,224.958,224.4,regular
1788377400,224.414,224.4,regular
1788379200,224.41,224.06,post
1788382800,224.04,225.0199,post
1788386400,224.9,224.9515,post
1788390000,225.01,225.35,post
1788422400,225.46,225.77,pre
1788426000,225.77,225.1955,pre
1788429600,225.02,224.6664,pre
1788433200,224.648,224.4817,pre
1788436800,224.52,225.05,pre
1788440400,225.0299,226.01,pre
1788442200,226.02,227.39,regular
1788445800,227.385,227.815,regular
1788449400,227.83,227.04,regular
1788453000,227.03,227.44,regular
1788456600,227.4401,229.51,regular
1788460200,229.5138,229.538,regular
1788463800,229.55,228.4,regular
1788465600,228.41,228.4972,post
1788469200,228.49,228.9,post
1788472800,228.9177,229.4523,post
1788476400,229.46,229.622,post
1788508800,230.35,230.8769,pre
1788512400,230.89,230.26,pre
1788516000,230.28,232.26,pre
1788519600,232.143,231.1143,pre
1788523200,231.0517,231.7,pre
1788526800,231.7772,231.13,pre
1788528600,231.142,234.7161,regular
1788532200,234.72,231.785,regular
1788535800,231.78,231.155,regular
1788539400,231.15,230.75,regular
1788543000,230.74,230.35,regular
1788546600,230.35,229.87,regular
1788550200,229.87,230.345,regular
1788552000,230.36,230.0,post
1788555600,229.9844,230.081,post
1788559200,230.089,229.9397,post
1788562800,229.94,229.5,post
1788854400,231.0,230.808,pre
1788858000,230.73,230.95,pre
1788861600,230.99,231.7,pre
1788865200,231.6427,231.0201,pre
1788868800,231.08,231.8,pre
1788872400,231.818,233.21,pre
1788874200,233.21,227.9423,regular
1788877800,227.96,226.87,regular
1788881400,226.8716,225.66,regular
1788885000,225.67,225.65,regular
1788888600,225.67,226.08,regular
1788892200,226.08,225.55,regular
1788895800,225.55,225.77,regular
1788897600,225.78,225.75,post
1788901200,225.75,225.61,post
1788904800,225.5776,225.9576,post
1788908400,225.9576,225.31,post
1788940800,225.9918,226.3797,pre
1788944400,226.29,225.82,pre
1788948000,225.8,224.495,pre
1788951600,224.51,224.68,pre
1788955200,224.67,224.48,pre
1788958800,224.44,225.31,pre
1788960600,225.27,224.885,regular
1788964200,224.875,223.5901,regular
1788967800,223.6,223.86,regular
1788971400,223.86,224.27,regular
1788975000,224.27,224.195,regular
1788978600,224.195,224.135,regular
1788982200,224.14,223.7,regular
1788984000,223.77,226.2547,post
1788987600,223.6847,223.57,post
1788991200,223.6,223.5441,post
1788994800,223.54,223.6699,post
1789027200,222.77,223.4172,pre
1789030800,223.4172,223.5467,pre
1789034400,223.5467,223.2742,pre
1789038000,223.2742,222.5975,pre
1789041600,222.5025,221.97,pre
1789045200,222.0462,220.6912,pre
1789047000,220.485,218.23,regular
1789050600,218.23,218.15,regular
1789054200,218.1436,217.75,regular
1789057800,217.75,218.69,regular
1789061400,218.685,218.035,regular
1789065000,218.0301,218.3,regular
1789068600,218.3099,218.38,regular
1789070400,218.4,218.4275,post
1789074000,218.4275,218.7685,post
1789077600,218.7685,218.3985,post
1789081200,218.3985,217.76,post
1789113600,218.15,220.099,pre
1789117200,220.099,220.2992,pre
1789120800,220.2992,220.1995,pre
1789124400,220.1979,219.987,pre
1789128000,219.987,219.7467,pre
1789131600,219.6,221.15,pre
1789133400,221.25,221.6,regular
1789137000,221.59,220.1801,regular
1789140600,220.18,219.16,regular
1789144200,219.16,219.25,regular
1789147800,219.256,219.51,regular
1789151400,219.505,218.41,regular
1789155000,218.42,218.2,regular
1789156800,218.19,218.3987,post
1789160400,218.3987,218.3597,post
1789164000,218.3597,218.2295,post
1789167600,218.23,218.26,post
1789372800,213.94,212.878,pre
1789376400,212.878,211.45,pre
1789380000,211.4982,212.009,pre
1789383600,212.009,213.289,pre
1789387200,213.2987,212.8195,pre
1789390800,212.82,211.33,pre
1789392600,211.08,210.455,regular
1789396200,210.45,211.46,regular
1789399800,211.45,211.79,regular
1789403400,211.77,212.58,regular
1789407000,212.59,212.095,regular
1789410600,212.11,212.105,regular
1789414200,212.1,210.89,regular
1789416000,210.94,212.398,post
1789419600,212.398,212.539,post
1789423200,212.51,212.3877,post
1789426800,212.3877,212.04,post
1789459200,211.81,211.4952,pre
1789462800,211.4952,211.7465,pre
1789466400,211.7465,212.378,pre
1789470000,212.302,212.2792,pre
1789473600,212.2792,212.2882,pre
1789477200,212.2882,213.49,pre
1789479000,213.09,212.7401,regular
1789482600,212.74,212.26,regular
1789486200,212.2511,211.97,regular
1789489800,211.96,211.33,regular
1789493400,211.3399,212.1,regular
1789497000,212.1,212.1364,regular
1789500600,212.11,212.17,regular
1789502400,212.14,212.5995,post
1789506000,212.5995,212.3682,post
1789509600,212.37,212.488,post
1789513200,212.488,212.3705,post
1789545600,213.83,213.636,pre
1789549200,213.636,213.07,pre
1789552800,213.0987,213.2487,pre
1789556400,213.2487,213.2092,pre
1789560000,213.2092,214.2987,pre
1789563600,214.28,214.22,pre
1789565400,214.14,215.02,regular
1789569000,215.04,215.85,regular
1789572600,215.855,215.87,regular
1789576200,215.87,215.44,regular
1789579800,215.45,215.5276,regular
1789583400,215.52,213.35,regular
1789587000,213.335,213.91,regular
1789588800,213.91,214.3895,post
1789592400,214.3895,214.7382,post
1789596000,214.6787,214.9182,post
1789599600,214.9182,215.68,post
1789632000,216.29,216.7587,pre
1789635600,216.7587,217.317,pre
1789639200,217.317,217.1087,pre
1789642800,217.1087,216.7987,pre
1789646400,216.75,218.0975,pre
1789650000,218.05,218.4,pre
1789651800,218.388,219.51,regular
1789655400,219.505,219.23,regular
1789659000,219.2499,218.93,regular
1789662600,218.925,218.895,regular
1789666200,218.9,219.55,regular
1789669800,219.55,219.59,regular
1789673400,219.58,219.4,regular
1789675200,219.36,219.2792,post
1789678800,219.2792,219.4685,post
1789682400,219.42,219.179,post
1789686000,219.179,219.2308,post
1789718400,221.7,221.3585,pre
1789722000,221.3585,220.5922,pre
1789725600,220.6777,220.9375,pre
1789729200,220.82,219.8785,pre
1789732800,219.88,219.1682,pre
1789736400,219.1,219.09,pre
1789738200,219.36,219.52,regular
1789741800,219.5,219.835,regular
1789745400,219.83,219.5396,regular
1789749000,219.54,220.0,regular
1789752600,220.0,219.39,regular
1789756200,219.4,219.48,regular
1789759800,219.48,222.09,regular
1789761600,222.0782,221.9667,post
1789765200,221.9667,222.298,post
1789768800,222.298,222.0792,post
1789771190,222.0992,222.0992,post
